-- phpMyAdmin SQL Dump
-- version 4.0.10.7
-- http://www.phpmyadmin.net
--
-- Host: localhost
-- Generation Time: Jun 09, 2016 at 07:11 AM
-- Server version: 5.5.45-cll-lve
-- PHP Version: 5.4.31

SET SQL_MODE = "NO_AUTO_VALUE_ON_ZERO";
SET time_zone = "+00:00";


/*!40101 SET @OLD_CHARACTER_SET_CLIENT=@@CHARACTER_SET_CLIENT */;
/*!40101 SET @OLD_CHARACTER_SET_RESULTS=@@CHARACTER_SET_RESULTS */;
/*!40101 SET @OLD_COLLATION_CONNECTION=@@COLLATION_CONNECTION */;
/*!40101 SET NAMES utf8 */;

--
-- Database: `ascent_db`
--

-- --------------------------------------------------------

--
-- Table structure for table `employee`
--

CREATE TABLE IF NOT EXISTS `employee` (
  `emp_id` int(11) NOT NULL,
  `emp_name` varchar(100) DEFAULT NULL,
  `emp_region` int(11) DEFAULT NULL,
  `emp_email` varchar(110) DEFAULT NULL,
  PRIMARY KEY (`emp_id`),
  KEY `region_id_idx` (`emp_region`)
) ENGINE=InnoDB DEFAULT CHARSET=latin1;

--
-- Dumping data for table `employee`
--

INSERT INTO `employee` (`emp_id`, `emp_name`, `emp_region`, `emp_email`) VALUES
(35160, 'Arun Antony', 1, 'a.anton@tcs.com'),
(39389, 'Mohammed Riyaz', 1, 'm.mohammedriyaz@tcs.com'),
(46850, 'Vinodkumar VR', 3, 'vinodkumar.vr@tcs.com'),
(53866, 'Biju CD', 4, 'biju.cd@tcs.com'),
(91254, 'pramod paliwak', 12, 'pramod.paliwal@tcs.com'),
(109403, 'Ranjit Kumar Balakrishnan', 5, 'ranjit.balakrishnan@tcs.com'),
(110282, 'anjan', 3, 'nandula.anjaneyulu@tcs.com'),
(110435, 'Arghyadeep Pal', 9, 'arghyadeep.pal@tcs.com'),
(121235, 'Abc', 1, 'abs@tcs.com'),
(121914, 'Pravin Kute', 11, 'pravin.kute@tcs.com'),
(123456, 'Abc Xyz', 2, 'a@tcs.com'),
(139739, 'Smitha Balakrishnan', 1, 'smitha.balakrishnan@tcs.com'),
(144284, 'VS Venkataraman', 4, 'vs.venkataraman@tcs.com'),
(147373, 'usha bharathi', 3, 'usha.bharathi@tcs.com'),
(148884, 'Naseem', 5, 'naseem.mulla@tcs.com'),
(150606, 'Mugdha Deshpande', 12, 'mugdha.deshpande@tcs.com'),
(150923, 'Nitin Nerurkar', 11, 'nitin.nerurkar@tcs.com'),
(151303, 'Ramu P', 2, 'ramu.p@tcs.com'),
(151542, 'Ranjan Kumar Pradhan', 9, 'ranjan.p@tcs.com'),
(157513, 'Sumsn Chandra Goswamu', 9, 'sc.goswami@tcs.com'),
(162986, 'Kingshuk Roy', 9, 'kingshuk.roy@tcs.com'),
(164705, 'Sai Narayana Prasad', 4, 'sainarayana.p@tcs.com'),
(171183, 'aparna nanoti', 11, 'aparna.nanoti@tcs.com'),
(171272, 'AJAY JADHAV', 12, 'ajay.jadhav@tcs.com'),
(171627, 'Mahesh Shrikrishna Bhale', 12, 'mahesh.bhale@tcs.com'),
(172098, 'kaushal', 11, 'kaushal.govil@tcs.com'),
(178598, 'Preeti Bellad', 12, 'preeti.bellad@tcs.com'),
(182479, 'Ezili umakanthan', 4, 'ezili.umakanthan@tcs.com'),
(185621, 'Prajna Chowta', 11, 'prajna.chowta@tcs.com'),
(185775, 'pallavi vulli', 3, 'pallavi.vulli@tcs.com'),
(186020, 'Asaithambi', 4, 's.thambi@tcs.com'),
(187521, 'Kaustubh Pujari', 12, 'kaustubh.pujari@tcs.com'),
(188013, 'Sophia Thangarajan', 4, 'sophia.thangarajan@tcs.com'),
(188398, 'Shoubhik Deb', 9, 'shoubhik.deb@tcs.com'),
(190881, 'Sanket Mohite', 11, 'sanket.mohite@tcs.com'),
(190999, 'Sajeesh Vs', 1, 'Sajeesh.vs@tcs.com'),
(191801, 'Srijita Sur', 9, 'srijita.sur@tcs.com'),
(192004, 'ayan kumar sau', 9, 'ayan.sau@tcs.com'),
(193024, 'Divya Joshi', 12, 'divya.joshi@tcs.com'),
(194735, 'Asupriya Shinde', 12, 'asupriya.s@tcs.com'),
(195431, 'Smita Jadhav', 12, 'smita.jadhav@tcs.com'),
(195716, 'Lokesh Babu th', 4, 'Lokeshbabu.th@tcs.com'),
(197204, 'Apeksha girish shajani', 11, 'apeksha.shajani@tcs.com'),
(197622, 'Ankur Srivastava', 3, 'ankur4.s@tcs.com'),
(198507, 'Rajesh', 3, 'rajesh.peddaboina@tcs.com'),
(199154, 'mari', 4, 'mariyapparajkumar.v@tcs.com'),
(199527, 'Pramila Nilesh Maok', 12, 'pramila.gawas@tcs.com'),
(200289, 'vipul awasthi', 11, 'vipul.awasthi@tcs.com'),
(200390, 'Yogesh Arvind Lokhande', 12, 'yogesh.l@tcs.com'),
(201628, 'Sridevi Mudiganti', 3, 'sridevi.mudiganti@tcs.com'),
(201760, 'Arindam Guha', 9, 'arindam.guha@tcs.com'),
(202600, 'kausik ganguly', 9, 'kausik.g@tcs.com'),
(203025, 'Deepak ms', 5, 'deepak4.m@tcs.com'),
(205789, 'Manoj ponnachath', 4, 'manojpnair.g@tcs.com'),
(205870, 'Hemant Phadke', 12, 'Hemant.phadke@tcs.com'),
(208755, 'Arvinth Selvaraj', 4, 'arvinth.us@tcs.com'),
(209560, 'Dipti Bajpai', 12, 'dipti.bajpai@tcs.com'),
(210033, 'Ullas Ravi ', 2, 'ullas.ravi@tcs.com'),
(219856, 'Ammanni M', 3, 'ammanni.m@tcs.com'),
(220454, 'Amit Joshi', 11, 'amit.cjoshi@tcs.com'),
(221237, 'Kavitha M', 4, 'kavitha1.m@tcs.com'),
(221469, 'Sundar G', 12, 'sundar1.g@tcs.com'),
(221693, 'Jayalakshmi E', 4, 'jayalakshmi.e@tcs.com'),
(221882, 'Nirmala Unnikrishnan', 1, 'nirmala.u@tcs.com'),
(223042, 'Raju Ghosh', 9, 'raju.ghosh@tcs.com'),
(224539, 'Muniza Aftab', 6, 'muniza.aftab@tcs.com'),
(225913, 'Sandeep S', 5, 'sandeep18.s@tcs.com'),
(227702, 'Ganesh Ramdas Gaikwad', 12, 'ganesh.gaikwad@tcs.com'),
(228435, 'Kusuma Adayapalam', 5, 'kusuma.adayapalam@tcs.com'),
(229576, 'R K V Sekhar Babu Sirigudi', 3, 'rkvsekharbabu.sirigudi@tcs.com'),
(229948, 'Palash Goswami', 9, 'palash.goswami@tcs.com'),
(231585, 'ABHILASHA INGLE', 12, 'av.ingle@tcs.com'),
(233484, 'Aniket Shinde', 11, 'aniket.shinde@tcs.com'),
(235444, 'Jacob Thomas', 1, 'jacob.thomas@tcs.com'),
(235467, 'Sreeja Ramachandran', 1, 'sreeja.ramachandran@tcs.com'),
(236425, 'Remya L', 2, 'remya.l@tcs.com'),
(238051, 'Gunmala Sahu', 12, 'gunmala.sahu@tcs.com'),
(238551, 'Roly Bizoara', 3, 'roly.bizoara@tcs.com'),
(238912, 'jitendra tak', 9, 'jitendratak.m@tcs.com'),
(238931, 'Ramalakshmi', 5, 'ramalakshmi2.s@tcs.com'),
(240625, 'Balaji Santhanam', 4, 'balaji.sp@tcs.com'),
(241471, 'Suresha R', 5, 'suresha.r@tcs.com'),
(243217, 'ranjit chandran', 1, 'ranjit.chandran@tcs.com'),
(243785, 'Jithendran', 4, 'jithendran.s@tcs.com'),
(244560, 'R VENKAT SAIRAM', 3, 'sairam.rangineni@tcs.com'),
(245107, 'Vaibhav Meharwal', 12, 'vaibhav.meharwal@tcs.com'),
(245658, 'Saranya k', 4, 'saranya1.k@tcs.com'),
(246076, 'Sayan Roy', 9, 'sayan.r@tcs.com'),
(246585, 'Malarkodi Pichaimuthu', 4, 'Malarkodi.pichaimuthu@tcs.com'),
(247527, 'Bijo Thomas', 2, 'bijo.thomas@tcs.com'),
(247820, 'megha chauhan', 6, 'megha.chauhan@tcs.com'),
(248355, 'Kumar Manju Shiva', 5, 'Kumarmanju.shiva@tcs.com'),
(252337, 'Shrieks Chittella', 9, 'ch.sirisha@tcs.com'),
(254557, 'Sujitha Palani', 4, 'sujitha.palani@tcs.com'),
(259054, 'Manjit Raja Ramadhad', 4, 'manjitraja.r@tcs.com'),
(276197, 'Aditya veluri', 11, 'Aditya.veluri@tcs.com'),
(303551, 'uttam kumar gupta', 6, 'uttam.g@tcs.com'),
(306137, 'Sanu Khan', 2, 'sanu.khan@tcs.com'),
(306464, 'Navya R', 5, 'navya.r@tcs.com'),
(307045, 'Aby Yeldose', 1, 'aby.yeldose@tcs.com'),
(307493, 'Shilpa avula', 3, 'shilpa.avula@tcs.com'),
(308314, 'KiranRaj Manyapura Devaraju', 5, 'kiran.rajmd@tcs.com'),
(308726, 'Umadevi', 6, 'umadevi.n@tcs.com'),
(308787, 'Lakshmi Narayanan', 1, 'lakshmi3.n@tcs.com'),
(311165, 'Parvathy B', 1, 'parvathy.b@tcs.com'),
(311604, 'debasis bose', 9, 'debasis.bose@tcs.com'),
(312556, 'trishna mishra', 1, 'trishna.mishra@tcs.com'),
(312728, 'Diya', 12, 'diya.isac@tcs.com'),
(312828, 'Priyabrata Panda', 10, 'priyabrata.panda@tcs.com'),
(313751, 'padmanaban K S', 4, 'padmanaban.ks@tcs.com'),
(314690, 'Romelus', 4, 'romelus.b@tcs.com'),
(315527, 'Janakiraman', 4, 'janakiraman.a@tcs.com'),
(317614, 'Pon. G. Nithya', 4, 'pong.nithya@tcs.com'),
(318014, 'a sivasudhir', 3, 'a.sivasudhir@tcs.com'),
(318073, 'Sasirekha Sathasivan', 4, 'sasirekha2.s@tcs.com'),
(320803, 'Janardhan Kore', 12, 'janardhan.kore@tcs.com'),
(325438, 'DIPANWITA GHOSH', 9, 'dipanwita.ghosh@tcs.com'),
(327840, 'Kaushik Karmakar', 9, 'kaushik.karmakar@tcs.com'),
(328177, 'Rajesh Chaskar', 11, 'rajesh.chaskar@tcs.com'),
(328971, 'Pankaj Deshpande', 11, 'pankaj1.d@tcs.com'),
(330165, 'Moumita Nandi', 9, 'moumita.n@tcs.com'),
(330602, 'DHARANIPRAGADA vsn murthy', 3, 'dv.murthy@tcs.com'),
(331242, 'Manish Panwar', 5, 'Manishs.panwar@tcs.com'),
(332147, 'Ramyashree HR', 5, 'ramyashree.ramaprasad@tcs.com'),
(332909, 'Monojit Ghosh', 9, 'monojit.ghosh@tcs.com'),
(335722, 'Anand Karkee', 4, 'anand.karkee@tcs.com'),
(336856, 'Atanu Roy', 9, 'atanu1.r@tcs.com'),
(337116, 'Swagato Chakrabarty', 9, 'swagato.chakrabarty@tcs.com'),
(338437, 'maheshbabu pulagam', 5, 'p.maheshbabu@tcs.com'),
(339517, 'A. Ravi', 6, 'a11.r@tcs.com'),
(340137, 'Ruma Dutta', 9, 'ruma.dutta@tcs.com'),
(342075, 'sreya chaudhury', 9, 'sreya.chaudhury@tcs.com'),
(343567, 'Shanmuga Nadhiya M', 4, 'shanmuganadhiya.m@tcs.com'),
(343751, 'Manvendra Pratap Singh', 6, 'manvendra.pratapsingh@tcs.com'),
(343933, 'Arun Kundu', 9, 'arun.kundu@tcs.com'),
(344793, 'Venkatram G', 4, 'venkatram1.g@tcs.com'),
(345026, 'Amardeep Kumar', 9, 'amardeep.kumar@tcs.com'),
(345767, 'Jyoti Jain', 12, 'jyoti.j@tcs.com'),
(346605, 'John Victor Jayakumar', 4, 'johnvictorjayakumar.joseph@tcs.com'),
(347985, 'Arun Swaminathan', 4, 'arunswaminathan.s@tcs.com'),
(349739, 'Priya Mohan', 12, 'priya.mohan@tcs.com'),
(350277, 'Rishik Dutta', 9, 'rishik.dutta@tcs.com'),
(350776, 'Pankaj Kumar Sinha', 9, 'pankajk.sinha@tcs.com'),
(351647, 'Suman Chowdhury', 9, 'suman5.c@tcs.com'),
(351758, 'Sathishkumaran Palanisamy', 4, 'sathishkumaran.p@tcs.com'),
(351860, 'Arun Antony', 1, 'a.anton@tcs.com'),
(352135, 'k yogesh kumar', 4, 'k.yogeshkumar@tcs.com'),
(353112, 'PRIYANKA SINHA', 9, 'priyanka28.s@tcs.com'),
(353176, 'Sayani Ray', 9, 'sayani.ray@tcs.com'),
(353350, 'Arijit Datta', 11, 'Arijit10.d@tcs.com'),
(353745, 'Rahul Agarwal', 9, 'rahul20.a@tcs.com'),
(354574, 'Priyanka Bhalgat', 12, 'priyanka.bhalgat@tcs.com'),
(354584, 'Jagadeesh Kasinathan', 4, 'jagadeesh.kasinathan@tcs.com'),
(355156, 'Mary Margret Diana Vincent', 4, 'm.diana@tcs.com'),
(355788, 'Vuppala Archana', 3, 'v.archana@tcs.com'),
(355870, 'Ananthanarayanan Selvam', 4, 'ananthanarayanan.selvam@tcs.com'),
(357980, 'sonal mahakul', 11, 'sonal.mahakul@tcs.com'),
(359366, 'kishore chavali', 3, 'kishore.chavali@tcs.com'),
(361108, 'madhavi vani', 3, 'madhavi.bvani@tcs.com'),
(362539, 'Rakesh Krishnan G', 4, 'rakeshkrishnan.g@tcs.com'),
(363469, 'RAVI KUMAR PASUMARTHY', 3, 'ravi.pasumarthy@tcs.com'),
(363549, 'Sandeep Choudhury', 9, 'sanderp.choudhury@tcs.com'),
(364730, 'Kishore Veerisetty', 4, 'k.veerisetty@tcs.com'),
(365226, 'Poonam Mohan Nale', 12, 'poonam.nale@tcs.com'),
(367642, 'Srinivas Reddy Katukoori', 3, 'srinivasreddy.k@tcs.com'),
(367760, 'Divya Pathak', 11, 'divya.pathak@tcs.com'),
(369380, 'sarika cherukupalli', 3, 'sarika.cherukupalli@tcs.com'),
(371098, 'N. Chandrashekara', 5, 'chandrashekara.n@tcs.com'),
(371988, 'pankaj gupta', 12, 'pankaj.gupt@tcs.com'),
(373759, 'Mohammed Akbar Hussain ', 3, 'akbar.h@tcs.com'),
(374610, 'Mansoor Ahmed', 4, 'mansoor.a@tcs.com'),
(376742, 'Shailesh kumar', 6, 'shailesh9.k@tcs.com'),
(377090, 'Mohit Sharma', 6, 'mohit23.s@tcs.com'),
(377290, 'Deepak Mohan', 1, 'deepak.mohan@tcs.com'),
(381561, 'Poojarchana Bisoyi', 5, 'poojarchana.bisoyi@tcs.com'),
(382185, 'Srikant Khadke', 12, 'srikant.khadke@tcs.com'),
(382266, 'Monika Miraje', 12, 'monika.miraje@tcs.com'),
(384058, 'Vijay', 5, 'vijaykarthikeyan.t@tcs.com'),
(384979, 'Vijay D Gheji', 12, 'vijay.gheji@tcs.com'),
(385043, 'RAJANI P', 3, 'rajani1.p@tcs.com'),
(385335, 'Ranjit Chindhe', 11, 'ranjit.chindhe@tcs.com'),
(387263, 'gowthami n', 4, 'gowthami.n@tcs.com'),
(388232, 'Tripti Tiwari', 6, 'tripti.tiwari@tcs.com'),
(389886, 'Sudheer Satheesan', 5, 'sudheer.satheesan@tcs.com'),
(393142, 'D Padmanabha Rao', 10, 'dpadmanabha.rao@tcs.com'),
(393519, 'Ramakrishna', 3, 'ramakrishna.kondaparthi@tcs.com'),
(393681, 'Chaitanya Chennavajjula', 3, 'c.chaitanya@tcs.com'),
(395232, 'Sanchaita Sarkae', 9, 'sanchaita.sarkar@tcs.com'),
(395970, 'Gokul Pillai', 12, 'gokulkrishnan.pillai@tcs.com'),
(397295, 'Amit Saxena', 3, 'amit74.s@tcs.com'),
(453460, 'Arockia Anbarasan', 4, 'arockia.anbarasan@tcs.com'),
(454242, 'Varun Kapoor', 9, 'varun15.k@tcs.com'),
(454267, 'Suprotim Chowdhury', 9, 'suprotim.chowdhury@tcs.com'),
(455061, 'Ajaykumar Masireddi', 3, 'ajay.masireddi@tcs.com'),
(455718, 'Naabhi Nandan Jain', 6, 'naabhi.jain@tcs.com'),
(456349, 'Shivaramakrishnan Shivashankar', 4, 'Shivaramakrishnan.s@tcs.com'),
(458074, 'Ramesh', 3, 'vinayakaramesh.g@tcs.com'),
(459207, 'Bikram Behera', 4, 'bikram.behera@tcs.com'),
(460252, 'Ronella laforgue', 4, 'ronella.laforgue@tcs.com'),
(461293, 'R Suresh babu', 4, 'suresh15.b@tcs.com'),
(461588, 'Vaishali Puntambekar', 12, 'vaishali.puntambekar@tcs.com'),
(461697, 'Srinivasa Rao Gundala', 3, 'srinivasarao.gundala@tcs.com'),
(463140, 'Sugapriya A', 4, 'suga.priya@tcs.com'),
(465597, 'Abhishek Bebarta', 9, 'abhishek.bebarta@tcs.com'),
(466634, 'Deepa Dinesh', 1, 'deepa.dinesh@tcs.com'),
(466685, 'Ajithmon Thomas', 4, 'ajithmon.thomas@tcs.com'),
(467832, 'Rajeev Gandhi. T', 4, 'rajeevgandhi.t@tcs.com'),
(468343, 'monisha g nair', 1, 'monisha.n@tcs.com'),
(468505, 'Vinodkumar VR', 3, 'vinodkumar.vr@tcs.com'),
(469088, 'swati sachin thube', 12, 'swati.navale@tcs.com'),
(470328, 'divya jovin', 1, 'divya.jovin@tcs.com'),
(470941, 'Amalu Jose', 1, 'amalu.jose@tcs.com'),
(473869, 'Ujjwal Sharma', 6, 'ujjwal.s@tcs.com'),
(474021, 'Santosh Vasanth', 3, 's.kodidasu@tcs.com'),
(474548, 'Moiz Bagasrawala', 11, 'moiz.bagasrawala@tcs.com'),
(476309, 'Somil Sahu', 11, 'somil.sahu@tcs.com'),
(478096, 'Amar Thakur', 11, 'amar1.t@tcs.com'),
(479690, 'Vandana Advani', 12, 'vandana.advani@tcs.com'),
(481595, 'Sathisk', 4, 'sathish27.k@tcs.com'),
(483098, 'Ganeshkumar S P', 4, 'ganesh.chan@tcs.com'),
(484166, 'Pragya Shrivastava', 1, 'pragya6.s@tcs.com'),
(485539, 'Srinivas Chakravarthy Marisetti', 3, 'srinivaschakravarthy.marisetti@tcs.com'),
(486075, 'Ravi kumar Ojha', 11, 'Ravikumar.ojha@tcs.com'),
(486130, 'Debarshi Auddy', 9, 'debarshi.auddy@tcs.com'),
(488475, 'Anurag', 11, 'anurag.arekar@tcs.com'),
(489445, 'sandeep sharma', 12, 'sandeep.sharma1@tcs.com'),
(490388, 'Orangutan kuppan', 4, 'prabhuraj.kuppan@tcs.com'),
(493261, 'Srinivasareddy Putluri', 3, 'srinivasareddy.putluri@tcs.com'),
(494366, 'Ulaganathan M', 4, 'm.ulaganathan@tcs.com'),
(494568, 'VishnuPreethi', 4, 'vishnupreethi.oc@tcs.com'),
(494801, 'Thirumurugan', 4, 'k.thirumurugan@tcsxyzzyspoonshift1com'),
(495231, 'saikiran devanaboyina', 3, 'saikiran.devanaboyina@tcs.com'),
(495970, 'Suprava Sahoo', 10, 'suprava.sahoo@tcs.com'),
(510097, 'Harpreet Singh', 12, 'harpreet.singh1@tcs.com'),
(510395, 'Raghul C', 4, 'c.raghul@tcs.com'),
(510437, 'Hima', 2, 'h.1@tcs.com'),
(511845, 'Abir Mollick', 9, 'abir.mollick@tcs.com'),
(512043, 'Poly Bhattacharya', 11, 'poly.bhattacharya@tcs.com'),
(512781, 'Sivashankar', 4, 'sivashankar.m1@tcs.com'),
(512817, 'Balakrishnan', 4, 'balakrishnan.sivakumar@tcs.com'),
(514372, 'Ranoji Bolake', 11, 'ranoji.b@tcs.com'),
(514772, 'PhaniKumar MB', 5, 'phanikumar.mb@tcs.com'),
(514944, 'Kiran Prasad', 5, 'kiran.prasad1@tcs.com'),
(515908, 'Subha Vasu', 4, 'v.subha2@tcs.com'),
(516516, 'Sujai jayabalan', 4, 'sujai.jayabalan@tcs.com'),
(517884, 'ramakrishna kattekola', 11, 'ramakrishna.kattekola@tcs.com'),
(518629, 'Sinduja Rajendran', 4, 'sinduja.rajendran@tcs.com'),
(519011, 'Varun Elwadhi', 6, 'varun.elwadhi@tcs.com'),
(520138, 'Arjun S', 4, 'arjun.s1@tcs.com'),
(520448, 'bhanuseshu t', 4, 'bhanuseshu.t@tcs.com'),
(520460, 'Binosha V', 4, 'binosha.v1@tcs.com'),
(520744, 'Sivadasan', 2, 'sivadasan.a@tcs.com'),
(521130, 'Dale Davis', 1, 'dale.davis@tcs.com'),
(521427, 'Amrita Dutta', 9, 'dutta.amrita@tcs.com'),
(521437, 'Vibhu yunjan', 12, 'vibhu.yunjan@tcs.com'),
(524809, 'Sureka Gopinath', 4, 'sureka.gopinath@tcs.com'),
(525319, 'Deepti Ranjan Maharana', 9, 'deepti.maharana@tcs.com'),
(525965, 'Sonu Agarwal', 9, 'agarwal.sonu@tcs.com'),
(526556, 'Shikha Khandelwal', 6, 'khandelwal.shikha@tcs.com'),
(527025, 'Dhanya Rani S', 1, 'dhanya.ranis@tcs.com'),
(527946, 'Ankit Kumar', 9, 'kumar.ankit1@tcs.com'),
(528750, 'Soumyashree Sarangee', 10, 'soumyashree.sarangee@tcs.com'),
(529884, 'Anjana Kamath', 5, 'kamath.anjana@tcs.com'),
(532392, 'Juneie  Joseph', 4, 'juneie.joseph@tcs.com'),
(532858, 'Vinesh Sharma', 6, 'vinesh.sharma@tcs.com'),
(533053, 'Aravind R S', 4, 'aravind.rs@tcs.com'),
(534423, 'Ragurathan S', 4, 'ragurathan.s@tcs.com'),
(535983, 'Shubham Shrivastava', 12, 'shubham.shri@tcs.com'),
(537157, 'deepesh nigam', 12, 'deepesh.nigam@tcs.com'),
(538366, 'BijuCD', 1, 'biju.cd@tcs.com'),
(538760, 'Sangeetha Vasudevan', 4, 'sangeetha.vasudevan@tcs.com'),
(540411, 'Sandeep Shah', 11, 'shah.sandeep@tcs.com'),
(540954, 'Vivek Ramakrishnan', 4, 'vivek.ramakrishnan@tcs.com'),
(541632, 'RESHMI RAVINDRANATHAN', 2, 'reshmi.ravindranathan@tcs.com'),
(543228, 'Sachin Kumar', 6, 'sachin.k3@tcs.com'),
(543733, 'Gauri Shewale', 11, 'gauri.shewale@tcs.com'),
(544329, 'Ateeque Ul Hasan', 12, 'hasan.ateequeulhasan@tcs.com'),
(544442, 'velmurugan', 4, 'velmurugan.mohanam@tcs.com'),
(546410, 'Gourab Sadhukhan', 11, 'sadhukhan.gourab1@tcs.com'),
(547228, 'Kalaivani K', 4, 'kalaivani.k1@tcs.com'),
(547468, 'Somil Nain', 6, 'somil.nain@tcs.com'),
(547900, 'kriti maheshwari', 11, 'kriti.maheshwari@tcs.com'),
(548600, 'Rakesh Sharma', 9, 'sharma.rakesh@tcs.com'),
(550717, 'Boda Savithri', 3, 'b.savithri@tcs.com'),
(553108, 'Shekhar Ambure', 12, 'shekhar.ambure@tcs.com'),
(553775, 'Tarun Mahar', 6, 'tarun.mahar@tcs.com'),
(553845, 'prince j murickan', 1, 'prince.jmurickan@tcs.com'),
(555354, 'Julie thomas', 11, 'thomas.julie@tcs.com'),
(557670, 'Venkatesan P', 4, 'venkatesan.p1@tcs.com'),
(558230, 'Harish VSK Pisapati', 3, 'harish.pisapati@tcs.com'),
(559598, 'Asha Linda', 4, 'asha.linda@tcs.com'),
(559887, 'Vinita Thorwe', 11, 'vinita.thorwe@tcs.com'),
(560416, 'Manu M9han', 1, 'manu.mohan@tcs.com'),
(563160, 'Sushant Redkar', 11, 'sushant.redkar@tcs.com'),
(564299, 'Chintamani Bellad', 11, 'c.bellad@tcs.com'),
(564970, 'pradeepa perumal', 4, 'pradeepa.perumal@tcs.com'),
(566413, 'Yenumala Keshav Anand', 3, 'keshavanand.y@tcs.com'),
(566893, 'Arijit Bhattacharyya', 9, 'arijit.bhattacharyya1@tcs.com'),
(568774, 'Sadanandaravikiran Madupathi', 3, 'sadanandaravikiran.madupathi@tcs.com'),
(569540, 'SNEHA KUMARI', 12, 'sneha.kumari@tcs.com'),
(570807, 'Saravanan Subramani', 4, 'saravanan.subramani1@tcs.com'),
(573359, 'Saikat Das', 9, 'saikat.das1@tcs.com'),
(579656, 'Ganesh K', 3, 'k.ganesh1@tcs.com'),
(581412, 'archana dhamdhere', 1, 'archana.dhamdhere@tcs.com'),
(584173, 'Ramya Jasmine A', 4, 'ramyajasmine.a@tcs.com'),
(587937, 'Rasheeda shameem', 4, 'rasheedashameem.m@tcs.com'),
(588171, 'Divya R', 4, 'divya.r9@tcs.com'),
(591087, 'Prangshu Mitra', 9, 'prangshu.mitra@tcs.com'),
(595109, 'Bhavesh Dabgar', 11, 'bhavesh.dabgar@tcs.com'),
(662644, 'Neha Nandwana', 11, 'neha.nandwana@tcs.com'),
(673454, 'Megha M Urs', 11, 'megham.urs@tcs.com'),
(675668, 'subhadashree patnaik', 10, 'subhadashree.patnaik@tcs.com'),
(676339, 'Prantik Manaschaya', 12, 'prantik.m@tcs.com'),
(681106, 'Priyank Jain', 11, 'jain.priyank2@tcs.com'),
(681890, 'Rohit Gaurav', 9, 'rohit.gaurav@tcs.com'),
(684281, 'Lattika Jagannathan', 4, 'lattika.j@tcs.com'),
(686718, 'haripriya kundhurthi', 3, 'haripriya.kundhurthi@tcs.com'),
(686867, 'Oindrila Mojumder', 9, 'oindrila.mojumder@tcs.com'),
(690180, 'Rajesh Thakur', 12, 'thakur.rajesh@tcs.com'),
(691040, 'Niketa Singh', 11, 'niketa.singh@tcs.com'),
(706041, 'Haritosh Srivastav', 6, 'haritosh.s@tcs.com'),
(708365, 'Karthik Raj', 4, 'karthikraj.b@tcs.com'),
(710909, 'Sanjib kumar roy', 9, 'sanjib.roy@tcs.com'),
(711209, 'Jeyalakshmi A', 4, 'jeyalakshmi.a@tcs.com'),
(718801, 'Gagan Dosar', 12, 'gagan.dosar@tcs.com'),
(726189, 'Mukesh Mani', 4, 'mukesh.mani@tcs.com'),
(728735, 'suman kalyan', 3, 'kalyan.suman@tcs.com'),
(729396, 'Vinod Barge', 12, 'vinod.barge@tcs.com'),
(729854, 'balu praveen datty', 4, 'balupraveen.d@tcs.com'),
(732715, 'sruthi', 1, 'sruthi.sn@tcs.com'),
(738806, 'sonal bachkheti', 3, 'sonal.bachkheti@tcs.com'),
(739639, 'Mayur Mhetre', 12, 'mhetre.mayur@tcs.com'),
(740102, 'Sumit Banernee', 3, 'sumit.kbanerjee@tcs.com'),
(741557, 'Abhilasha Tripathi', 11, 'abhilasha.tripathi@tcs.com'),
(748624, 'Abhishek', 9, 'abhishek.kumar21@tcs.com'),
(750513, 'Suraj Kumar Singh', 12, 'surajkumar.singh@tcs.com'),
(760134, 'Akash Verma', 12, 'akash.verma3@tcs.com'),
(768412, 'Paresh Karde', 12, 'paresh.karde@tcs.com'),
(778913, 'lata cherukumalli', 3, 'lata.cherukumalli@tcs.com'),
(780528, 'Pritesh Nagda', 11, 'pritesh.nagda@tcs.com'),
(781376, 'Shashikant', 11, 'pandey.shashikant@tcs.com'),
(781644, 'GAURAV KUMAR', 1, 'gaurav.kumar6@tcs.com'),
(782889, 'sunil kumar shukla', 5, 'shukla.sunil@tcs.com'),
(791873, 'Harshad Kapley', 12, 'harshad.kapley@tcs.com'),
(793054, 'Raghuveer Singh Raghuwanshi', 12, 'raghuveer.raghuwanshi@tcs.com'),
(793389, 'Raajesh Varma', 5, 'raajesh.varma@tcs.com'),
(796927, 'Pratap Patil', 12, 'pratap.patil1@tcs.com'),
(797714, 'Abhishek Pandey', 6, 'pandey.abhishek5@tcs.com'),
(822156, 'vaibhav anant patil', 11, 'vaibhav.patil2@tcs.com'),
(825348, 'kailas ugale', 12, 'kailas.ugale@tcs.com'),
(836849, 'Hima', 3, 'hima.jose@tcs.com'),
(848625, 'Romil Jatinkumar Shah', 11, 'romil.shah1@tcs.com'),
(848764, 'Sharannya Nair', 11, 'nair.sharannya@tcs.com'),
(852525, 'VISHAL DULLU', 6, 'vishal.dullu@tcs.com'),
(860720, 'Durga Prasad Patro', 10, 'durgaprasad.patro@tcs.com'),
(863849, 'hit', 12, 'hima.jose@tcs.com'),
(865440, 'Krishanu Das', 9, 'krishanu.das1@tcs.com'),
(868889, 'Elina  Patnaik', 5, 'elina.patnaik@tcs.com'),
(869623, 'Ashir v', 1, 'ashir.v@tcs.com'),
(870530, 'Jeereddy Sureshkumar reddy', 3, 'suresh.jeereddy@tcs.com'),
(873713, 'komala kp', 5, 'komala.kp@tcs.com'),
(873755, 'Tarunsinh', 11, 'tarunsinh.c@tcs.com'),
(874133, 'sandeep bolakhe', 12, 'sandeep.bolakhe@tcs.com'),
(874977, 'DINESH SAI RAM GADIGE', 3, 'dinesh.gadige@tcs.com'),
(876953, 'S premkumarsamraj', 4, 'premkumarsamraj.s@tcs.com'),
(882626, 'gurpreet kalra', 9, 'gurpreet.kalra1@tcs.com'),
(890224, 'Vipul Verma', 12, 'Vipul.verma@tcs.com'),
(891111, 'Sherine Paul', 11, 'sherine.paul@tcs.com'),
(893002, 'Ratish kumar s', 3, 'ratish.kumar@tcs.com'),
(893443, 'Ram Kumar Chinni', 3, 'ramkumar.chinni@tcs.com'),
(893457, 'Nabendu Chowdhury', 9, 'Nabendu.chowdhury@tcs.com'),
(907487, 'Ravindra Reddy', 3, 'ravindrareddy.t@tcs.com'),
(909254, 'Naresh Kumar Dhondi', 9, 'naresh.dhondi@tcs.com'),
(910325, 'Dinesh Rupraj', 11, 'dinesh.rupraj@tcs.com'),
(910642, 'Tcs@3579', 1, 'deepak.rawat@tcs.com'),
(911326, 'Lekshmi R', 1, 'lekshmi.r1@tcs.com'),
(915259, 'Sooraj Baby', 1, 'sooraj.b@tcs.com'),
(917345, 'Maulik Patel', 12, 'mauliks.patel@tcs.com'),
(920111, 'Robin Tommy', 2, 'robin.tommy@tcs.com'),
(920121, 'Allwin S', 4, 'allwin.s@tcs.com'),
(922525, 'Poornima Rathinasamy', 4, 'poornima.rathinasamy@tcs.com'),
(922582, 'sureshacharya mamindlapalli', 3, 'sureshacharya.m@tcs.com'),
(924206, 'Sathyender Rajula', 3, 'sathyender.rajula@tcs.com'),
(926096, 'Saravanan Rajkumar', 4, 'saravanan.rajkumar@tcs.com'),
(927136, 'Jaisri', 4, 'jaisri.s3@tcs.com'),
(928224, 'Inder Nagpal', 4, 'inder.nagpal@tcs.com'),
(962118, 'Milind Gour', 2, 'gour.milind@tcs.com'),
(964251, 'Samarth', 1, 'samarth.khatwani@tcs.com'),
(964374, 'Joravar Singh', 1, 'joravar@tcs.com'),
(964546, 'Arun Kumar K', 1, 'aru.4@tcs.com'),
(965109, 'Dhanu Ragavih', 1, 'dhanu.rafavu@tcs.com'),
(965233, 'srivenkata sivavardhan dasari', 2, 'srivenkata.dasari@tcs.com'),
(969855, 'Priscilla Jennifer', 4, 'jenniferj.priscilla@tcs.com'),
(973586, 'Rohit Kumar Rana', 1, 'rk.rana@tcs.com'),
(976457, 'Neethu M S', 1, 'ms.neethu@tcs.com'),
(980169, 'Hwwhwhhshh', 2, 'bsbsb@tcs.com'),
(981717, 'Aditi Trivedi', 11, 'aditi.trivedi@tcs.com'),
(988519, 'Bhaskar Dutta', 12, 'dutta.bhaskar@tcs.com'),
(996558, 'Someone From Where', 1, 'g@tcs.com'),
(998482, 'Purnendu GhoshBiswas', 12, 'purnendu.g@tcs.com'),
(999074, 'Varsha Bajarang Gaiwal', 2, 'varsha.gaiwal@tcs.com'),
(1001036, 'Sanatan Kumar Bouri', 2, 'sanatank.bouri@tcs.com'),
(1001429, 'Abhishek Rajpoot', 6, 'omkar.tarale@tcs.com'),
(1002594, 'Akshay Rajpoot', 2, 'akshay@tcs.com'),
(1004462, 'Sandeep Negu', 12, 'sandeep.negi@tcs.com'),
(1004901, 'Seeja Anupkumar', 11, 'seeja.anupkumar@tcs.com'),
(1007545, 'Vinay Chauhan', 2, 'vijay@tcs.com'),
(1007546, 'Abhishek Rajpoot', 6, 'abhishek.rajpoot@tcs.com'),
(1007547, 'Abhishek Rajpoot', 2, 'abhishek.rajpoot@tcs.com'),
(1007548, 'Abhishek Rajpoot', 2, 'abhishek.rajpoot@tcs.com'),
(1010066, 'Abhishek sahu', 2, '10100@tcs.com'),
(1012746, 'Prateek Agrawal', 1, 'prateek.agrawal6@tcs.com'),
(1013244, 'Kumar Gaurav ', 2, 'kumar.gaurav@tcs.com'),
(1024388, 'Riju Cherukattu Dasappan', 1, 'riju.cd@tcs.com'),
(1030977, 'Lokesh', 2, 'India@tcs.com'),
(1031910, 'anandsingh sengar', 3, 'anandsingh.sengar@tcs.com'),
(1034146, 'Rajesh Pacha', 3, 'raj.pacha@tcs.com'),
(1034764, 'Naveen K', 4, 'naveen28.k@tcs.com'),
(1035301, 'Sridevi Matta', 3, 'sridevi.matta@tcs.com'),
(1037186, 'Pushpal Roy', 6, 'pushpal.roy@tcs.com'),
(1038233, 'Komal Dua', 6, 'komal.dua@tcs.com'),
(1039700, 'Lokeh', 2, 'lokesh@tcs.com'),
(1039701, 'lokesh', 1, 'lokesh@tcs.com'),
(1039703, 'lokesh', 1, 'lokesh@tcs.com'),
(1039704, 'lokesh', 1, 'lokesh@tcs.com'),
(1039711, 'loki', 1, 'Loki@tcs.com'),
(1039777, 'jshaga', 1, 'Jansen@tcs.com'),
(1039790, 'Lokesh', 1, 'lokesh@tcs.com'),
(1043651, 'uday chand teli', 3, 'udaychand.teli@tcs.com'),
(1043972, 'John Cheriyan', 1, 'john.cheriyan@tcs.com'),
(1049700, 'loki', 1, 'Loki@tcs.com'),
(1052250, 'Pragati Rupde', 12, 'pragati.rupde@tcs.com'),
(1059063, 'Deep Thakkar', 3, 'deep.thakkar@tcs.com'),
(1062158, 'Monika Agrawal', 12, 'monika.agrawal2@tcs.com'),
(1062412, 'Taranpreet Singh', 7, 'taranpreet.singh@tcs.com'),
(1064916, 'Pradeep Jerry', 4, 'pradeep.jerry@tcs.com'),
(1068681, 'Murali Krishna', 3, 'murali.mudumby@tcs.com'),
(1075977, 'Pranjal Khera', 12, 'pranjal.khera@tcs.com'),
(1080076, 'sheetal umesh wagle', 12, 'sheetal.wagle@tcs.com'),
(1083637, 'Vidushi Singh', 11, 'vidushi.singh@tcs.com'),
(1088876, 'Sheetal umesh wagle', 12, 'sheetal.wagle@tcs.com'),
(1100350, 'Shantanu Karmakar', 9, 'shantanu.karmakar@tcs.com'),
(1100817, 'Sagarika Upadhyay', 6, 'sagarika.upadhyay1@tcs.com'),
(1101190, 'Kaushik Ganguly', 9, 'ganguly.kaushik@tcs.com'),
(1101517, 'Rimpa Kundu', 9, 'rimpa.k@tcs.com'),
(1101734, 'Santosh Kumar Dash', 9, 'santosh.kdash@tcs.com'),
(1101735, 'Tapash Dutta', 9, 'tapash.dutta@tcs.com'),
(1102179, 'sadhana Patil', 11, 'sadhana.p@tcs.com'),
(1102202, 'Apurba Kumar Mandal', 9, 'ak.mandal@tcs.com'),
(1102343, 'Vinit Ambwani', 11, 'vinit.ambwani@tcs.com'),
(1102925, 'Anirban Das', 9, 'anirban.das4@tcs.com'),
(1103270, 'Vikas Tripathi', 11, 'tripathi.vikas1@tcs.com'),
(1104275, 'Sourav Sengupta', 9, 'sourav.sengupta1@tcs.com'),
(1122562, 'Karthikeyan Rajendran', 4, 'rajendran.karthikeyan@tcs.com'),
(1127374, 'Deebikha Kannan', 4, 'deebikha.k@tcs.com'),
(1196823, 'Kanthi venkat Ivaturi', 3, 'kanthivenkat.ivaturi@tcs.com'),
(1214371, 'Alok Baria', 11, 'alok.baria@tcs.com'),
(1221194, 'priyanka pradeep desai', 12, 'priyanka.desai1@tcs.com'),
(1225849, 'divya sreeletha', 1, 'divya.sreeletha@tcs.com'),
(1238990, 'Ganesh Jadhav', 2, 'ganesh.pjadhav@tcs.com'),
(1239342, 'MOUNEESH REDDY THUMMALAPALLY', 3, 'mouneesh.t@tcs.com'),
(1239715, 'BHAGAVATHULA V S SRIRAMA SARMA', 4, '1239715@tcs.com'),
(1239968, 'LAXMI PRASANNA KOREPU', 3, 'laxmi.korepu@tcs.com'),
(1241645, 'vishal', 2, '1241645@tcs.com'),
(1241970, 'navodita verma', 2, 'navodita.verma@tcs.com'),
(1243544, 'prakhar jinwal', 2, 'prakhar.jinwal@tcs.com'),
(1257554, 'Joshua Daniel Raja G', 2, '1257554@tcs.com'),
(1257876, 'rohan solanki', 2, '1257876@tcs.com'),
(1259742, 'Dharani Manimaran', 4, 'dharani.manimaran@tcs.com'),
(1259804, 'Rema R', 4, 'rema.r2@tcs.com'),
(3300165, 'Moumita Nandy', 9, 'moumita.n@tcs.com'),
(10397033, 'lokesh', 1, 'lokesh@tcs.com'),
(10397111, 'loki', 1, 'Loki@tcs.com');

-- --------------------------------------------------------

--
-- Table structure for table `feed`
--

CREATE TABLE IF NOT EXISTS `feed` (
  `feedid` int(11) NOT NULL AUTO_INCREMENT,
  `scheduleid` text NOT NULL,
  `employeeid` text NOT NULL,
  `knowledge` text NOT NULL,
  `articulation` text NOT NULL,
  `time_management` text NOT NULL,
  `interaction` text NOT NULL,
  `quality_of_course` text NOT NULL,
  `course_objective` text NOT NULL,
  `time` text NOT NULL,
  `toadd` text NOT NULL,
  `toremove` text NOT NULL,
  `willimplement` text NOT NULL,
  PRIMARY KEY (`feedid`)
) ENGINE=InnoDB  DEFAULT CHARSET=latin1 AUTO_INCREMENT=1813 ;

--
-- Dumping data for table `feed`
--

INSERT INTO `feed` (`feedid`, `scheduleid`, `employeeid`, `knowledge`, `articulation`, `time_management`, `interaction`, `quality_of_course`, `course_objective`, `time`, `toadd`, `toremove`, `willimplement`) VALUES
(1, '532', '836849', '4', '3.0', '4.0', '4.0', '3.0', 'yes', 'insufficient', 'fhn', 'tuu', 'g him g'),
(2, '533', '147373', '4', '4.0', '4.0', '4.0', '4.0', 'yes', 'adequate', '  none', '  none', '  self mgmt'),
(3, '543', '110282', '4', '4.0', '4.0', '4.0', '4.0', 'yes', 'adequate', 'no', 'no', 'self management '),
(4, '545', '110282', '4', '4.0', '4.0', '4.0', '3.0', 'yes', 'adequate', 'no', 'no', 'no'),
(5, '564', '238551', '4', '4.0', '4.0', '4.0', '4.0', 'yes', 'adequate', 'xx', 'xx', 'H PMC'),
(6, '568', '238551', '4', '4.0', '4.0', '4.0', '4.0', 'yes', 'adequate', 'it was perfect', 'it was perfect', 'identifying DISC'),
(7, '564', '224539', '3', '4.0', '3.0', '1.0', '2.0', 'yes', 'too long', '-', '-', '-'),
(8, '566', '224539', '3', '4.0', '3.0', '2.0', '2.0', 'yes', 'too long', '-', '-', '-'),
(9, '568', '224539', '2', '3.0', '1.0', '1.0', '2.0', 'no', 'too long', '-', '-', '-'),
(10, '570', '224539', '1', '1.0', '1.0', '1.0', '1.0', 'no', 'too long', '-', '-', '-'),
(11, '571', '224539', '1', '2.0', '1.0', '1.0', '2.0', 'no', 'too long', '-', '-', '-'),
(12, '532', '224539', '3', '2.0', '2.0', '1.0', '0.0', 'yes', 'adequate', '-', '-', '-'),
(13, '533', '224539', '3', '2.0', '4.0', '1.0', '3.0', 'yes', 'adequate', '-', '-', '-'),
(14, '535', '224539', '3', '3.0', '4.0', '1.0', '3.0', 'yes', 'adequate', '-', '-', '-'),
(15, '537', '224539', '3', '4.0', '3.0', '2.0', '2.0', 'yes', 'adequate', '-', '-', '-'),
(16, '538', '224539', '3', '4.0', '3.0', '2.0', '2.0', 'yes', 'adequate', '-', '-', '-'),
(17, '541', '224539', '2', '3.0', '1.0', '2.0', '3.0', 'yes', 'too long', '-', '-', '-'),
(18, '542', '224539', '1', '1.0', '1.0', '1.0', '1.0', 'no', 'insufficient', '-', '-', 'no reflectio took place on day 1'),
(19, '543', '224539', '2', '3.0', '1.0', '1.0', '2.0', 'no', 'adequate', '-', '-', '-'),
(20, '545', '224539', '2', '3.0', '1.0', '2.0', '1.0', 'no', 'adequate', '-', '-', '--'),
(21, '546', '224539', '3', '3.0', '1.0', '1.0', '2.0', 'yes', 'adequate', '-', '-', '-'),
(22, '548', '224539', '3', '3.0', '1.0', '4.0', '2.0', 'yes', 'too long', '-', '-', '-'),
(23, '549', '224539', '3', '3.0', '2.0', '2.0', '0.0', 'yes', 'adequate', '-', '-', '-'),
(24, '554', '224539', '3', '3.0', '3.0', '1.0', '0.0', 'yes', 'adequate', '-', '-', '-'),
(25, '559', '224539', '2', '1.0', '1.0', '1.0', '0.0', 'no', 'too long', '-', '-', '-'),
(26, '562', '224539', '2', '2.0', '2.0', '1.0', '2.0', 'yes', 'too long', '-', '-', '-'),
(27, '564', '311165', '3', '2.0', '3.0', '3.0', '3.0', 'yes', 'adequate', '', '', 'I would like to implement the practise of updating myself on the latest technology/business trends.'),
(28, '568', '311165', '4', '4.0', '4.0', '4.0', '4.0', 'yes', 'adequate', '', '', 'Understanding the team well'),
(29, '570', '311165', '4', '3.0', '3.0', '4.0', '3.0', 'yes', 'insufficient', '', '', 'feedback given by the facilitator regarding the presentation'),
(30, '564', '532858', '4', '4.0', '4.0', '4.0', '4.0', 'yes', 'adequate', '', '', 'Proper Deligation'),
(31, '566', '532858', '4', '4.0', '4.0', '4.0', '4.0', 'yes', 'adequate', '', '', 'all'),
(32, '568', '532858', '4', '4.0', '4.0', '4.0', '4.0', 'yes', 'adequate', '', '', 'Teaming'),
(33, '570', '532858', '4', '4.0', '4.0', '4.0', '4.0', 'yes', 'adequate', '', '', ' all'),
(34, '571', '532858', '4', '4.0', '4.0', '4.0', '4.0', 'yes', 'adequate', '', '', 'all'),
(35, '532', '910642', '3', '3.0', '3.0', '3.0', '3.0', 'yes', 'adequate', 'ok', 'ok', 'ok'),
(36, '533', '910642', '3', '3.0', '3.0', '3.0', '3.0', 'yes', 'adequate', 'ok', 'ok', 'ok'),
(37, '535', '910642', '3', '3.0', '3.0', '3.0', '3.0', 'yes', 'adequate', 'ok', 'ok', 'ok'),
(38, '537', '910642', '3', '3.0', '3.0', '3.0', '3.0', 'yes', 'adequate', 'ok', 'ok', 'ok'),
(39, '538', '910642', '3', '3.0', '3.0', '3.0', '3.0', 'yes', 'adequate', 'ok', 'ok', 'ok'),
(40, '540', '910642', '3', '3.0', '3.0', '3.0', '3.0', 'yes', 'adequate', 'ok', 'ok', 'ok'),
(41, '541', '910642', '3', '3.0', '3.0', '3.0', '3.0', 'yes', 'adequate', 'ok', 'ok', 'ok'),
(42, '542', '910642', '3', '3.0', '3.0', '3.0', '0.0', 'yes', 'adequate', 'ok', 'ok', 'ok'),
(43, '543', '910642', '3', '3.0', '3.0', '3.0', '3.0', 'yes', 'adequate', 'ok', 'ok', 'ok'),
(44, '545', '910642', '3', '3.0', '3.0', '3.0', '3.0', 'yes', 'adequate', 'ok', 'ok', 'ok'),
(45, '546', '910642', '3', '3.0', '3.0', '3.0', '3.0', 'yes', 'adequate', 'ok', 'ok', 'ok'),
(46, '548', '910642', '3', '3.0', '3.0', '3.0', '3.0', 'yes', 'adequate', 'ok', 'ok', 'ok'),
(47, '549', '910642', '3', '3.0', '3.0', '3.0', '3.0', 'yes', 'adequate', 'ok', 'ok', 'ok'),
(48, '551', '910642', '3', '3.0', '3.0', '3.0', '3.0', 'yes', 'adequate', 'ok', 'ok', 'ok'),
(49, '552', '910642', '3', '3.0', '3.0', '3.0', '3.0', 'yes', 'adequate', 'ok', 'ok', 'ok'),
(50, '553', '910642', '3', '3.0', '3.0', '3.0', '0.0', 'yes', 'adequate', 'ok', 'ok', 'ok'),
(51, '554', '910642', '3', '3.0', '3.0', '3.0', '3.0', 'yes', 'adequate', 'ok', 'ok', 'ok'),
(52, '556', '910642', '3', '3.0', '3.0', '3.0', '3.0', 'yes', 'adequate', 'ok', 'ok', 'ok'),
(53, '557', '910642', '3', '3.0', '3.0', '3.0', '3.0', 'yes', 'adequate', 'ok', 'ok', 'ok'),
(54, '559', '910642', '3', '3.0', '3.0', '3.0', '3.0', 'yes', 'adequate', 'ok', 'ok', 'ok'),
(55, '561', '910642', '3', '3.0', '3.0', '3.0', '3.0', 'yes', 'adequate', 'ok', 'ok', 'ok'),
(56, '562', '910642', '3', '3.0', '3.0', '3.0', '3.0', 'yes', 'adequate', 'ok', 'ok', 'ok'),
(57, '563', '910642', '3', '3.0', '0.0', '3.0', '0.0', 'yes', 'adequate', 'ok', 'ok', 'ok'),
(58, '564', '910642', '3', '3.0', '3.0', '3.0', '3.0', 'yes', 'adequate', 'ok', 'ok', 'ok'),
(59, '566', '910642', '3', '3.0', '3.0', '3.0', '3.0', 'yes', 'adequate', 'ok', 'ok', 'ok'),
(60, '568', '910642', '3', '3.0', '3.0', '3.0', '3.0', 'yes', 'adequate', 'ok', 'ok', 'ok'),
(61, '570', '910642', '3', '3.0', '3.0', '3.0', '3.0', 'yes', 'adequate', 'ok', 'ok', 'ok'),
(62, '571', '910642', '3', '3.0', '3.0', '3.0', '0.0', 'yes', 'adequate', 'ok', 'ok', 'ok'),
(63, '532', '553775', '3', '3.0', '3.0', '3.0', '3.0', 'yes', 'adequate', 'More case studies and practical focus,  theory is already their in iON', 'reading the same module', 'Important functions of manager '),
(64, '533', '553775', '3', '3.0', '3.0', '4.0', '3.0', 'yes', 'adequate', 'More practical case studies to group. ', 'Reading slides', 'Thing to do before taking role of manager '),
(65, '535', '553775', '4', '4.0', '3.0', '4.0', '4.0', 'yes', 'adequate', 'Change the names and show a example from practical project ', 'was good', 'Importance of each stakeholder and fittings in right quadrant'),
(66, '543', '732715', '4', '4.0', '4.0', '3.0', '3.0', 'yes', 'adequate', 'na', 'na', 'all the good areas'),
(67, '564', '1024388', '4', '4.0', '4.0', '4.0', '4.0', 'yes', 'adequate', 'include videos of speeches by great leaders', 'nil', 'Trust your team. Become better mentors.'),
(68, '568', '1024388', '4', '4.0', '4.0', '4.0', '4.0', 'yes', 'adequate', 'List of good Teaming up games ', 'Nil', 'Include  fun activities during weekly meetings '),
(69, '570', '1024388', '4', '4.0', '4.0', '4.0', '4.0', 'yes', 'insufficient', 'Example videos of great presentations', 'Nil', 'Thanks Nimmi for giving the feedbacks. will try to improve the body language and tone. '),
(70, '571', '1024388', '4', '4.0', '4.0', '4.0', '4.0', 'yes', 'adequate', 'nil', 'nil', 'nil'),
(71, '554', '1024388', '4', '3.0', '4.0', '4.0', '4.0', 'yes', 'adequate', 'Delegation role plays;  video demos', 'nil', 'Delegate more effectively '),
(72, '556', '1024388', '4', '4.0', '4.0', '4.0', '4.0', 'yes', 'adequate', 'video demos ', 'nil', 'identify and manage risks effectively '),
(73, '557', '1024388', '4', '4.0', '4.0', '4.0', '4.0', 'yes', 'adequate', 'nil', 'nil', 'Change is inevitable; Brand yourself '),
(74, '559', '1024388', '4', '2.0', '3.0', '3.0', '2.0', 'yes', 'insufficient', 'include Real case Examples', 'nil', 'Financial terms'),
(75, '561', '1024388', '4', '4.0', '4.0', '4.0', '4.0', 'yes', 'adequate', 'nil', 'nil', 'better manage risk'),
(76, '562', '1024388', '4', '4.0', '4.0', '4.0', '4.0', 'yes', 'adequate', 'nil', 'nil', 'Ensure Prj deliverables are delivered as per contractual agreements, Scorecard'),
(77, '563', '1024388', '4', '4.0', '4.0', '4.0', '4.0', 'yes', 'adequate', 'nil', 'nil', 'nil'),
(78, '543', '1024388', '4', '4.0', '4.0', '4.0', '4.0', 'yes', 'adequate', 'nil', 'nil', 'Communicate effectively. Body gestures and tone is important '),
(79, '546', '1024388', '4', '4.0', '4.0', '4.0', '4.0', 'yes', 'adequate', 'Real negotiation videos', 'nil', 'Concepts of ZOpa, etc'),
(80, '548', '1024388', '4', '4.0', '4.0', '4.0', '4.0', 'yes', 'adequate', 'Ideas for setting up goals', 'nil', 'appraisal process G&A'),
(81, '551', '1024388', '4', '4.0', '4.0', '4.0', '4.0', 'yes', 'adequate', 'nil', 'nil', 'Important urgent matrix'),
(82, '553', '1024388', '4', '4.0', '4.0', '4.0', '4.0', 'yes', 'adequate', 'nil', 'nil', 'nil'),
(83, '533', '1024388', '4', '4.0', '4.0', '4.0', '4.0', 'yes', 'adequate', 'more interactive; team shuffling', 'nil', 'effective self managemn'),
(84, '535', '1024388', '4', '4.0', '4.0', '4.0', '4.0', 'yes', 'adequate', 'nil', 'nil', 'identify stakeholders, maintain communication plan'),
(85, '537', '1024388', '4', '4.0', '4.0', '4.0', '4.0', 'yes', 'adequate', 'nil', 'nil', 'Get energised'),
(86, '538', '1024388', '4', '4.0', '4.0', '4.0', '4.0', 'yes', 'adequate', 'nil', 'nil', 'self management and awareness'),
(87, '541', '1024388', '4', '4.0', '4.0', '4.0', '4.0', 'yes', 'adequate', 'nil', 'nil', 'DISC analysis '),
(88, '542', '1024388', '4', '4.0', '4.0', '4.0', '4.0', 'yes', 'adequate', 'nil', 'nil', 'Thanks Nimmi'),
(89, '570', '238551', '4', '4.0', '4.0', '4.0', '4.0', 'yes', 'adequate', 'x', 'c', 'xx'),
(90, '532', '532858', '4', '4.0', '4.0', '4.0', '4.0', 'yes', 'adequate', '', '', 'NA'),
(91, '533', '532858', '4', '4.0', '4.0', '4.0', '4.0', 'yes', 'adequate', '', '', 'NA'),
(92, '535', '532858', '4', '4.0', '4.0', '4.0', '4.0', 'yes', 'adequate', '', '', 'all'),
(93, '537', '532858', '4', '4.0', '4.0', '4.0', '4.0', 'yes', 'adequate', '', '', 'all'),
(94, '538', '532858', '4', '4.0', '4.0', '4.0', '4.0', 'yes', 'adequate', '', '', 'all'),
(95, '540', '532858', '4', '4.0', '4.0', '4.0', '4.0', 'yes', 'adequate', '', '', 'all'),
(96, '541', '532858', '4', '4.0', '4.0', '4.0', '4.0', 'yes', 'adequate', '', '', 'all'),
(97, '542', '532858', '4', '4.0', '4.0', '4.0', '4.0', 'yes', 'adequate', '', '', 'NA'),
(98, '543', '532858', '4', '4.0', '4.0', '4.0', '4.0', 'yes', 'adequate', '', '', 'all'),
(99, '545', '532858', '4', '4.0', '4.0', '0.0', '4.0', 'yes', 'adequate', '', '', 'all'),
(100, '546', '532858', '4', '4.0', '4.0', '4.0', '4.0', 'yes', 'adequate', '', '', 'all'),
(101, '548', '532858', '4', '4.0', '4.0', '4.0', '4.0', 'yes', 'adequate', '', '', 'all'),
(102, '549', '532858', '4', '4.0', '4.0', '4.0', '4.0', 'yes', 'adequate', '', '', 'all'),
(103, '551', '532858', '4', '4.0', '4.0', '4.0', '4.0', 'yes', 'adequate', '', '', 'all'),
(104, '552', '532858', '4', '4.0', '4.0', '4.0', '4.0', 'yes', 'adequate', '', '', 'all'),
(105, '553', '532858', '4', '4.0', '4.0', '4.0', '4.0', 'yes', 'adequate', '', '', 'all'),
(106, '4134', '346605', '4', '4.0', '4.0', '4.0', '4.0', 'yes', 'adequate', 'Nothing has such', 'Nothing has such', 'Team Motivation'),
(107, '4135', '318014', '4', '4.0', '4.0', '4.0', '4.0', 'yes', 'adequate', 'I felt exciting concepts are enough', 'Nothing', 'stakeholders priority'),
(108, '4134', '231585', '4', '4.0', '4.0', '4.0', '3.0', 'yes', 'adequate', 'na', 'performance mmgmt basic details... it shld not b a slide show', 'self awareness '),
(109, '4152', '231585', '4', '4.0', '4.0', '4.0', '4.0', 'yes', 'adequate', 'na', 'na', 'disc '),
(110, '4138', '781644', '4', '4.0', '4.0', '4.0', '4.0', 'yes', 'adequate', 'Practical things, Group discussion', 'Nothind', 'Communication Model Concepts in my team.'),
(111, '4138', '493261', '3', '3.0', '3.0', '3.0', '3.0', 'yes', 'adequate', 'NA', 'NA', 'NA'),
(112, '4139', '493261', '3', '3.0', '3.0', '3.0', '4.0', 'yes', 'adequate', 'NA', 'NA', 'NA'),
(113, '4140', '493261', '3', '3.0', '3.0', '3.0', '4.0', 'yes', 'adequate', 'NA', 'NA', 'NA'),
(114, '4141', '493261', '4', '4.0', '4.0', '4.0', '4.0', 'yes', 'adequate', 'NA', 'NA', 'NA'),
(115, '4153', '493261', '4', '4.0', '4.0', '4.0', '4.0', 'yes', 'adequate', 'NA', 'NA', 'NA'),
(116, '4154', '493261', '4', '4.0', '4.0', '4.0', '4.0', 'yes', 'adequate', 'NA', 'NA', 'negitiation skills'),
(117, '4155', '493261', '4', '4.0', '4.0', '4.0', '4.0', 'yes', 'adequate', 'NA', 'NA', 'performance management'),
(118, '4156', '493261', '4', '4.0', '4.0', '4.0', '4.0', 'yes', 'adequate', 'NA', 'NA', 'Types and methods of delegation'),
(119, '4134', '493261', '4', '4.0', '4.0', '4.0', '4.0', 'yes', 'adequate', 'NA', 'NA', 'augmentation skills'),
(120, '4137', '493261', '4', '4.0', '4.0', '4.0', '4.0', 'yes', 'adequate', 'NA', 'NA', 'self management skills'),
(121, '4135', '493261', '4', '4.0', '4.0', '4.0', '4.0', 'yes', 'adequate', 'NA', 'NA', 'stakeholder management skills'),
(122, '4136', '493261', '4', '4.0', '4.0', '4.0', '4.0', 'yes', 'adequate', 'NA', 'NA', 'stakeholder management skills'),
(123, '4149', '493261', '4', '4.0', '4.0', '4.0', '4.0', 'yes', 'adequate', 'NA', 'NA', 'about the course agenda'),
(124, '4150', '493261', '4', '4.0', '4.0', '4.0', '4.0', 'yes', 'adequate', 'NA', 'NA', 'stakeholder management skills, planning, organizing,elements of project'),
(125, '4151', '493261', '4', '4.0', '4.0', '4.0', '4.0', 'yes', 'adequate', 'NA', 'NA', 'stakeholder management skills'),
(126, '4152', '493261', '4', '4.0', '4.0', '4.0', '4.0', 'yes', 'adequate', 'NA', 'NA', 'self management skills'),
(127, '4138', '328971', '4', '4.0', '4.0', '4.0', '4.0', 'yes', 'adequate', 'some role play can be added in communication too', 'nothing', 'disc '),
(128, '4139', '328971', '3', '3.0', '3.0', '3.0', '3.0', 'yes', 'insufficient', 'stories can be added to make more interesting', 'too many role play', 'Everything'),
(129, '4138', '121914', '4', '4.0', '4.0', '4.0', '4.0', 'yes', 'adequate', '', '', 'improve my communication skills with clearing '),
(130, '4139', '121914', '4', '4.0', '4.0', '4.0', '4.0', 'yes', 'adequate', '', '', 'improve negotiations skill with considerations from buyer & seller prospective '),
(131, '4142', '1043651', '4', '4.0', '4.0', '4.0', '4.0', 'yes', 'adequate', 'NA', 'No concepts to be dropped', 'coveys quadrant mrthod of classifying tasks'),
(132, '4143', '1043651', '4', '4.0', '4.0', '4.0', '4.0', 'yes', 'adequate', 'na', 'na', 'maintaining risk register'),
(133, '4144', '1043651', '4', '4.0', '3.0', '3.0', '0.0', 'yes', 'insufficient', 'na', 'na', 'importance of finacial statements '),
(134, '4138', '1043651', '4', '4.0', '4.0', '4.0', '4.0', 'yes', 'adequate', 'na', 'na', 'disc n taking feedback always..'),
(135, '4139', '1043651', '3', '3.0', '4.0', '4.0', '4.0', 'yes', 'adequate', 'na', 'na', 'na'),
(136, '4141', '1043651', '3', '3.0', '3.0', '4.0', '4.0', 'yes', 'adequate', 'na', 'na', 'na'),
(137, '4155', '1043651', '3', '3.0', '3.0', '3.0', '1.0', 'yes', 'adequate', 'na', 'the presentation diagrams shall be very clear', 'na'),
(138, '4134', '1043651', '4', '4.0', '4.0', '4.0', '0.0', 'yes', 'adequate', 'day wise agenda or sub topics which will be coveted', 'na', 'na'),
(139, '4135', '1043651', '4', '4.0', '4.0', '4.0', '3.0', 'yes', 'adequate', 'na', 'na', 'stakeholder mappings'),
(140, '4137', '1043651', '4', '4.0', '4.0', '4.0', '4.0', 'yes', 'adequate', 'na', 'na', 'disc '),
(141, '4136', '1043651', '4', '4.0', '4.0', '4.0', '4.0', 'yes', 'adequate', 'na', 'na', 'stakeholder mappinh'),
(142, '4152', '312828', '4', '4.0', '4.0', '4.0', '4.0', 'yes', 'adequate', 'yoga and meditation', 'none', 'pqa'),
(143, '4142', '312828', '4', '4.0', '4.0', '4.0', '4.0', 'yes', 'adequate', 'additional resource of card board on role play as like real world', 'none', 'steps involved before execution of task'),
(144, '4134', '550717', '4', '4.0', '4.0', '4.0', '4.0', 'yes', 'adequate', '', '', 'Effective project management and leading team'),
(145, '4143', '312828', '4', '4.0', '4.0', '4.0', '3.0', 'yes', 'adequate', 'adding some more real examples', 'some slides can be dropped', 'risk assessment & manage'),
(146, '4147', '550717', '4', '4.0', '4.0', '4.0', '4.0', 'yes', 'adequate', '', '', 'effective team building'),
(147, '4148', '550717', '4', '4.0', '4.0', '4.0', '4.0', 'yes', 'adequate', '', '', 'Effective presentwtion with detailed approach'),
(148, '4161', '550717', '4', '4.0', '4.0', '4.0', '4.0', 'yes', 'adequate', '', '', 'good team building'),
(149, '4162', '550717', '4', '4.0', '4.0', '4.0', '4.0', 'yes', 'adequate', '', '', 'Effective presentation'),
(150, '4144', '312828', '4', '4.0', '4.0', '4.0', '4.0', 'yes', 'adequate', 'more on process part will help on tcs. role play can be added as well', 'none', 'balance sheet, when cash in flow called revenue realisation'),
(151, '4138', '550717', '4', '4.0', '4.0', '4.0', '4.0', 'yes', 'adequate', '', '', 'Effective way of communication'),
(152, '4139', '550717', '4', '4.0', '4.0', '4.0', '4.0', 'yes', 'adequate', '', '', 'Effective way of negotiation'),
(153, '4157', '312828', '4', '4.0', '4.0', '4.0', '4.0', 'yes', 'adequate', 'some more on organisation plan instead of team plan only. ', 'none', 'the key process on planning to make work successful '),
(154, '4158', '312828', '4', '4.0', '4.0', '4.0', '4.0', 'yes', 'adequate', 'what is risk, issue, incident, fault, & on part of project they appear', 'none', 'in real life also can be used for better future preparation'),
(155, '4159', '312828', '4', '4.0', '4.0', '4.0', '4.0', 'yes', 'adequate', 'debt , equity, mudcap small cap', 'none', 'balance sheet'),
(156, '4134', '312828', '4', '4.0', '4.0', '4.0', '4.0', 'yes', 'adequate', 'setting up expectations. some on future career  ', 'none', 'career plan'),
(157, '4163', '335722', '3', '3.0', '3.0', '3.0', '3.0', 'yes', 'adequate', 'Na', 'Na', 'Na'),
(158, '4162', '335722', '3', '3.0', '3.0', '3.0', '3.0', 'yes', 'adequate', 'Ok', 'Ok', 'Ok'),
(159, '4134', '335722', '4', '4.0', '4.0', '4.0', '4.0', 'yes', 'adequate', 'Excellent ', 'No.issues', 'Na'),
(160, '4135', '335722', '4', '4.0', '4.0', '4.0', '4.0', 'yes', 'adequate', 'Ok', 'Ok', 'Na'),
(161, '4142', '318014', '4', '4.0', '4.0', '4.0', '4.0', 'yes', 'adequate', 'nothing', 'Nothing', 'role play was very good... Now onwards, what ever task given to me, Would like to plan effectively and work accordingly with help of other associates'),
(162, '4146', '796927', '3', '3.0', '3.0', '3.0', '3.0', 'yes', 'adequate', 'nothing ', 'nothing ', 'nothing '),
(163, '4147', '796927', '3', '3.0', '3.0', '3.0', '3.0', 'yes', 'adequate', 'Nothing ', 'Nothing ', 'Nothing '),
(164, '4148', '796927', '3', '3.0', '3.0', '4.0', '3.0', 'yes', 'adequate', 'Nothing ', 'Nothing ', 'Nothing '),
(165, '4161', '796927', '3', '3.0', '3.0', '3.0', '3.0', 'yes', 'adequate', 'Nothing ', 'Nothing ', 'Nothing '),
(166, '4162', '796927', '3', '3.0', '3.0', '3.0', '3.0', 'yes', 'adequate', 'Nothing ', 'Nothing ', 'Nothing '),
(167, '4163', '796927', '4', '4.0', '4.0', '4.0', '3.0', 'yes', 'adequate', 'Nothing ', 'Nothing ', 'Nothing '),
(168, '4142', '796927', '3', '3.0', '3.0', '3.0', '3.0', 'yes', 'adequate', 'Nothing ', 'Nothing ', 'Nothing '),
(169, '4143', '796927', '3', '3.0', '3.0', '3.0', '3.0', 'yes', 'adequate', 'Nothing ', 'Nothing ', 'Nothing '),
(170, '4144', '796927', '4', '3.0', '3.0', '3.0', '4.0', 'yes', 'adequate', 'Nothing ', 'Nothing ', 'Nothing '),
(171, '4145', '796927', '3', '3.0', '3.0', '3.0', '3.0', 'yes', 'adequate', 'Nothing ', 'Nothing ', 'Nothing '),
(172, '4157', '796927', '3', '3.0', '3.0', '3.0', '3.0', 'yes', 'adequate', 'Nothing ', 'Nothing ', 'Nothing '),
(173, '4158', '796927', '3', '3.0', '3.0', '3.0', '3.0', 'yes', 'adequate', 'Nothing ', 'Nothing ', 'Nothing '),
(174, '4159', '796927', '3', '3.0', '3.0', '4.0', '4.0', 'yes', 'adequate', 'Nothing ', 'Nothing ', 'Nothing '),
(175, '4160', '796927', '3', '3.0', '3.0', '3.0', '3.0', 'yes', 'adequate', 'Nothing ', 'Nothing ', 'Nothing '),
(176, '4138', '796927', '4', '4.0', '4.0', '4.0', '4.0', 'yes', 'adequate', 'Nothing ', 'Nothing ', 'Nothing '),
(177, '4140', '796927', '3', '3.0', '3.0', '3.0', '3.0', 'yes', 'adequate', 'Nothing ', 'Nothing ', 'Nothing '),
(178, '4141', '796927', '3', '3.0', '3.0', '3.0', '3.0', 'yes', 'adequate', 'Nothing ', 'Nothing ', 'Nothing '),
(179, '4153', '796927', '4', '4.0', '4.0', '4.0', '4.0', 'yes', 'adequate', 'Nothing ', 'Nothing ', 'Nothing '),
(180, '4156', '796927', '3', '3.0', '3.0', '3.0', '3.0', 'yes', 'adequate', 'Nothing ', 'Nothing ', 'Nothing '),
(181, '4134', '796927', '3', '3.0', '3.0', '3.0', '3.0', 'yes', 'adequate', 'Nothing ', 'Nothing ', 'Nothing '),
(182, '4135', '796927', '3', '3.0', '3.0', '3.0', '3.0', 'yes', 'adequate', 'Nothing ', 'Nothing ', 'Nothing '),
(183, '4136', '796927', '3', '3.0', '3.0', '3.0', '3.0', 'yes', 'adequate', 'Nothing ', 'Nothing ', 'Nothing '),
(184, '4137', '796927', '3', '3.0', '3.0', '3.0', '3.0', 'yes', 'adequate', 'Nothing ', 'Nothing ', 'Nothing '),
(185, '4149', '796927', '3', '3.0', '3.0', '3.0', '3.0', 'yes', 'adequate', 'Nothing ', 'Nothing ', 'Nothing '),
(186, '4150', '796927', '3', '3.0', '3.0', '3.0', '3.0', 'yes', 'adequate', 'Nothing ', 'Nothing ', 'Nothing '),
(187, '4151', '796927', '3', '3.0', '3.0', '3.0', '3.0', 'yes', 'adequate', 'Nothing ', 'Nothing ', 'Nothing '),
(188, '4152', '796927', '3', '3.0', '3.0', '4.0', '4.0', 'yes', 'adequate', 'Nothing ', 'Nothing ', 'Nothing '),
(189, '4146', '528750', '4', '4.0', '4.0', '4.0', '4.0', 'yes', 'adequate', 'How to Interact with global Client is the one thing that can be added .', 'All the concepts available are necessary .', 'Team Management  and Assertive Behavior while communicating .'),
(190, '4147', '528750', '4', '4.0', '4.0', '4.0', '4.0', 'yes', 'adequate', '', '', 'How to influence the team in a positive manner .'),
(191, '4148', '528750', '4', '4.0', '4.0', '4.0', '4.0', 'yes', 'adequate', '', '', 'Effective Communication'),
(192, '4146', '367642', '4', '4.0', '4.0', '4.0', '4.0', 'yes', 'adequate', 'na', 'na', 'all'),
(193, '4147', '367642', '4', '4.0', '4.0', '4.0', '4.0', 'yes', 'adequate', 'na', 'na', 'all'),
(194, '4144', '367642', '4', '4.0', '4.0', '4.0', '4.0', 'yes', 'insufficient', 'na', 'na', 'all'),
(195, '4134', '1059063', '4', '4.0', '4.0', '4.0', '4.0', 'yes', 'adequate', 'course content looks to be sufficient', 'course content looks to be sufficient', 'Self management'),
(196, '4135', '1059063', '4', '4.0', '4.0', '4.0', '4.0', 'yes', 'adequate', 'course content looks to be sufficient', 'course content looks to be sufficient', 'stack holder management'),
(197, '4146', '468505', '4', '4.0', '4.0', '4.0', '3.0', 'yes', 'adequate', '', 'Dint felt anything of that sort', 'How to lead from front, Taking the responsibility of failures or escalations and making team as credible for the success'),
(198, '4163', '926096', '4', '4.0', '4.0', '4.0', '4.0', 'yes', 'adequate', '', '', 'Plan ahead of any presentation that I need to give time to think in all aspects begore starting to prepare for any presentation'),
(199, '4162', '926096', '4', '4.0', '4.0', '4.0', '4.0', 'yes', 'adequate', '', '', 'Learnt hove colapse a team and now i can do the reverse. a classical approach to sucess'),
(200, '4161', '926096', '4', '4.0', '4.0', '4.0', '4.0', 'yes', 'adequate', '', '', 'End of the day i am going back with all the concepts discussed in the sessions and finally got road for when and how to implement it.'),
(201, '4157', '926096', '4', '4.0', '4.0', '4.0', '4.0', 'yes', 'adequate', '', '', 'Even it is a vast topic , I got to each all the concepts in a short span of time. My team will be sure benefited where ever i am.'),
(202, '4158', '926096', '4', '4.0', '4.0', '4.0', '4.0', 'yes', 'adequate', 'Video clips could help in this for both sucess an failure cases', '', 'Thanks for reminding me to upadte the risk regiater regularly by delegating unimportant task to others'),
(203, '4159', '926096', '4', '4.0', '4.0', '4.0', '4.0', 'yes', 'adequate', 'Two scope split could be added. org level and project level seperately.', '', 'How to percive company performance with the different prespective'),
(204, '4153', '926096', '4', '4.0', '4.0', '4.0', '4.0', 'yes', 'adequate', 'How communicate your superior incase of a manager could be added', '', 'Need to use proper approach to appropriate people to get result.'),
(205, '4154', '926096', '4', '4.0', '4.0', '4.0', '4.0', 'yes', 'adequate', '', '', 'A very helpful session. I was thinking I am not good at negotiations. But it changed my mind. Thanks !'),
(206, '4156', '926096', '4', '4.0', '4.0', '4.0', '4.0', 'yes', 'adequate', 'A delegation of work to a senior person could be added', '', 'Now able relate how I was doing and to finetune with the important and urgent basis'),
(207, '4149', '926096', '4', '4.0', '4.0', '4.0', '4.0', 'yes', 'adequate', '', '', 'Createf a friendly environment'),
(208, '4150', '926096', '4', '4.0', '4.0', '4.0', '4.0', 'yes', 'adequate', 'More the vedios are self explanatory. Try adding more.', '', 'Impressed in the way of getting the reaching the cintents to us. I will try to follow this kind of speech delivering in my role.'),
(209, '4151', '926096', '4', '4.0', '4.0', '4.0', '4.0', 'yes', 'adequate', '', '', 'Thanks for reminding team member and my family are stakeholders.'),
(210, '4152', '926096', '4', '4.0', '4.0', '4.0', '4.0', 'yes', 'adequate', '', '', 'Let me realise myself before trying to persciving others.'),
(211, '4136', '521437', '4', '4.0', '4.0', '4.0', '4.0', 'yes', 'adequate', 'nothing', 'nothing', 'The Stakeholder quadrent'),
(212, '4137', '521437', '4', '4.0', '4.0', '4.0', '4.0', 'yes', 'adequate', 'Nothing', 'Nothing', '20 20 20 and 3Ds'),
(213, '4147', '328971', '4', '4.0', '4.0', '4.0', '4.0', 'yes', 'adequate', 'more activities,stories', '', 'how to make your team to work for desired goal'),
(214, '4146', '328971', '4', '4.0', '4.0', '4.0', '4.0', 'yes', 'adequate', 'more .Leadership videos ', 'nothing ', 'Leadership is the driving the change '),
(215, '4144', '328971', '3', '3.0', '3.0', '3.0', '3.0', 'yes', 'insufficient', 'more about billing and compliance in finanace', 'Nothing', 'how to do budgeting in project'),
(216, '4145', '328971', '3', '3.0', '3.0', '3.0', '3.0', 'yes', 'adequate', 'team activity', 'nothing', 'increase associate satisfaction'),
(217, '4144', '276197', '4', '4.0', '4.0', '3.0', '3.0', 'yes', 'insufficient', 'what finance means to FTM', 'none', 'understanding of billing'),
(218, '4137', '185621', '4', '4.0', '4.0', '4.0', '3.0', 'yes', 'adequate', '', '', '1. PSI is important for good ASI and CSI   2. Empathy and EQ are crucial as we play the role of a leader  3. To lead and not just manage'),
(219, '4134', '185621', '4', '4.0', '4.0', '4.0', '4.0', 'yes', 'adequate', '', '', 'this training has had a profound impact on me. though i was aware of most of theconcepts, going through all of it in an integrated manner along with collaborating inputs from across major locations has been the most efective method of teachjng. hearrfelt thanks to the great team which has brought together such a beautiful course.'),
(220, '4135', '185621', '4', '4.0', '4.0', '4.0', '3.0', 'yes', 'adequate', '', '', 'identifying types of stakeholders and the degree of importance to be given'),
(221, '4136', '185621', '4', '4.0', '4.0', '4.0', '4.0', 'yes', 'adequate', '', '', 'all aspects of stakeholder management covered in the training'),
(222, '4150', '150606', '4', '4.0', '4.0', '4.0', '4.0', 'yes', 'adequate', '-', '-', 'all the learning'),
(223, '4134', '1083637', '3', '3.0', '3.0', '3.0', '3.0', 'yes', 'adequate', 'NA', 'NA', 'Leadership skills'),
(224, '4135', '1083637', '3', '3.0', '3.0', '3.0', '3.0', 'yes', 'adequate', 'NA', 'NA', 'NA'),
(225, '4136', '1083637', '3', '3.0', '3.0', '3.0', '3.0', 'yes', 'adequate', 'NA', 'NA', 'NA'),
(226, '4137', '1083637', '4', '4.0', '4.0', '4.0', '4.0', 'yes', 'adequate', 'I feel was a fully equipped course.', 'NA', 'EQ importance'),
(227, '4138', '1083637', '4', '4.0', '4.0', '4.0', '4.0', 'yes', 'adequate', 'NA', 'NA', 'power of good communication skills'),
(228, '4139', '1083637', '3', '3.0', '4.0', '3.0', '3.0', 'yes', 'adequate', 'NA', 'NA', 'good negotiation skills'),
(229, '4141', '1083637', '3', '3.0', '4.0', '3.0', '3.0', 'yes', 'adequate', 'NA', 'NA', 'delegation of tasks'),
(230, '4142', '1083637', '3', '3.0', '3.0', '3.0', '3.0', 'yes', 'adequate', 'NA', 'NA', 'NA'),
(231, '4143', '1083637', '3', '3.0', '3.0', '3.0', '3.0', 'yes', 'adequate', 'NA', 'NA', 'planning the activities well in advance'),
(232, '4144', '1083637', '3', '3.0', '4.0', '4.0', '3.0', 'yes', 'adequate', 'NA', 'NA', 'Financial implications'),
(233, '4145', '1083637', '3', '3.0', '4.0', '3.0', '3.0', 'yes', 'adequate', 'NA', 'NA', 'Result orientation along with proper process'),
(234, '4146', '1083637', '4', '4.0', '4.0', '4.0', '3.0', 'yes', 'adequate', 'NA', 'NA', 'Leadership qualities'),
(235, '4147', '1083637', '4', '4.0', '4.0', '4.0', '4.0', 'yes', 'adequate', 'NA', 'NA', 'NA'),
(236, '4148', '1083637', '4', '4.0', '4.0', '4.0', '4.0', 'yes', 'adequate', 'NA', 'NA', 'good presentation skills'),
(237, '4137', '675668', '4', '4.0', '4.0', '4.0', '4.0', 'yes', 'adequate', '', '', 'it was a inspiring session.. '),
(238, '4136', '675668', '3', '3.0', '3.0', '3.0', '3.0', 'yes', 'adequate', '', '', 'managing multiple  stakeholders '),
(239, '4146', '675668', '4', '4.0', '4.0', '4.0', '4.0', 'yes', 'adequate', 'more leadership attributes', '', 'd course was helpful in knowing wat kind f leader u r and how u can b a better leader'),
(240, '4147', '675668', '4', '4.0', '4.0', '4.0', '4.0', 'yes', 'adequate', 'more team buliding activities', '', 'how to build a strong team'),
(241, '4142', '493261', '4', '4.0', '4.0', '4.0', '4.0', 'yes', 'adequate', 'NA', 'NA', 'organizing and planning'),
(242, '4143', '493261', '4', '4.0', '4.0', '4.0', '4.0', 'yes', 'adequate', 'NA', 'NA', 'Risk, types of risks, risk management, RMP'),
(243, '4144', '493261', '4', '4.0', '4.0', '4.0', '4.0', 'yes', 'adequate', 'NA', 'NA', 'Project Finance'),
(244, '4145', '493261', '4', '4.0', '4.0', '4.0', '4.0', 'yes', 'adequate', 'NA', 'NA', 'driving results'),
(245, '4157', '493261', '4', '4.0', '4.0', '4.0', '4.0', 'yes', 'adequate', 'NA', 'NA', 'organising and planning'),
(246, '4158', '493261', '4', '4.0', '4.0', '4.0', '4.0', 'yes', 'adequate', 'NA', 'NA', 'risk management'),
(247, '4159', '493261', '4', '4.0', '4.0', '4.0', '4.0', 'yes', 'adequate', 'NA', 'NA', 'project finance'),
(248, '4160', '493261', '4', '4.0', '4.0', '4.0', '4.0', 'yes', 'adequate', 'NA', 'NA', 'driving results'),
(249, '4146', '493261', '4', '4.0', '4.0', '4.0', '4.0', 'yes', 'adequate', 'NA', 'NA', 'leadership, types, characteristics, impact and influence'),
(250, '4147', '493261', '4', '4.0', '4.0', '4.0', '4.0', 'yes', 'adequate', 'NA', 'NA', 'teaming up in projects'),
(251, '4148', '493261', '4', '4.0', '4.0', '4.0', '4.0', 'yes', 'adequate', 'NA', 'NA', 'presentation skills'),
(252, '4134', '350277', '4', '3.0', '4.0', '4.0', '1.0', 'yes', 'adequate', 'it was adequate', 'none', 'it was just the starting'),
(253, '4150', '350277', '4', '4.0', '4.0', '4.0', '4.0', 'yes', 'adequate', 'none', 'none', 'proper stakeholder analysis'),
(254, '4151', '350277', '4', '4.0', '4.0', '0.0', '4.0', 'yes', 'adequate', 'none', 'none', 'stakeholder management'),
(255, '4150', '192004', '4', '4.0', '4.0', '4.0', '4.0', 'yes', 'adequate', 'i m good with it', 'its just right', 'yes'),
(256, '4151', '192004', '4', '4.0', '4.0', '4.0', '4.0', 'yes', 'insufficient', 'im good with it', 'good effort', 'sure'),
(257, '4152', '192004', '4', '4.0', '3.0', '4.0', '4.0', 'yes', 'insufficient', 'concept was good', 'all good', 'sure'),
(258, '4156', '192004', '4', '4.0', '4.0', '4.0', '4.0', 'yes', 'adequate', 'all good', 'good effort. nothing', 'sure'),
(259, '4163', '315527', '4', '4.0', '4.0', '4.0', '4.0', 'yes', 'adequate', 'More on presentation side', 'No activity should be dropped', 'Proper presentation '),
(260, '4149', '335722', '4', '4.0', '3.0', '4.0', '4.0', 'yes', 'adequate', 'Ok', 'Ok', 'Ok'),
(261, '4150', '335722', '4', '4.0', '4.0', '4.0', '4.0', 'yes', 'adequate', 'Good', 'Nothing ', 'Yes'),
(262, '4177', '397295', '4', '3.0', '3.0', '4.0', '4.0', 'yes', 'adequate', 'NA', 'NA', 'improvements'),
(263, '4178', '455061', '4', '3.0', '3.0', '4.0', '3.0', 'yes', 'adequate', '', '', 'self management, delegation, stakeholder management'),
(264, '4164', '455061', '3', '4.0', '4.0', '3.0', '3.0', 'yes', 'adequate', '', '', 'Negotiation skills.'),
(265, '4167', '455061', '4', '4.0', '4.0', '3.0', '3.0', 'yes', 'adequate', '', '', 'behavioral styles and self management'),
(266, '4165', '455061', '4', '3.0', '3.0', '3.0', '3.0', 'yes', 'adequate', '', '', 'no comment s'),
(267, '4166', '455061', '4', '4.0', '3.0', '3.0', '3.0', 'yes', 'adequate', '', '', 'client communications'),
(268, '4168', '455061', '3', '3.0', '3.0', '3.0', '3.0', 'yes', 'adequate', '', '', 'communication style s'),
(269, '4169', '455061', '4', '4.0', '4.0', '3.0', '3.0', 'yes', 'adequate', '', '', 'better projections submit.'),
(270, '4170', '455061', '2', '2.0', '2.0', '2.0', '3.0', 'no', 'too long', '', '', 'no comment s'),
(271, '4171', '455061', '4', '4.0', '4.0', '4.0', '3.0', 'yes', 'adequate', '', '', 'NA'),
(272, '4174', '455061', '4', '4.0', '4.0', '3.0', '3.0', 'yes', 'adequate', '', '', 'implement the possible cost reduction'),
(273, '4176', '455061', '4', '4.0', '4.0', '4.0', '3.0', 'yes', 'adequate', '', '', 'No comments'),
(274, '4177', '455061', '4', '4.0', '4.0', '4.0', '3.0', 'yes', 'adequate', '', '', 'supporting the team well.'),
(275, '4172', '455061', '3', '3.0', '4.0', '3.0', '3.0', 'yes', 'adequate', 'Analysis during planning', '', 'improvements in planning'),
(276, '4149', '494366', '4', '4.0', '4.0', '4.0', '4.0', 'yes', 'adequate', 'Nothing', 'Nothing ', 'Good to know about the course '),
(277, '4150', '494366', '4', '4.0', '4.0', '4.0', '4.0', 'yes', 'adequate', 'Nothing ', 'Nothing ', 'Effective stake holder management '),
(278, '4151', '494366', '4', '4.0', '4.0', '4.0', '4.0', 'yes', 'adequate', 'Nothing', 'Nothing ', 'How to manage stake holders and the example provided proved the concept '),
(279, '4206', '512817', '4', '4.0', '4.0', '4.0', '4.0', 'yes', 'adequate', 'none', 'none', 'influence and negotiation skills'),
(280, '4207', '512817', '4', '4.0', '4.0', '4.0', '4.0', 'yes', 'adequate', 'none', 'none', 'risk managment'),
(281, '4208', '512817', '4', '4.0', '4.0', '4.0', '4.0', 'yes', 'adequate', 'none', 'none', 'presntation skills'),
(282, '4149', '343567', '4', '4.0', '4.0', '4.0', '4.0', 'yes', 'adequate', 'everything was good', 'na', 'team building'),
(283, '4150', '343567', '4', '4.0', '4.0', '4.0', '4.0', 'yes', 'too long', 'everything was good ', 'na', 'priorities and importance'),
(284, '4151', '343567', '4', '4.0', '4.0', '4.0', '4.0', 'yes', 'adequate', 'good', 'na', 'stakeholders importance grid'),
(285, '4152', '343567', '4', '4.0', '4.0', '4.0', '4.0', 'yes', 'too long', 'good', 'na', 'timing'),
(286, '4149', '346605', '4', '4.0', '4.0', '4.0', '4.0', 'yes', 'adequate', 'Nothing as such', 'Nothing as such', 'Great experience and got lot to implement.'),
(287, '4150', '346605', '4', '4.0', '4.0', '4.0', '4.0', 'yes', 'adequate', 'Nothing as such', 'Nothing as such', 'Great experience and got lot to implement'),
(288, '4151', '346605', '4', '4.0', '4.0', '4.0', '4.0', 'yes', 'adequate', 'Nothing as such', 'Nothing as such', 'Great experience and got lot to implement'),
(289, '4152', '346605', '4', '4.0', '4.0', '4.0', '4.0', 'yes', 'adequate', 'Nothing as such', 'Nothing as such', 'Great experience and got lot to implement'),
(290, '4153', '346605', '4', '4.0', '4.0', '4.0', '4.0', 'yes', 'adequate', 'Nothing as such', 'Nothing as such', 'Great experience and got lot to implement'),
(291, '4154', '346605', '4', '4.0', '4.0', '4.0', '4.0', 'yes', 'adequate', 'Nothing as such', 'Nothing as such', 'Great experience and got lot to implement'),
(292, '4155', '346605', '4', '4.0', '4.0', '4.0', '4.0', 'yes', 'adequate', 'Nothing as such', 'Nothing as such', 'Great experience and got lot to implement'),
(293, '4156', '346605', '4', '4.0', '4.0', '4.0', '4.0', 'yes', 'adequate', 'Nothing as such', 'Nothing as such', 'Great experience and got lot to implement'),
(294, '4157', '346605', '4', '4.0', '4.0', '4.0', '4.0', 'yes', 'adequate', 'Nothing as such', 'Nothing as such', 'Great experience and got lot to implement'),
(295, '4158', '346605', '4', '4.0', '4.0', '4.0', '4.0', 'yes', 'adequate', 'Nothing as such', 'Nothing as such', 'Great experience and got lot to implement'),
(296, '4159', '346605', '4', '4.0', '4.0', '4.0', '4.0', 'yes', 'adequate', 'Nothing as such', 'Nothing as such', 'Great experience and got lot to implement'),
(297, '4160', '346605', '4', '4.0', '4.0', '0.0', '4.0', 'yes', 'adequate', 'Nothing as such', 'Nothing as such', 'Great experience and got lot to implement'),
(298, '4161', '346605', '4', '4.0', '4.0', '4.0', '4.0', 'yes', 'adequate', 'Nothing as such', 'Nothing as such', 'Great experience and got lot to implement'),
(299, '4162', '346605', '4', '4.0', '4.0', '4.0', '4.0', 'yes', 'adequate', 'Nothing as such', 'Nothing as such', 'Great experience and got lot to implement'),
(300, '4163', '346605', '4', '4.0', '4.0', '4.0', '4.0', 'yes', 'adequate', 'Nothing as such', 'Nothing as such', 'Great experience and got lot to implement'),
(301, '4179', '340137', '4.0', '4.0', '3.0', '4.0', '3.0', 'yes', 'insufficient', 'practical situation handle, ', 'connecting more than 3 or 4 location', 'pmc, use of DISC'),
(302, '4180', '340137', '4.0', '4.0', '4.0', '3.0', '3.0', 'yes', 'adequate', 'na', 'na', 'na'),
(303, '4181', '340137', '4.0', '4.0', '4.0', '4.0', '3.0', 'yes', 'adequate', 'na', 'na', 'all'),
(304, '4182', '340137', '4.0', '4.0', '4.0', '4.0', '4.0', 'yes', 'adequate', 'na', 'na', 'all'),
(305, '4182', '246076', '4.0', '4.0', '4.0', '4.0', '3.0', 'yes', 'insufficient', 'How to avoid misinterpretation and  how we avoid interrupting others while expressing own views', 'none', 'Everything on self management'),
(306, '4179', '893457', '4.0', '3.0', '3.0', '4.0', '4.0', 'yes', 'adequate', 'tcs leadership goal', 'na', 'good'),
(307, '4180', '893457', '4.0', '4.0', '4.0', '4.0', '3.0', 'yes', 'adequate', 'na', 'na', 'good'),
(308, '4181', '893457', '4.0', '4.0', '4.0', '4.0', '4.0', 'yes', 'adequate', 'na', 'na', 'good'),
(309, '4182', '893457', '4.0', '4.0', '4.0', '4.0', '4.0', 'yes', 'adequate', 'na', 'na', 'good'),
(310, '4183', '893457', '4.0', '4.0', '4.0', '4.0', '4.0', 'yes', 'adequate', 'na', 'na', 'good'),
(311, '4184', '893457', '4.0', '4.0', '4.0', '4.0', '4.0', 'yes', 'adequate', 'na', 'na', 'good'),
(312, '4185', '893457', '4.0', '4.0', '4.0', '4.0', '4.0', 'yes', 'adequate', 'na', 'na', 'good'),
(313, '4186', '893457', '3.0', '4.0', '4.0', '4.0', '4.0', 'yes', 'adequate', 'na', 'na', 'good'),
(314, '4187', '893457', '4.0', '4.0', '4.0', '4.0', '4.0', 'yes', 'adequate', 'na', 'na', 'good'),
(315, '4188', '893457', '4.0', '4.0', '3.0', '4.0', '2.0', 'yes', 'adequate', 'na', 'na', 'good'),
(316, '4189', '893457', '4.0', '4.0', '4.0', '4.0', '4.0', 'yes', 'adequate', 'na', 'na', 'excellent '),
(317, '4190', '893457', '3.0', '3.0', '3.0', '4.0', '4.0', 'yes', 'adequate', 'na ', 'na', 'good '),
(318, '4191', '893457', '4.0', '4.0', '4.0', '4.0', '4.0', 'yes', 'adequate', 'na', 'na', 'good'),
(319, '4192', '893457', '4.0', '4.0', '4.0', '4.0', '4.0', 'yes', 'adequate', 'na', 'na ', 'good'),
(320, '4193', '893457', '4.0', '4.0', '4.0', '4.0', '4.0', 'yes', 'adequate', 'na', 'na', 'gkod'),
(321, '4179', '246076', '4.0', '4.0', '4.0', '3.0', '2.0', 'yes', 'adequate', 'at this stage it it apt', 'none', 'na'),
(322, '4194', '510395', '4.0', '4.0', '4.0', '4.0', '4.0', 'yes', 'adequate', 'session on Hr n ratings', 'NA', 'plan to interact with team members to make them achieve their goal.'),
(323, '4195', '510395', '4.0', '4.0', '4.0', '4.0', '4.0', 'yes', 'adequate', 'NA', 'NA', 'LEARNT ON HOW TO GET THE ATTENTION OF STAKEHOLDERS AND WHAT ARE ALL THE IMPORTANT THINGS TO BE FOLLOWED.'),
(324, '4196', '510395', '4.0', '4.0', '4.0', '4.0', '4.0', 'yes', 'adequate', 'na', 'na', 'nil'),
(325, '4197', '510395', '4.0', '4.0', '4.0', '4.0', '4.0', 'yes', 'adequate', 'na', 'na', 'to undersrand my self, so that i can motivate my team members in a posotve way.'),
(326, '4198', '510395', '4.0', '4.0', '4.0', '4.0', '4.0', 'yes', 'adequate', 'na', 'na', 'to communicate often with team members to know where they are n motivate them.'),
(327, '4199', '510395', '4.0', '4.0', '4.0', '4.0', '4.0', 'yes', 'adequate', 'na', 'na', 'learnt on win win situation while negotiation'),
(328, '4200', '510395', '4.0', '4.0', '4.0', '4.0', '4.0', 'yes', 'adequate', 'na', 'na', 'effective performance management'),
(329, '4201', '510395', '4.0', '4.0', '4.0', '4.0', '4.0', 'yes', 'adequate', 'na', 'na', 'how to split up works with the team members and how to priorotize that '),
(330, '4202', '510395', '4.0', '4.0', '4.0', '4.0', '4.0', 'yes', 'adequate', 'na', 'na', 'organizing the works and plaannin by prioritizing the works'),
(331, '4203', '510395', '4.0', '4.0', '4.0', '4.0', '4.0', 'yes', 'adequate', 'na', 'na', 'avoiding risk by identifyin in the initial stage.'),
(332, '4204', '510395', '3.0', '3.0', '3.0', '3.0', '3.0', 'yes', 'adequate', 'na', 'na', 'learnt on how to use a T&M and pure turnkey to make project cost effectively'),
(333, '4205', '510395', '4.0', '4.0', '4.0', '4.0', '4.0', 'yes', 'adequate', 'na', 'na', 'nil'),
(334, '4206', '510395', '4.0', '4.0', '4.0', '4.0', '4.0', 'yes', 'adequate', 'na', 'na', 'started being as a smart leader by meeting team members desired goals.'),
(335, '4207', '510395', '4.0', '4.0', '4.0', '4.0', '4.0', 'yes', 'adequate', 'na', 'na', 'tak a cler decision by listening properly'),
(336, '4208', '510395', '4.0', '4.0', '4.0', '4.0', '4.0', 'yes', 'adequate', 'na', 'na', 'nil'),
(337, '4194', '588171', '4.0', '4.0', '4.0', '4.0', '4.0', 'yes', 'adequate', '-', '-', '-'),
(338, '4195', '588171', '4.0', '4.0', '4.0', '4.0', '4.0', 'yes', 'adequate', '-', '-', '-'),
(339, '', '', '', '', '', '', '', '', '', '', '', ''),
(340, '', '', '', '', '', '', '', '', '', '', '', ''),
(341, '', '', '', '', '', '', '', '', '', '', '', ''),
(342, '', '', '', '', '', '', '', '', '', '', '', ''),
(343, '', '', '', '', '', '', '', '', '', '', '', ''),
(344, '', '', '', '', '', '', '', '', '', '', '', ''),
(345, '', '', '', '', '', '', '', '', '', '', '', ''),
(346, '', '', '', '', '', '', '', '', '', '', '', ''),
(347, '', '', '', '', '', '', '', '', '', '', '', ''),
(348, '', '', '', '', '', '', '', '', '', '', '', ''),
(349, '', '', '', '', '', '', '', '', '', '', '', ''),
(350, '', '', '', '', '', '', '', '', '', '', '', ''),
(351, '', '', '', '', '', '', '', '', '', '', '', ''),
(352, '', '', '', '', '', '', '', '', '', '', '', ''),
(353, '', '', '', '', '', '', '', '', '', '', '', ''),
(354, '', '', '', '', '', '', '', '', '', '', '', ''),
(355, '', '', '', '', '', '', '', '', '', '', '', ''),
(356, '', '', '', '', '', '', '', '', '', '', '', ''),
(357, '', '', '', '', '', '', '', '', '', '', '', ''),
(358, '', '', '', '', '', '', '', '', '', '', '', ''),
(359, '', '', '', '', '', '', '', '', '', '', '', ''),
(360, '', '', '', '', '', '', '', '', '', '', '', ''),
(361, '', '', '', '', '', '', '', '', '', '', '', ''),
(362, '', '', '', '', '', '', '', '', '', '', '', ''),
(363, '', '', '', '', '', '', '', '', '', '', '', ''),
(364, '', '', '', '', '', '', '', '', '', '', '', ''),
(365, '', '', '', '', '', '', '', '', '', '', '', ''),
(366, '', '', '', '', '', '', '', '', '', '', '', ''),
(367, '', '', '', '', '', '', '', '', '', '', '', ''),
(368, '', '', '', '', '', '', '', '', '', '', '', ''),
(369, '', '', '', '', '', '', '', '', '', '', '', ''),
(370, '', '', '', '', '', '', '', '', '', '', '', ''),
(371, '', '', '', '', '', '', '', '', '', '', '', ''),
(372, '', '', '', '', '', '', '', '', '', '', '', ''),
(373, '', '', '', '', '', '', '', '', '', '', '', ''),
(374, '', '', '', '', '', '', '', '', '', '', '', ''),
(375, '', '', '', '', '', '', '', '', '', '', '', ''),
(376, '', '', '', '', '', '', '', '', '', '', '', ''),
(377, '', '', '', '', '', '', '', '', '', '', '', ''),
(378, '', '', '', '', '', '', '', '', '', '', '', ''),
(379, '4196', '588171', '4.0', '4.0', '4.0', '4.0', '4.0', 'yes', 'adequate', '-', '-', '-'),
(380, '4197', '588171', '4.0', '4.0', '4.0', '4.0', '4.0', 'yes', 'adequate', '-', '-', '-'),
(381, '4198', '588171', '4.0', '4.0', '4.0', '4.0', '4.0', 'yes', 'adequate', '-', '-', '-'),
(382, '4199', '588171', '4.0', '4.0', '4.0', '4.0', '4.0', 'yes', 'adequate', '-', '-', '-'),
(383, '4200', '588171', '4.0', '4.0', '4.0', '4.0', '4.0', 'yes', 'adequate', '-', '-', '-'),
(384, '4201', '588171', '4.0', '4.0', '4.0', '4.0', '4.0', 'yes', 'adequate', '-', '-', '-'),
(385, '4202', '588171', '4.0', '4.0', '4.0', '4.0', '4.0', 'yes', 'adequate', '-', '-', '-'),
(386, '4203', '588171', '4.0', '4.0', '4.0', '4.0', '4.0', 'yes', 'adequate', '-', '-', '-'),
(387, '4204', '588171', '4.0', '4.0', '4.0', '4.0', '4.0', 'yes', 'adequate', '-', '-', '-'),
(388, '4205', '588171', '4.0', '4.0', '4.0', '4.0', '4.0', 'yes', 'adequate', '-', '-', '-'),
(389, '4206', '588171', '4.0', '4.0', '4.0', '4.0', '4.0', 'yes', 'adequate', '-', '-', '-'),
(390, '4207', '588171', '4.0', '4.0', '4.0', '4.0', '4.0', 'yes', 'adequate', '-', '-', '-'),
(391, '4208', '588171', '4.0', '4.0', '4.0', '4.0', '4.0', 'yes', 'adequate', '-', '-', '-'),
(392, '', '', '', '', '', '', '', '', '', '', '', ''),
(393, '4273', '461697', '4.0', '4.0', '4.0', '4.0', '4.0', 'yes', 'adequate', '', '', 'Concepts of Project Management and how the flow like with a real time example.'),
(394, '4274', '461697', '4.0', '4.0', '4.0', '4.0', '4.0', 'yes', 'adequate', '', '', 'Learned who actually a stake holder is and the importance of stake holders management in our projects.'),
(395, '4275', '461697', '4.0', '4.0', '4.0', '4.0', '4.0', 'yes', 'adequate', '', '', 'Very interesting and interactive session. Very much useful for any individual to balance their personal and professional life. '),
(396, '4346', '110435', '4.0', '3.0', '3.0', '3.0', '3.0', 'yes', 'insufficient', 'negative stakeholders, ', 'none', 'communication plan for the stake holders'),
(397, '4347', '110435', '3.0', '3.0', '3.0', '4.0', '3.0', 'yes', 'adequate', 'none ', 'none', '20,20,20'),
(398, '4345', '110435', '4.0', '4.0', '4.0', '3.0', '3.0', 'yes', 'adequate', 'organization structure of TCS, ', 'none', 'its only a intro.'),
(399, '4349', '1101517', '4.0', '3.0', '4.0', '4.0', '4.0', 'yes', 'adequate', 'adequate', 'none', 'delegation'),
(400, '4277', '495231', '4.0', '4.0', '4.0', '4.0', '4.0', 'yes', 'adequate', 'nothing', 'nothing', 'effective communication'),
(401, '4278', '495231', '4.0', '4.0', '4.0', '4.0', '4.0', 'yes', 'adequate', 'nothing', 'nothing', 'good learning'),
(402, '4279', '495231', '4.0', '4.0', '4.0', '4.0', '4.0', 'yes', 'adequate', 'nothing', 'nothing', 'organising abd planning'),
(403, '4280', '495231', '4.0', '4.0', '4.0', '4.0', '4.0', 'yes', 'adequate', 'nothing', 'nothing', 'delegatiin process'),
(404, '4273', '495231', '4.0', '4.0', '4.0', '4.0', '4.0', 'yes', 'adequate', 'nothing', 'nothing', 'gggggg'),
(405, '4274', '495231', '4.0', '4.0', '4.0', '4.0', '4.0', 'yes', 'adequate', 'nothing', 'nothing', 'the'),
(406, '4275', '495231', '4.0', '4.0', '4.0', '4.0', '4.0', 'yes', 'adequate', 'nothing', 'nothing', 'loved the session the core'),
(407, '4334', '553108', '4.0', '3.0', '3.0', '3.0', '2.0', 'yes', 'adequate', 'quality of material should be relevent with topic and much more elaborating.', 'none.', 'I would like to use the knowledge while giving or assigning assignment to my team members according to their time plan and their skills.'),
(408, '4332', '553108', '4.0', '4.0', '4.0', '4.0', '4.0', 'yes', 'adequate', 'Do add some NonIT scenarios so that non IT project members can also add their contributions in thoughts. e.g. routers functions etc dont know by mechanical associate while making him technical lead in role play.', 'none.', 'the way of handling others should be as per second party condition. how to handle different critical situations in well manner in discussion.'),
(409, '4333', '553108', '3.0', '3.0', '3.0', '3.0', '3.0', 'yes', 'adequate', 'More planning and organizing roleplay should be there. Rather than giving puzzle, it should be on real time scenario role play.', 'None', 'how to organise my available resource, and devide work as per their proficiency and get work done in well manner.'),
(410, '4331', '553108', '4.0', '3.0', '3.0', '4.0', '3.0', 'yes', 'adequate', 'what has been told like ascent and punctuation, cultural barriers, tuning should be in material so that we can relate each other easily. ', 'none.', 'effective email writing, way of speaking with others, get to know different barriers which can make our communication worst that can be avoided using this knowledge.'),
(411, '4350', '110435', '4.0', '4.0', '3.0', '3.0', '4.0', 'yes', 'adequate', 'negotiation steps, skills required to negotiate.', 'none, role playing should come with more clarity.', 'how to steer a negotiation.'),
(412, '4352', '110435', '3.0', '3.0', '3.0', '4.0', '3.0', 'yes', 'adequate', 'none', 'none', 'Evaluation of a delegation.'),
(413, '4349', '110435', '3.0', '3.0', '3.0', '4.0', '2.0', 'yes', 'insufficient', 'more role playing, adequate detailing required in the role playing.', 'none', 'already using these concepts.'),
(414, '4277', '201628', '4.0', '4.0', '4.0', '4.0', '4.0', 'yes', 'adequate', 'none', 'none', 'all'),
(415, '4278', '201628', '4.0', '4.0', '4.0', '4.0', '4.0', 'yes', 'adequate', 'none', 'none', 'all'),
(416, '4279', '201628', '4.0', '4.0', '3.0', '4.0', '3.0', 'yes', 'adequate', 'none', 'none', 'all'),
(417, '4277', '461697', '4.0', '4.0', '4.0', '4.0', '4.0', 'yes', 'adequate', '', '', 'Will apply communication styles when dealing with stakeholders.'),
(418, '4278', '461697', '4.0', '4.0', '4.0', '4.0', '4.0', 'yes', 'adequate', '', '', 'Amit shown us the clear picture,/idea how the negotiations happen in real time with activities.');
INSERT INTO `feed` (`feedid`, `scheduleid`, `employeeid`, `knowledge`, `articulation`, `time_management`, `interaction`, `quality_of_course`, `course_objective`, `time`, `toadd`, `toremove`, `willimplement`) VALUES
(419, '4279', '461697', '4.0', '4.0', '4.0', '4.0', '4.0', 'yes', 'adequate', '', '', 'Ms. Usha explained us clearly what exactly the planning is and hpw it helps us to make the things easier when dealing with stakeholders'),
(420, '4280', '461697', '4.0', '4.0', '4.0', '4.0', '4.0', 'yes', 'adequate', '', '', 'Got the idea on the delegation and what to delegate and what not to delegate to our peers.'),
(421, '4311', '691040', '4.0', '3.0', '4.0', '3.0', '4.0', 'yes', 'adequate', 'may be few real time scenarios in projects can be put as example', 'nothing', 'responding rather than reacting'),
(422, '4331', '461588', '4.0', '4.0', '4.0', '4.0', '4.0', 'yes', 'adequate', 'telephonic conversation, conference calls attequets.', 'none.', 'Every aspect'),
(423, '4332', '461588', '4.0', '4.0', '4.0', '4.0', '4.0', 'yes', 'adequate', 'course was sufficient', 'none', 'All the aspects'),
(424, '4333', '461588', '4.0', '4.0', '4.0', '4.0', '4.0', 'yes', 'adequate', 'course was sufficient', 'none', 'All the aspects'),
(425, '4334', '461588', '4.0', '4.0', '4.0', '4.0', '4.0', 'yes', 'adequate', 'course was sufficient', 'none', 'All the aspects'),
(426, '4331', '227702', '3.0', '3.0', '3.0', '3.0', '3.0', 'yes', 'insufficient', '', '', 'how to communicate with team and supervisors'),
(427, '4332', '227702', '4.0', '4.0', '3.0', '3.0', '3.0', 'yes', 'adequate', '', '', 'how to approach negotiations'),
(428, '4315', '691040', '4.0', '3.0', '3.0', '3.0', '3.0', 'yes', 'adequate', 'na', 'na', 'will try to drive the discussions to collaborative mode'),
(429, '4282', '219856', '3.0', '3.0', '3.0', '3.0', '3.0', 'yes', 'insufficient', 'All relavant topics covered', 'Na', 'Yes'),
(430, '4273', '686718', '3.0', '3.0', '3.0', '3.0', '3.0', 'yes', 'adequate', '.', '.', 'All the take aways from the sessions delivered '),
(431, '4274', '686718', '3.0', '3.0', '3.0', '3.0', '3.0', 'yes', 'adequate', '.', '.', 'all the takeaways from the session delivered'),
(432, '4275', '686718', '4.0', '4.0', '4.0', '4.0', '3.0', 'yes', 'adequate', '.', '.', '20-20-20-20 ,timemanagement, self management'),
(433, '4277', '686718', '3.0', '3.0', '3.0', '3.0', '3.0', 'yes', 'adequate', '.', '.', 'Role of communucation, asessing the cospeaker behavioral type and act accordingly while negotiating '),
(434, '4278', '686718', '3.0', '3.0', '3.0', '3.0', '3.0', 'yes', 'adequate', '.', '.', 'identify ZOPA and BATNA pracrices'),
(435, '4279', '686718', '3.0', '3.0', '3.0', '3.0', '3.0', 'yes', 'adequate', '.', '.', 'how to plan & organize'),
(436, '4280', '686718', '3.0', '3.0', '3.0', '3.0', '3.0', 'yes', 'adequate', '.', '.', 'effective delegation'),
(437, '4273', '201628', '4.0', '4.0', '4.0', '4.0', '4.0', 'yes', 'adequate', 'good need no change', 'need no change', 'none'),
(438, '4274', '201628', '4.0', '4.0', '4.0', '4.0', '4.0', 'yes', 'adequate', 'none', 'none', 'none'),
(439, '4275', '201628', '4.0', '4.0', '4.0', '4.0', '4.0', 'yes', 'adequate', 'good', 'none', 'none'),
(440, '4273', '229576', '4.0', '4.0', '4.0', '4.0', '4.0', 'yes', 'adequate', '', '', 'Implementation of values and principles of TCS.'),
(441, '4274', '229576', '4.0', '4.0', '4.0', '4.0', '4.0', 'yes', 'adequate', '', '', 'Will use the quadrant of stakeholders management to better plan communication strategy.'),
(442, '4275', '229576', '4.0', '4.0', '4.0', '4.0', '4.0', 'yes', 'adequate', '', '', 'Excellent articulation and will implement especially the mindfulness techniques.'),
(443, '4277', '229576', '4.0', '4.0', '4.0', '4.0', '4.0', 'yes', 'adequate', '', '', 'dealing the passive aggressive communication type people. '),
(444, '4278', '229576', '4.0', '4.0', '4.0', '4.0', '4.0', 'yes', 'adequate', '', '', 'negotiation techniques based on the other person behaviour style. '),
(445, '4279', '229576', '4.0', '4.0', '4.0', '4.0', '4.0', 'yes', 'adequate', '', '', 'planning importance'),
(446, '4280', '229576', '4.0', '4.0', '4.0', '4.0', '4.0', 'yes', 'adequate', '', '', 'The steps that needs to be followed while doing delegation.'),
(447, '4282', '229576', '4.0', '4.0', '4.0', '4.0', '4.0', 'yes', 'adequate', '', '', 'concepts of Contract and Won management.'),
(448, '4277', '219856', '3.0', '4.0', '3.0', '3.0', '3.0', 'yes', 'adequate', 'It covered all topics', 'NA', 'I want to improve Assertive communication'),
(449, '4278', '219856', '3.0', '3.0', '3.0', '3.0', '3.0', 'yes', 'adequate', 'It covered sufficient content', 'NA', 'i will improve negolation skills'),
(450, '4279', '219856', '3.0', '3.0', '3.0', '3.0', '3.0', 'yes', 'adequate', 'Case study on WBS', 'NA', 'Will do have proper planning in current role'),
(451, '4280', '219856', '3.0', '3.0', '3.0', '3.0', '3.0', 'yes', 'adequate', 'NA', 'NA', 'Start practising the delegation the way we discussed in session'),
(452, '4283', '229576', '4.0', '4.0', '4.0', '4.0', '4.0', 'yes', 'adequate', '', '', 'risk management and driving results'),
(453, '4282', '686718', '3.0', '3.0', '3.0', '3.0', '3.0', 'yes', 'adequate', '.', '.', 'To implement The takeaways'),
(454, '4283', '686718', '3.0', '3.0', '3.0', '3.0', '3.0', 'yes', 'adequate', '.', '.', '.'),
(455, '4273', '219856', '3.0', '3.0', '3.0', '3.0', '3.0', 'yes', 'adequate', 'she covered all the topics', 'na', 'will implement'),
(456, '4274', '219856', '3.0', '3.0', '3.0', '3.0', '3.0', 'yes', 'adequate', 'covered all topics', 'na', 'yes'),
(457, '4275', '219856', '4.0', '4.0', '4.0', '4.0', '3.0', 'yes', 'adequate', 'she covered all topics', 'na', 'i will implement in life for my improvement'),
(458, '4283', '219856', '4.0', '3.0', '4.0', '3.0', '3.0', 'yes', 'adequate', 'sufficient content', 'na', 'yes'),
(459, '4282', '461697', '4.0', '4.0', '4.0', '4.0', '2.0', 'yes', 'insufficient', '', '', 'learned basics of finance module.'),
(460, '4284', '229576', '4.0', '4.0', '4.0', '4.0', '4.0', 'yes', 'adequate', '', '', 'being diplomatic'),
(461, '4284', '219856', '3.0', '3.0', '3.0', '3.0', '3.0', 'yes', 'adequate', 'covered all topics', 'na', 'i could implement in appraisal system'),
(462, '4282', '393519', '4.0', '4.0', '4.0', '4.0', '3.0', 'yes', 'adequate', 'Detailed finance module', 'NA', 'yes'),
(463, '4283', '393519', '4.0', '4.0', '4.0', '4.0', '3.0', 'yes', 'adequate', 'NA', 'NA', 'NA'),
(464, '4284', '393519', '4.0', '4.0', '4.0', '4.0', '4.0', 'yes', 'adequate', 'Na', 'Na', 'Na'),
(465, '4285', '393519', '4.0', '4.0', '4.0', '4.0', '4.0', 'yes', 'adequate', 'Na', 'Na', 'Na'),
(466, '4357', '110435', '4.0', '4.0', '3.0', '4.0', '3.0', 'yes', 'adequate', 'Tools and techniques, TCS OPA for risk management', 'none', 'qualitative risk management'),
(467, '4356', '110435', '3.0', '4.0', '1.0', '2.0', '0.0', 'no', 'insufficient', 'guidelines to assigning goals,', 'not ne', 'what to avoid while appraising.'),
(468, '4355', '110435', '4.0', '4.0', '4.0', '4.0', '2.0', 'yes', 'adequate', 'looks ok', 'looks ok', 'bsc'),
(469, '4354', '110435', '4.0', '1.0', '1.0', '3.0', '0.0', 'no', 'insufficient', 'cost Booking, vendor payment', 'none', 'Nothing was discussed that we can implement.'),
(470, '4300', '711209', '4.0', '4.0', '4.0', '4.0', '0.0', 'yes', 'insufficient', '', '', 'How to start with project budget planning'),
(471, '4301', '711209', '4.0', '3.0', '4.0', '4.0', '4.0', 'yes', 'adequate', '', '', 'How a team lead or manager should drive the results and how we have to get these information to the team members and also should explain them how are they gonna benefit on the company results '),
(472, '4291', '374610', '4.0', '4.0', '4.0', '4.0', '4.0', 'yes', 'adequate', 'none', 'none', 'apply in my work'),
(473, '4295', '374610', '4.0', '4.0', '4.0', '4.0', '4.0', 'yes', 'adequate', 'none', 'none', 'apply in project'),
(474, '4296', '374610', '4.0', '4.0', '4.0', '4.0', '4.0', 'yes', 'adequate', 'none ', 'none', 'apply in work place'),
(475, '4297', '374610', '4.0', '4.0', '4.0', '4.0', '4.0', 'yes', 'adequate', 'none', 'none', 'apply in work place'),
(476, '4298', '374610', '4.0', '4.0', '4.0', '4.0', '4.0', 'yes', 'adequate', 'none', 'none', 'apply in work place'),
(477, '4300', '374610', '4.0', '4.0', '4.0', '4.0', '4.0', 'yes', 'adequate', 'none', 'none', 'apply in work place'),
(478, '4301', '374610', '4.0', '4.0', '4.0', '4.0', '4.0', 'yes', 'adequate', 'none ', 'none', 'apply in work place'),
(479, '4302', '374610', '4.0', '4.0', '4.0', '4.0', '4.0', 'yes', 'adequate', 'none', 'none', 'apply in work place'),
(480, '4303', '374610', '4.0', '4.0', '4.0', '4.0', '4.0', 'yes', 'adequate', 'none', 'none', 'apply in work place'),
(481, '4293', '374610', '4.0', '4.0', '4.0', '4.0', '4.0', 'yes', 'adequate', 'none', 'none', 'apply in work place'),
(482, '4273', '1035301', '4.0', '4.0', '4.0', '4.0', '4.0', 'yes', 'adequate', 'no need', 'na', 'how to grab stake holders attention towords us.'),
(483, '4275', '1035301', '4.0', '4.0', '4.0', '4.0', '4.0', 'yes', 'adequate', 'no need', 'na', 'self awarness and fit for life '),
(484, '4274', '1035301', '4.0', '4.0', '4.0', '4.0', '4.0', 'yes', 'adequate', 'no need', 'na', 'will inculcate all the steps in my proj'),
(485, '4293', '726189', '4.0', '4.0', '4.0', '4.0', '3.0', 'yes', 'adequate', 'NA', 'NA', 'NA'),
(486, '4292', '726189', '4.0', '4.0', '4.0', '4.0', '4.0', 'yes', 'adequate', 'NA', 'NA', 'NA'),
(487, '4291', '726189', '4.0', '4.0', '4.0', '4.0', '4.0', 'yes', 'adequate', 'NA', 'NA', 'NA'),
(488, '4295', '726189', '4.0', '4.0', '4.0', '4.0', '4.0', 'yes', 'adequate', 'NA', 'NA', 'NA'),
(489, '4296', '726189', '3.0', '3.0', '3.0', '3.0', '4.0', 'yes', 'too long', 'NA', 'NA', 'NA'),
(490, '4297', '726189', '3.0', '3.0', '3.0', '3.0', '4.0', 'no', 'adequate', 'NA', 'NA', 'NA'),
(491, '4298', '726189', '4.0', '4.0', '4.0', '0.0', '4.0', 'yes', 'adequate', 'NA', 'NA', 'NA'),
(492, '4300', '726189', '4.0', '4.0', '4.0', '4.0', '4.0', 'yes', 'adequate', 'NA', 'NA', 'Na'),
(493, '4301', '726189', '4.0', '4.0', '4.0', '4.0', '4.0', 'yes', 'adequate', 'NA', 'NA', 'NA'),
(494, '4302', '726189', '4.0', '4.0', '4.0', '4.0', '4.0', 'yes', 'adequate', 'Na', 'NA', 'NA'),
(495, '4303', '726189', '3.0', '3.0', '3.0', '3.0', '4.0', 'yes', 'adequate', 'NA', 'NA', 'NA'),
(496, '4339', '553108', '3.0', '3.0', '4.0', '2.0', '2.0', 'yes', 'adequate', 'More case studies should be included. ', 'none.', 'how to think from risk perspective and what should be our action plan or who is responsible for it.'),
(497, '4292', '374610', '4.0', '4.0', '4.0', '4.0', '4.0', 'yes', 'adequate', 'none', 'none', 'need to apply in work place'),
(498, '4285', '229576', '4.0', '4.0', '4.0', '4.0', '4.0', 'yes', 'adequate', '', '', 'maintaining risk reguster'),
(499, '4324', '540411', '4.0', '4.0', '4.0', '4.0', '4.0', 'yes', 'adequate', 'na', 'na', 'na'),
(500, '4287', '229576', '4.0', '4.0', '4.0', '4.0', '4.0', 'yes', 'adequate', '', '', 'all the stuff that was told, will practise and implement.  '),
(501, '4287', '219856', '4.0', '4.0', '4.0', '4.0', '4.0', 'yes', 'adequate', 'all topics covered', 'na', 'i will do.'),
(502, '4285', '219856', '4.0', '4.0', '4.0', '4.0', '4.0', 'yes', 'adequate', 'covered relevant topics', 'na', 'yes'),
(503, '4288', '219856', '4.0', '4.0', '4.0', '4.0', '4.0', 'yes', 'adequate', 'covered relevant topics', 'na', 'yes'),
(504, '4305', '726189', '4.0', '4.0', '4.0', '4.0', '4.0', 'yes', 'adequate', 'na', 'na', 'na'),
(505, '4306', '726189', '4.0', '4.0', '4.0', '4.0', '4.0', 'yes', 'adequate', 'na', 'na', 'na'),
(506, '4307', '726189', '4.0', '4.0', '4.0', '4.0', '4.0', 'yes', 'adequate', 'na', 'nA', 'na'),
(507, '4288', '229576', '4.0', '4.0', '4.0', '4.0', '4.0', 'yes', 'adequate', '', '', 'team building'),
(508, '4289', '229576', '4.0', '4.0', '4.0', '4.0', '4.0', 'yes', 'adequate', '', '', 'concepts that are discussed'),
(509, '4287', '201628', '4.0', '4.0', '4.0', '4.0', '4.0', 'yes', 'adequate', 'none', 'none', 'all concepts'),
(510, '4288', '201628', '4.0', '4.0', '4.0', '4.0', '4.0', 'yes', 'adequate', 'none', 'none', 'all'),
(511, '4289', '201628', '4.0', '4.0', '4.0', '4.0', '4.0', 'yes', 'adequate', 'none', 'none', 'all'),
(512, '4307', '711209', '4.0', '3.0', '4.0', '3.0', '4.0', 'yes', 'adequate', '', '', 'increase and concentrating more on body language (since 56% of the presentation skills comes from body language)'),
(513, '4306', '711209', '4.0', '4.0', '4.0', '4.0', '4.0', 'yes', 'adequate', '', '', 'need to concentrate more on virtual team (am working with Mexico)'),
(514, '4341', '365226', '4.0', '4.0', '4.0', '4.0', '4.0', 'yes', 'adequate', 'material is sufficient', 'material is sufficient', 'personality skills in detail '),
(515, '4342', '365226', '4.0', '4.0', '4.0', '4.0', '4.0', 'yes', 'adequate', 'material is sufficient', 'material is sufficient', 'what is team and what factors need to keep in mind while working as a manager'),
(516, '4282', '495231', '4.0', '4.0', '4.0', '4.0', '4.0', 'yes', 'adequate', 'nothing', 'nothing', 'nothing'),
(517, '4287', '495231', '4.0', '4.0', '4.0', '4.0', '4.0', 'yes', 'adequate', 'nothing', 'nothing', 'nothing'),
(518, '4288', '495231', '4.0', '4.0', '4.0', '4.0', '4.0', 'yes', 'adequate', 'nothing', 'nothing', 'and'),
(519, '4289', '495231', '4.0', '4.0', '4.0', '4.0', '4.0', 'yes', 'adequate', 'nothing', 'nothing', 'good presentation skills'),
(520, '4285', '495231', '4.0', '4.0', '4.0', '4.0', '4.0', 'yes', 'adequate', 'nothing', 'nothing', 'nothing'),
(521, '4284', '495231', '4.0', '4.0', '0.0', '4.0', '4.0', 'yes', 'adequate', 'nothing', 'nothing', 'the'),
(522, '4283', '495231', '4.0', '4.0', '4.0', '4.0', '4.0', 'yes', 'adequate', 'nothing', 'nothing', 'the'),
(523, '4284', '686718', '3.0', '3.0', '3.0', '3.0', '3.0', 'yes', 'adequate', '.', '.', '.'),
(524, '4288', '568774', '4.0', '4.0', '4.0', '4.0', '3.0', 'yes', 'adequate', 'Inspirational Leadership training with videos ', 'Topics that would have a lenthy debate with no conclusion ', 'Emotional Intelligence '),
(525, '4285', '686718', '4.0', '4.0', '4.0', '4.0', '4.0', 'yes', 'adequate', '', '', 'to identify ,analyze, categorize risks. Avoid/mitigate risks w.r.to type/nature .'),
(526, '4287', '568774', '4.0', '4.0', '3.0', '4.0', '4.0', 'yes', 'adequate', 'leadership inspiration training with videos ', 'NA', 'Try and read all leadership available materials '),
(527, '4287', '686718', '4.0', '4.0', '4.0', '4.0', '4.0', 'yes', 'adequate', '.', '.', '.'),
(528, '4288', '686718', '4.0', '4.0', '4.0', '4.0', '4.0', 'yes', 'adequate', '.', '.', '.'),
(529, '4289', '686718', '4.0', '4.0', '4.0', '4.0', '4.0', 'yes', 'adequate', '.', '.', '.'),
(530, '4289', '568774', '3.0', '3.0', '3.0', '4.0', '3.0', 'yes', 'adequate', 'NA', 'NA', 'Fact based presentation '),
(531, '4305', '374610', '4.0', '4.0', '4.0', '4.0', '4.0', 'yes', 'adequate', 'none', 'none', 'leadership quality '),
(532, '4306', '374610', '4.0', '4.0', '4.0', '4.0', '4.0', 'yes', 'adequate', 'none', 'none', 'teaming in activities'),
(533, '4307', '374610', '4.0', '4.0', '4.0', '4.0', '4.0', 'yes', 'adequate', 'none', 'none', 'need to improve presentation skills '),
(534, '4309', '1103270', '4.0', '3.0', '4.0', '4.0', '4.0', 'yes', 'adequate', 'all required topics covered', 'none', 'everything'),
(535, '4310', '1103270', '4.0', '3.0', '4.0', '4.0', '4.0', 'yes', 'adequate', 'all required topics covered', 'none', 'everything'),
(536, '4311', '1103270', '4.0', '4.0', '4.0', '4.0', '4.0', 'yes', 'adequate', 'all required topics covered', 'none', 'everything'),
(537, '4313', '1103270', '4.0', '4.0', '4.0', '4.0', '4.0', 'yes', 'adequate', 'all required topics covered', 'none', 'everything'),
(538, '4314', '1103270', '4.0', '4.0', '4.0', '4.0', '4.0', 'yes', 'adequate', 'all required topics covered', 'none', 'all required topics covered'),
(539, '4315', '1103270', '4.0', '4.0', '4.0', '4.0', '4.0', 'yes', 'adequate', 'all required topics covered', 'none', 'everything'),
(540, '4316', '1103270', '4.0', '4.0', '4.0', '4.0', '4.0', 'yes', 'adequate', 'all required topics covered', 'none', 'everything'),
(541, '4318', '1103270', '4.0', '4.0', '4.0', '4.0', '4.0', 'yes', 'adequate', 'all required topics covered', 'none', 'everything'),
(542, '4319', '1103270', '4.0', '4.0', '4.0', '4.0', '4.0', 'yes', 'adequate', 'all required topics covered', 'none', 'everything'),
(543, '4320', '1103270', '4.0', '4.0', '4.0', '4.0', '4.0', 'yes', 'adequate', 'all required topics covered', 'none', 'everything'),
(544, '4321', '1103270', '3.0', '3.0', '3.0', '3.0', '3.0', 'yes', 'insufficient', 'risk response,risk owner', 'none i feel', 'risk mitigation,risk contingency'),
(545, '4323', '1103270', '4.0', '3.0', '4.0', '4.0', '3.0', 'yes', 'adequate', 'all required topics covered', 'none', 'everything'),
(546, '4324', '1103270', '4.0', '4.0', '4.0', '4.0', '4.0', 'yes', 'adequate', 'all required topics covered', 'none', 'everything'),
(547, '4325', '1103270', '4.0', '4.0', '4.0', '4.0', '4.0', 'yes', 'adequate', 'all required topics covered', 'none', 'communication style'),
(548, '4283', '461697', '4.0', '4.0', '4.0', '4.0', '4.0', 'yes', 'adequate', '', '', 'Excellent session by Amit. Thank you.'),
(549, '4284', '461697', '4.0', '4.0', '4.0', '4.0', '4.0', 'yes', 'adequate', '', '', 'Thank you HR from Chennai.'),
(550, '4285', '461697', '4.0', '4.0', '4.0', '4.0', '4.0', 'yes', 'adequate', '', '', 'Thanks Usha for the valuable information.'),
(551, '4287', '461697', '4.0', '4.0', '4.0', '4.0', '4.0', 'yes', 'adequate', '', '', 'Gurpreet I never forget this name in my life... shared very necessary information which will add at this point of time for me.'),
(552, '4288', '461697', '4.0', '4.0', '4.0', '4.0', '4.0', 'yes', 'adequate', '', '', 'Thanks Kaustub. I want to adopt some behavior styles from him. great session.'),
(553, '4289', '461697', '4.0', '4.0', '4.0', '4.0', '4.0', 'yes', 'adequate', '', '', 'A special thanks to Abhishek from Hyd location for his support and assistance all the time.'),
(554, '4291', '195716', '4.0', '4.0', '4.0', '4.0', '4.0', 'yes', 'adequate', 'na', 'na', 'na'),
(555, '4292', '195716', '4.0', '4.0', '4.0', '4.0', '4.0', 'yes', 'adequate', 'na', 'na', 'na'),
(556, '4293', '195716', '4.0', '4.0', '4.0', '4.0', '4.0', 'yes', 'adequate', 'na', 'na', 'na'),
(557, '4295', '195716', '4.0', '4.0', '4.0', '4.0', '4.0', 'yes', 'adequate', 'na', 'na', 'na'),
(558, '4296', '195716', '4.0', '4.0', '4.0', '4.0', '4.0', 'yes', 'adequate', 'na', 'na', 'na'),
(559, '4297', '195716', '4.0', '4.0', '4.0', '4.0', '4.0', 'yes', 'adequate', 'na', 'na', 'na'),
(560, '4298', '195716', '4.0', '4.0', '4.0', '4.0', '4.0', 'yes', 'adequate', 'na', 'na', 'na'),
(561, '4300', '195716', '4.0', '3.0', '2.0', '4.0', '2.0', 'yes', 'too long', 'na', 'na', 'nw'),
(562, '4301', '195716', '4.0', '4.0', '4.0', '4.0', '4.0', 'yes', 'adequate', 'na', 'na', 'na'),
(563, '4302', '195716', '4.0', '4.0', '4.0', '4.0', '4.0', 'yes', 'adequate', 'na', 'na', 'na'),
(564, '4303', '195716', '4.0', '4.0', '4.0', '4.0', '4.0', 'yes', 'adequate', 'na', 'na', 'na'),
(565, '4361', '527946', '4.0', '4.0', '4.0', '4.0', '4.0', 'yes', 'adequate', 'NA', 'NA', 'i will implement the learning in my day to day life'),
(566, '4361', '110435', '4.0', '4.0', '3.0', '3.0', '2.0', 'yes', 'adequate', 'time, humour', 'none', 'body posture wile speaking.'),
(567, '4360', '110435', '3.0', '2.0', '2.0', '2.0', '2.0', 'no', 'adequate', 'Activities missed the mark.', 'none', 'caring for differently abled'),
(568, '4359', '110435', '4.0', '4.0', '3.0', '4.0', '3.0', 'yes', 'adequate', 'ok', 'ok', 'Understanding behavioral styles of the person i on interact with. and mapping of behavioral styles of my team'),
(569, '4345', '909254', '4.0', '4.0', '4.0', '4.0', '0.0', 'yes', 'adequate', 'satisfied with the content', 'not sure', 'every aspect'),
(570, '4346', '909254', '4.0', '4.0', '4.0', '4.0', '0.0', 'yes', 'adequate', 'satisfied with the content', 'satisfied with the content', 'all the aspects'),
(571, '4347', '909254', '4.0', '4.0', '4.0', '4.0', '0.0', 'yes', 'adequate', 'It was unbelievable experience, satisfied with the content.', 'All good', 'each and every content'),
(572, '4349', '909254', '4.0', '4.0', '4.0', '4.0', '0.0', 'yes', 'adequate', 'satisfied with the content.', 'all good', '100%'),
(573, '4350', '909254', '4.0', '4.0', '4.0', '4.0', '0.0', 'yes', 'adequate', 'It was unbelievable experience, satisfied with the content.', 'All good', 'whole concept.'),
(574, '4351', '909254', '4.0', '4.0', '4.0', '4.0', '0.0', 'yes', 'adequate', ' Satisfied with the content.', 'all good', 'All'),
(575, '4352', '909254', '4.0', '4.0', '4.0', '4.0', '0.0', 'yes', 'adequate', ' Satisfied with the content.', 'All good', 'All concepts'),
(576, '4354', '909254', '4.0', '4.0', '4.0', '4.0', '0.0', 'yes', 'insufficient', 'It was unbelievable experience, satisfied with the content.', 'All are good', 'everything'),
(577, '4355', '909254', '4.0', '4.0', '4.0', '4.0', '0.0', 'yes', 'insufficient', 'It was unbelievable experience, satisfied with the content.', 'all are good', 'everything'),
(578, '4356', '909254', '4.0', '4.0', '4.0', '4.0', '0.0', 'yes', 'adequate', 'not sure', 'all are good', 'everything'),
(579, '4357', '909254', '4.0', '4.0', '4.0', '4.0', '0.0', 'yes', 'adequate', 'Satisfied with the content.', 'All good', 'everything'),
(580, '4359', '909254', '4.0', '4.0', '4.0', '4.0', '4.0', 'yes', 'adequate', 'It was unbelievable experience, satisfied with the content.', 'All are good..Brilliant Concepts', 'each and every minute of it..'),
(581, '4360', '909254', '4.0', '4.0', '4.0', '4.0', '0.0', 'yes', 'adequate', 'It was unbelievable experience, satisfied with the content.', 'All are good', 'everything'),
(582, '4361', '909254', '4.0', '4.0', '4.0', '4.0', '4.0', 'yes', 'adequate', 'It was unbelievable experience, satisfied with the content. We have to had a 5-star option here.', 'everything was superb.', 'Again, every bit of the session'),
(583, '4359', '353176', '4.0', '4.0', '4.0', '4.0', '3.0', 'yes', 'adequate', 'NA', 'NA', 'NA'),
(584, '4360', '353176', '3.0', '3.0', '3.0', '3.0', '3.0', 'yes', 'adequate', 'NA', 'NA', 'NA'),
(585, '4361', '353176', '4.0', '4.0', '4.0', '4.0', '4.0', 'yes', 'adequate', 'NA', 'NA', 'Details of hand gestures'),
(586, '4273', '355788', '4.0', '4.0', '4.0', '4.0', '4.0', 'yes', 'adequate', '', '', '20:20:20 and tune in, i have a choice ,every one is different, apply thought o meter and a dash of mindfulness'),
(587, '4274', '355788', '4.0', '4.0', '4.0', '4.0', '4.0', 'yes', 'adequate', '', '', 'how to handle stakeholders'),
(588, '4275', '355788', '4.0', '4.0', '4.0', '4.0', '4.0', 'yes', 'adequate', '', '', 'self mgmt tips'),
(589, '4291', '920121', '4.0', '3.0', '4.0', '3.0', '4.0', 'yes', 'adequate', 'na', 'na', 'na'),
(590, '4293', '920121', '4.0', '4.0', '4.0', '4.0', '4.0', 'yes', 'adequate', 'na', 'na', 'responding than reacting'),
(591, '4292', '920121', '4.0', '3.0', '4.0', '3.0', '4.0', 'yes', 'adequate', 'na', 'na', 'na'),
(592, '4295', '920121', '4.0', '4.0', '4.0', '4.0', '4.0', 'yes', 'adequate', 'na', 'na', 'na'),
(593, '4296', '920121', '4.0', '3.0', '2.0', '3.0', '4.0', 'yes', 'adequate', 'na', 'na', 'na'),
(594, '4297', '920121', '4.0', '3.0', '2.0', '4.0', '4.0', 'yes', 'adequate', 'na', 'na', 'na'),
(595, '4298', '920121', '4.0', '3.0', '4.0', '4.0', '4.0', 'yes', 'adequate', 'na', 'na', 'na'),
(596, '4300', '920121', '4.0', '2.0', '2.0', '3.0', '4.0', 'yes', 'adequate', 'na', 'na', 'na'),
(597, '4301', '920121', '4.0', '3.0', '4.0', '4.0', '4.0', 'yes', 'adequate', 'na', 'na', 'na'),
(598, '4302', '920121', '4.0', '4.0', '4.0', '3.0', '4.0', 'yes', 'adequate', 'na', 'na', 'na'),
(599, '4303', '920121', '4.0', '3.0', '2.0', '3.0', '4.0', 'yes', 'adequate', 'na', 'na', 'na'),
(600, '4305', '920121', '4.0', '4.0', '4.0', '4.0', '4.0', 'yes', 'adequate', 'na', 'na', 'na'),
(601, '4306', '920121', '4.0', '4.0', '4.0', '4.0', '4.0', 'yes', 'adequate', 'na', 'na', 'na'),
(602, '4307', '920121', '4.0', '4.0', '4.0', '4.0', '4.0', 'yes', 'adequate', 'na', 'na', 'na'),
(603, '4349', '350776', '4.0', '4.0', '4.0', '4.0', '3.0', 'yes', 'insufficient', 'handling separation ', 'nothing', 'everything :)'),
(604, '4359', '350776', '4.0', '4.0', '4.0', '4.0', '4.0', 'yes', 'adequate', 'nothing', 'nothing', 'everything'),
(605, '4352', '350776', '4.0', '4.0', '4.0', '4.0', '4.0', 'yes', 'insufficient', 'nothing', 'nothing', 'everything'),
(606, '4359', '527946', '4.0', '4.0', '4.0', '4.0', '4.0', 'yes', 'adequate', 'NA', 'NA', 'to lead with example and from front'),
(607, '4360', '527946', '3.0', '3.0', '3.0', '3.0', '4.0', 'yes', 'adequate', 'na', 'na', 'na'),
(608, '4357', '527946', '3.0', '3.0', '3.0', '3.0', '4.0', 'yes', 'adequate', 'na', 'na', 'na'),
(609, '4356', '527946', '4.0', '4.0', '4.0', '4.0', '4.0', 'yes', 'adequate', 'na', 'na', 'na'),
(610, '4355', '527946', '4.0', '4.0', '4.0', '4.0', '4.0', 'yes', 'adequate', 'na', 'na', 'na'),
(611, '4354', '527946', '3.0', '3.0', '3.0', '3.0', '3.0', 'yes', 'adequate', 'na', 'na', 'na'),
(612, '4349', '527946', '3.0', '3.0', '3.0', '3.0', '4.0', 'yes', 'adequate', 'na', 'na', 'na'),
(613, '4350', '527946', '4.0', '4.0', '4.0', '4.0', '4.0', 'yes', 'adequate', 'na', 'na', 'na'),
(614, '4351', '527946', '3.0', '4.0', '3.0', '4.0', '4.0', 'yes', 'adequate', 'na', 'na', 'na'),
(615, '4352', '527946', '4.0', '3.0', '4.0', '3.0', '4.0', 'yes', 'adequate', 'na', 'na', 'na'),
(616, '4345', '527946', '3.0', '3.0', '4.0', '4.0', '4.0', 'yes', 'adequate', 'na', 'na', 'na'),
(617, '4346', '527946', '4.0', '3.0', '3.0', '4.0', '4.0', 'yes', 'adequate', 'na', 'na', 'na'),
(618, '4347', '527946', '4.0', '4.0', '4.0', '4.0', '4.0', 'yes', 'adequate', 'na', 'na', 'na'),
(619, '4291', '512781', '4.0', '4.0', '4.0', '4.0', '4.0', 'yes', 'adequate', 'NA', 'na', 'na'),
(620, '4292', '512781', '4.0', '4.0', '4.0', '4.0', '3.0', 'yes', 'adequate', 'NA', 'NA', 'how to manage stake holder'),
(621, '4293', '512781', '4.0', '4.0', '4.0', '4.0', '4.0', 'yes', 'adequate', 'NA', 'NA', 'NA'),
(622, '4295', '512781', '4.0', '4.0', '4.0', '4.0', '4.0', 'yes', 'adequate', 'NA', 'NA', 'na'),
(623, '4296', '512781', '4.0', '4.0', '4.0', '4.0', '4.0', 'yes', 'adequate', 'na', 'na', 'na'),
(624, '4297', '512781', '4.0', '4.0', '4.0', '4.0', '4.0', 'yes', 'adequate', 'na', 'na', 'na'),
(625, '4298', '512781', '4.0', '4.0', '4.0', '4.0', '4.0', 'yes', 'adequate', 'na', 'na', 'delegation of work'),
(626, '4302', '512781', '4.0', '4.0', '4.0', '4.0', '4.0', 'yes', 'adequate', 'na', 'na', 'na'),
(627, '4300', '512781', '4.0', '4.0', '4.0', '4.0', '4.0', 'yes', 'adequate', 'na', 'na', 'na'),
(628, '4301', '512781', '4.0', '4.0', '4.0', '4.0', '4.0', 'yes', 'adequate', 'na', 'na', 'na'),
(629, '4303', '512781', '4.0', '4.0', '4.0', '4.0', '4.0', 'yes', 'adequate', 'na', 'na', 'managing risk'),
(630, '4305', '512781', '4.0', '4.0', '4.0', '4.0', '4.0', 'yes', 'adequate', 'na', 'na', 'na'),
(631, '4306', '512781', '4.0', '4.0', '4.0', '4.0', '4.0', 'yes', 'adequate', 'na', 'na', 'na'),
(632, '4307', '512781', '4.0', '4.0', '4.0', '4.0', '4.0', 'yes', 'adequate', 'na', 'na', 'na'),
(633, '4291', '547228', '3.0', '3.0', '3.0', '3.0', '3.0', 'yes', 'adequate', 'Transition in mindset is needed for FTM, Responsibilities of a Project Manager', 'NA', 'Planning and to involve people in the projects.'),
(634, '4255', '384058', '4.0', '4.0', '4.0', '4.0', '4.0', 'yes', 'adequate', '', '', 'To transform from lead to Manager'),
(635, '4292', '547228', '3.0', '3.0', '3.0', '3.0', '3.0', 'yes', 'adequate', 'NA', 'NA', 'Communicating with Stakeholders is of utmost importance.'),
(636, '4293', '547228', '3.0', '3.0', '3.0', '3.0', '3.0', 'yes', 'adequate', 'NA', 'NA', 'Situations to respond instead of reacting.'),
(637, '4256', '384058', '4.0', '4.0', '4.0', '4.0', '4.0', 'yes', 'adequate', '', '', 'to analyse stakeholder as per the power and interest level'),
(638, '4295', '547228', '3.0', '3.0', '3.0', '3.0', '3.0', 'yes', 'adequate', 'NA', 'NA', 'Implementing the 5Cs while communicating'),
(639, '4296', '547228', '3.0', '3.0', '3.0', '3.0', '3.0', 'yes', 'too long', 'NA', 'NA', 'Try to negotiate which results in a win - win situation '),
(640, '4257', '384058', '4.0', '4.0', '4.0', '4.0', '4.0', 'yes', 'adequate', '', '', 'self awareness and behavior style'),
(641, '4297', '547228', '3.0', '3.0', '3.0', '3.0', '3.0', 'yes', 'adequate', 'NA', 'NA', 'TCS - Q should be kept in mind while organizing and planning'),
(642, '4259', '384058', '4.0', '4.0', '4.0', '4.0', '4.0', 'yes', 'adequate', '', '', 'communication styles and active listening'),
(643, '4298', '547228', '3.0', '3.0', '3.0', '3.0', '3.0', 'yes', 'adequate', 'NA', 'NA', 'Not to over delegate or under delegate the tasks'),
(644, '4260', '384058', '3.0', '3.0', '3.0', '3.0', '3.0', 'yes', 'adequate', '', '', 'to negotiate well to achieve win-win situation'),
(645, '4305', '547228', '3.0', '3.0', '3.0', '3.0', '3.0', 'yes', 'adequate', 'NA', 'NA', 'Following the different leadership styles based on the situation'),
(646, '4261', '384058', '3.0', '3.0', '3.0', '3.0', '4.0', 'yes', 'adequate', '', '', 'to concentrate more on TCS'),
(647, '4306', '547228', '3.0', '3.0', '3.0', '3.0', '3.0', 'yes', 'adequate', 'NA', 'NA', 'Understanding the team members to succeed in achieving goals'),
(648, '4307', '547228', '3.0', '3.0', '3.0', '3.0', '3.0', 'yes', 'adequate', 'NA', 'NA', 'Following 3 Ds for effective presentation '),
(649, '4262', '384058', '4.0', '4.0', '4.0', '4.0', '4.0', 'yes', 'adequate', '', '', 'to delegate well based on Urgent and important matrix'),
(650, '4300', '547228', '3.0', '3.0', '3.0', '3.0', '3.0', 'yes', 'adequate', 'NA', 'NA', 'Following the billing standards '),
(651, '4264', '384058', '4.0', '4.0', '1.0', '2.0', '0.0', 'yes', 'too long', '', '', 'to learn more on CMS'),
(652, '4301', '547228', '3.0', '3.0', '3.0', '3.0', '3.0', 'yes', 'adequate', 'NA', 'NA', 'Using project scorecard to understand the factors driving results '),
(653, '4265', '384058', '3.0', '3.0', '3.0', '3.0', '3.0', 'yes', 'adequate', '', '', 'to set the right expectation'),
(654, '4302', '547228', '3.0', '3.0', '3.0', '3.0', '3.0', 'yes', 'adequate', 'NA', 'NA', 'NA'),
(655, '4266', '384058', '3.0', '1.0', '1.0', '1.0', '1.0', 'no', 'insufficient', '', '', 'learnt bit'),
(656, '4303', '547228', '3.0', '3.0', '3.0', '3.0', '3.0', 'yes', 'adequate', 'NA', 'NA', 'Not to do the sins in risk management '),
(657, '4267', '384058', '3.0', '2.0', '2.0', '2.0', '3.0', 'yes', 'adequate', '', '', 'to learn more on the risks and managing the expectation'),
(658, '4269', '384058', '4.0', '4.0', '4.0', '4.0', '4.0', 'yes', 'adequate', '', '', 'to implement leadership styles'),
(659, '4270', '384058', '4.0', '4.0', '4.0', '4.0', '4.0', 'yes', 'adequate', '', '', 'leadership styles'),
(660, '4271', '384058', '4.0', '4.0', '4.0', '4.0', '4.0', 'yes', 'adequate', '', '', 'way of presentation to cover the audience. Learnt the Tell-Tell-Tell mantra.'),
(661, '4327', '690180', '4.0', '3.0', '4.0', '3.0', '4.0', 'yes', 'adequate', 'not applicable', 'not applicable', 'ASI improvement & five core values'),
(662, '4328', '690180', '4.0', '4.0', '4.0', '3.0', '4.0', 'yes', 'adequate', 'not applicable', 'not applicable', 'manage stakeholders internal as well as external'),
(663, '4329', '690180', '4.0', '4.0', '4.0', '3.0', '4.0', 'yes', 'adequate', 'not applicable', 'not applicable', '20:20:20 is definitely going to implement'),
(664, '4331', '690180', '4.0', '4.0', '4.0', '4.0', '4.0', 'yes', 'adequate', 'not applicable', 'not applicable', '80%-90% time to be implemented for communication'),
(665, '4332', '690180', '4.0', '4.0', '4.0', '4.0', '4.0', 'yes', 'adequate', 'not applicable', 'not applicable', 'not the outcome but more focus on process, content & relationship with customer'),
(666, '4333', '690180', '4.0', '4.0', '4.0', '4.0', '4.0', 'yes', 'adequate', 'not applicable', 'not applicable', 'planning is continues process'),
(667, '4334', '690180', '4.0', '4.0', '3.0', '3.0', '4.0', 'yes', 'adequate', 'not applicable', 'not applicable', 'more focus on reviews,  important & urgent tasks, important & not urgent tasks'),
(668, '4336', '690180', '4.0', '3.0', '3.0', '3.0', '3.0', 'yes', 'adequate', 'not applicable', 'not applicable', 'focus on PV & CB on ongoing basis'),
(669, '4337', '690180', '4.0', '4.0', '4.0', '4.0', '4.0', 'yes', 'adequate', 'not applicable', 'not applicable', 'more focus on implementing project specific scorecard'),
(670, '4338', '690180', '3.0', '3.0', '4.0', '3.0', '3.0', 'yes', 'adequate', 'not applicable', 'not applicable', 'setting up right goals in right context '),
(671, '4339', '690180', '4.0', '4.0', '4.0', '4.0', '4.0', 'yes', 'adequate', 'not applicable', 'not applicable', 'managing & periodically updating Risk register'),
(672, '4341', '690180', '4.0', '4.0', '4.0', '4.0', '4.0', 'yes', 'adequate', 'not applicable', 'not applicable', 'to do self alignment while dealing with different categories of people'),
(673, '4342', '690180', '4.0', '4.0', '4.0', '4.0', '4.0', 'yes', 'adequate', 'not applicable', 'not applicable', 'creating effective team by appreciation,  providing team common incentives,  etc '),
(674, '4343', '690180', '4.0', '4.0', '4.0', '4.0', '4.0', 'yes', 'adequate', 'not applicable', 'not applicable', 'improve on vocabulary & practice more on speeches'),
(675, '4310', '1102343', '4.0', '4.0', '4.0', '4.0', '4.0', 'yes', 'adequate', '', '', 'managing stakeholders,  type of communication with them..  stakeholders intrest and power matrix.. '),
(676, '4275', '474021', '4.0', '4.0', '4.0', '4.0', '4.0', 'yes', 'adequate', 'na', 'na', 'everything'),
(677, '4277', '474021', '4.0', '3.0', '3.0', '3.0', '3.0', 'yes', 'adequate', 'na', 'na', 'most of them'),
(678, '4278', '474021', '4.0', '3.0', '3.0', '3.0', '3.0', 'yes', 'adequate', 'na', 'na', 'the art of negotiation'),
(679, '4279', '474021', '4.0', '3.0', '3.0', '3.0', '3.0', 'yes', 'adequate', 'na', 'na', 'planning '),
(680, '4280', '474021', '4.0', '3.0', '3.0', '3.0', '3.0', 'yes', 'adequate', 'na', 'na', 'organizing'),
(681, '4282', '474021', '3.0', '2.0', '1.0', '1.0', '2.0', 'yes', 'insufficient', 'course has to be streamlined ', 'na', 'na'),
(682, '4283', '474021', '4.0', '3.0', '3.0', '3.0', '3.0', 'yes', 'adequate', 'na', 'na', 'driving results'),
(683, '4284', '474021', '4.0', '3.0', '3.0', '4.0', '3.0', 'yes', 'adequate', 'na', 'na', 'na'),
(684, '4285', '474021', '4.0', '3.0', '3.0', '3.0', '3.0', 'yes', 'adequate', 'na', 'na', 'risk management'),
(685, '4287', '474021', '4.0', '3.0', '3.0', '3.0', '3.0', 'yes', 'adequate', 'na', 'na', 'leadership'),
(686, '4288', '474021', '4.0', '3.0', '3.0', '3.0', '3.0', 'yes', 'adequate', 'na', 'na', 'teaming up'),
(687, '4289', '474021', '4.0', '3.0', '3.0', '3.0', '3.0', 'yes', 'adequate', 'na', 'na', 'presentation skills'),
(688, '4359', '1101517', '4.0', '4.0', '4.0', '4.0', '4.0', 'yes', 'adequate', 'The course was sufficient', 'none', 'Situational leadership'),
(689, '4345', '525965', '4.0', '4.0', '4.0', '4.0', '3.0', 'yes', 'insufficient', 'na', 'na', 'na'),
(690, '4346', '525965', '4.0', '4.0', '4.0', '4.0', '4.0', 'yes', 'insufficient', 'na', 'na', 'will implement..'),
(691, '4347', '525965', '4.0', '4.0', '4.0', '4.0', '4.0', 'yes', 'insufficient', 'na', 'na', 'all'),
(692, '4349', '525965', '4.0', '4.0', '4.0', '4.0', '4.0', 'yes', 'insufficient', 'na', 'na', 'na'),
(693, '4350', '525965', '4.0', '4.0', '4.0', '4.0', '4.0', 'yes', 'insufficient', 'na', 'na', 'na'),
(694, '4351', '525965', '4.0', '3.0', '3.0', '3.0', '3.0', 'yes', 'insufficient', 'na', 'na', 'na'),
(695, '4352', '525965', '3.0', '3.0', '3.0', '3.0', '3.0', 'yes', 'insufficient', 'na', 'na', 'na'),
(696, '4354', '525965', '3.0', '3.0', '3.0', '3.0', '3.0', 'yes', 'insufficient', 'na', 'na', 'na'),
(697, '4355', '525965', '4.0', '4.0', '4.0', '4.0', '4.0', 'yes', 'insufficient', 'na', 'na', 'na'),
(698, '4356', '525965', '3.0', '3.0', '3.0', '3.0', '3.0', 'yes', 'insufficient', 'na', 'na', 'na'),
(699, '4357', '525965', '3.0', '3.0', '3.0', '3.0', '3.0', 'yes', 'insufficient', 'na', 'na', 'na'),
(700, '4359', '525965', '4.0', '4.0', '4.0', '4.0', '4.0', 'yes', 'insufficient', 'its good. nothing to add', 'nothing ', 'all the learning.'),
(701, '4360', '525965', '4.0', '4.0', '4.0', '4.0', '4.0', 'yes', 'insufficient', 'nothing', 'na', 'all'),
(702, '4361', '525965', '4.0', '4.0', '4.0', '4.0', '4.0', 'yes', 'insufficient', 'nothing. its good', 'nothing', 'all'),
(703, '4291', '459207', '4.0', '3.0', '3.0', '3.0', '3.0', 'yes', 'adequate', 'none', 'none', 'Most of them'),
(704, '4381', '1043972', '4.0', '4.0', '4.0', '4.0', '4.0', 'yes', 'adequate', 'na', 'na', 'na'),
(705, '4381', '39389', '3.0', '3.0', '3.0', '3.0', '3.0', 'yes', 'adequate', 'nothing', 'nothing', 'nothing'),
(706, '4382', '1043972', '4.0', '4.0', '4.0', '4.0', '4.0', 'yes', 'adequate', 'NA', 'NA', 'NA'),
(707, '4382', '39389', '3.0', '3.0', '3.0', '3.0', '3.0', 'yes', 'adequate', 'nothing', 'nothing', 'nothing'),
(708, '4383', '1043972', '4.0', '4.0', '4.0', '4.0', '4.0', 'yes', 'adequate', 'NA', 'NA', 'NA'),
(709, '4383', '39389', '4.0', '4.0', '4.0', '4.0', '4.0', 'yes', 'adequate', 'nothing', 'nothing', 'everything'),
(710, '4367', '922582', '3.0', '3.0', '3.0', '3.0', '3.0', 'yes', 'adequate', 'na', 'na', 'all topics'),
(711, '4363', '893443', '4.0', '4.0', '4.0', '4.0', '3.0', 'yes', 'adequate', 'na', 'na', 'Manage Stakeholders'),
(712, '4364', '893443', '4.0', '4.0', '4.0', '4.0', '3.0', 'yes', 'adequate', 'na', 'na', 'how to manage stakeholders'),
(713, '4365', '893443', '4.0', '4.0', '4.0', '4.0', '3.0', 'yes', 'adequate', 'na', 'na', 'self awareness'),
(714, '4367', '893443', '4.0', '4.0', '4.0', '4.0', '3.0', 'yes', 'adequate', 'na', 'na', 'how to communicate effectively'),
(715, '4368', '893443', '4.0', '4.0', '4.0', '4.0', '3.0', 'yes', 'adequate', 'na', 'na', 'learnt new concepts like zopa and batna'),
(716, '4385', '1043972', '4.0', '4.0', '4.0', '4.0', '4.0', 'yes', 'adequate', 'na', 'na', 'na'),
(717, '4386', '1043972', '4.0', '4.0', '4.0', '4.0', '4.0', 'yes', 'adequate', 'na', 'na', 'na'),
(718, '4381', '190999', '3.0', '3.0', '3.0', '3.0', '3.0', 'yes', 'adequate', 'none', 'none', 'managerial thinking'),
(719, '4387', '39389', '2.0', '2.0', '1.0', '1.0', '2.0', 'yes', 'insufficient', 'nothing', 'need to find', 'need to decide'),
(720, '4383', '470941', '3.0', '3.0', '3.0', '3.0', '3.0', 'yes', 'adequate', 'has covered all aspects well', 'all are adequate', 'self.management and self awareness'),
(721, '4382', '190999', '3.0', '3.0', '3.0', '3.0', '3.0', 'yes', 'adequate', 'conflict resolution among stake holders', 'none', 'managing stakeholders'),
(722, '4383', '190999', '4.0', '4.0', '4.0', '4.0', '4.0', 'yes', 'adequate', 'managing different types of people in projects', 'none', 'managing different communication styles '),
(723, '4385', '190999', '3.0', '3.0', '3.0', '3.0', '3.0', 'yes', 'too long', 'none', 'none', 'negotiation skills'),
(724, '4386', '190999', '4.0', '4.0', '4.0', '4.0', '4.0', 'yes', 'adequate', 'negotiating with negative people ', 'none', 'negotiating and fixing a price'),
(725, '4387', '190999', '3.0', '4.0', '3.0', '3.0', '3.0', 'yes', 'adequate', 'none', 'none', 'devote more time to planning '),
(726, '4388', '190999', '3.0', '3.0', '3.0', '3.0', '3.0', 'yes', 'adequate', 'none', 'none', 'delegate the work and spend more time in managerial activities'),
(727, '4390', '190999', '4.0', '4.0', '3.0', '4.0', '4.0', 'yes', 'adequate', 'how to maintain growth rate ', 'none', 'maintain profitability across project'),
(728, '4393', '190999', '4.0', '3.0', '3.0', '3.0', '3.0', 'yes', 'adequate', 'none', 'none', 'communicating risks'),
(729, '4391', '190999', '4.0', '3.0', '3.0', '3.0', '3.0', 'yes', 'adequate', 'none', 'none', 'getting final results in adverse environment'),
(730, '4363', '1031910', '4.0', '4.0', '3.0', '4.0', '3.0', 'yes', 'adequate', '               .', '                .', 'how to build capabilities.'),
(731, '4383', '470328', '4.0', '4.0', '4.0', '4.0', '4.0', 'yes', 'adequate', 'na', 'na', 'na'),
(732, '4382', '470328', '3.0', '3.0', '3.0', '3.0', '3.0', 'yes', 'adequate', 'na', 'na', 'na'),
(733, '4426', '584173', '3.0', '4.0', '3.0', '4.0', '4.0', 'yes', 'insufficient', 'Na', 'Na', 'now i understand my project is belongs to which category.How the revenue is calculating'),
(734, '4427', '584173', '3.0', '3.0', '4.0', '4.0', '4.0', 'yes', 'adequate', 'Na', 'Na', '.'),
(735, '4429', '584173', '4.0', '4.0', '4.0', '4.0', '4.0', 'yes', 'adequate', 'Na', 'na', 'i understand the known and unknown risk..'),
(736, '4424', '584173', '4.0', '4.0', '4.0', '4.0', '4.0', 'yes', 'adequate', 'Na', 'na', 'i understand the effective delegation..i will implement this to my team members'),
(737, '4421', '584173', '4.0', '4.0', '4.0', '4.0', '4.0', 'yes', 'adequate', 'Na', 'Na', '5W1H is very useful'),
(738, '4422', '584173', '4.0', '3.0', '4.0', '4.0', '4.0', 'yes', 'adequate', 'Na', 'Na', '.'),
(739, '4423', '584173', '4.0', '4.0', '4.0', '4.0', '4.0', 'yes', 'adequate', 'Na', 'Na', 'i understand what is effective planning.'),
(740, '4418', '584173', '4.0', '4.0', '4.0', '4.0', '4.0', 'yes', 'adequate', 'Na', 'na', 'the course is very useful to identify who are the key stakeholders'),
(741, '4390', '538366', '4.0', '3.0', '3.0', '4.0', '3.0', 'yes', 'adequate', 'salary structure and increment model', 'nothing', 'nothing as of now'),
(742, '4419', '584173', '4.0', '4.0', '4.0', '4.0', '4.0', 'yes', 'adequate', 'Na', 'na', 'this course is very useful.i will implement the 5 principles of self management'),
(743, '4417', '584173', '4.0', '3.0', '4.0', '4.0', '3.0', 'yes', 'adequate', 'Na', 'na', 'i understand what are the responsibility in project Management'),
(744, '4390', '470941', '3.0', '3.0', '3.0', '3.0', '3.0', 'yes', 'insufficient', 'covered most of the aspects', 'all concepts included are necessary', 'response plans and proper handling of risks'),
(745, '4382', '470941', '3.0', '3.0', '3.0', '3.0', '3.0', 'yes', 'adequate', 'covers all aspects', 'all concepts included are required', 'communication with stakeholders '),
(746, '4391', '470941', '3.0', '3.0', '3.0', '3.0', '3.0', 'yes', 'adequate', 'all good', 'nothing', 'how to achieve good results'),
(747, '4393', '470941', '3.0', '3.0', '3.0', '3.0', '3.0', 'yes', 'too long', 'covers all aspect', 'too long sessions but nothing to be dropped', 'proper risk analysis and response plans'),
(748, '4385', '470941', '3.0', '3.0', '3.0', '3.0', '3.0', 'yes', 'adequate', 'all good', 'all good', 'to concentrate more on body language .tone and words used'),
(749, '4386', '470941', '3.0', '3.0', '3.0', '3.0', '3.0', 'yes', 'adequate', 'all good', 'all good', 'diff btw negotiation and bargaining, how well to negotiate'),
(750, '4387', '470941', '3.0', '3.0', '3.0', '3.0', '3.0', 'yes', 'adequate', 'good', 'good', 'proper planning , organizing tasks as per priority'),
(751, '4388', '470941', '3.0', '3.0', '3.0', '3.0', '3.0', 'yes', 'adequate', 'good', 'good', 'importamce '),
(752, '4426', '463140', '4.0', '4.0', '3.0', '4.0', '4.0', 'yes', 'insufficient', 'more lights on revenue', 'nothing', 'proper estimate'),
(753, '4370', '893443', '4.0', '4.0', '4.0', '4.0', '3.0', 'yes', 'adequate', 'na', 'na', 'delegation'),
(754, '4429', '463140', '4.0', '4.0', '4.0', '4.0', '4.0', 'yes', 'adequate', 'More real-time examples', 'very theoretical', 'never assume'),
(755, '4372', '893443', '4.0', '4.0', '4.0', '4.0', '3.0', 'yes', 'adequate', 'na', 'na', 'how to plan project finance...how to be more profitable in project finance'),
(756, '4375', '893443', '4.0', '4.0', '4.0', '4.0', '3.0', 'yes', 'adequate', 'na', 'na', 'learnt different types of risks and responses to these risks'),
(757, '4431', '182479', '4.0', '4.0', '4.0', '4.0', '4.0', 'yes', 'adequate', '1. One techcom session for 2 hrs.Documentation is an area of improvement give by many clients in CSI. creating infographics, proposal writing. etc ', 'nil', 'all the topics'),
(758, '4431', '463140', '4.0', '4.0', '4.0', '3.0', '4.0', 'yes', 'adequate', 'more interactive activities', 'very theoretical. It wuld be better with some real time examples', 'lead a team in efficient way'),
(759, '4417', '463140', '4.0', '4.0', '4.0', '4.0', '4.0', 'yes', 'adequate', 'NA', 'NA', 'perception'),
(760, '4418', '463140', '4.0', '4.0', '4.0', '4.0', '4.0', 'yes', 'adequate', 'more light on stake holder priority', 'very theoretical.. would be better with some real time examples', 'my stakeholder relation'),
(761, '4419', '463140', '4.0', '4.0', '4.0', '4.0', '4.0', 'yes', 'adequate', 'NA', 'NA', 'Self awareness'),
(762, '4422', '463140', '4.0', '4.0', '4.0', '4.0', '4.0', 'yes', 'adequate', 'NA', 'NA', 'understood the importance of negotiation..will implement the same.'),
(763, '4421', '463140', '4.0', '4.0', '4.0', '4.0', '4.0', 'yes', 'adequate', 'na', 'na', 'better communication at work place'),
(764, '4423', '463140', '4.0', '4.0', '3.0', '4.0', '4.0', 'yes', 'adequate', 'na', 'na', 'proper planning'),
(765, '4424', '463140', '3.0', '3.0', '3.0', '3.0', '4.0', 'yes', 'insufficient', 'na', 'na', 'well planned delegation'),
(766, '4393', '1043972', '4.0', '3.0', '2.0', '3.0', '3.0', 'yes', 'too long', 'can make it more interesting.', 'na', 'na'),
(767, '4377', '185775', '4.0', '4.0', '4.0', '3.0', '4.0', 'yes', 'adequate', 'Good ', 'na', 'skills '),
(768, '4413', '988519', '3.0', '4.0', '3.0', '3.0', '3.0', 'yes', 'adequate', 'more realistic excercise', 'additional theory', 'leadership practice'),
(769, '4377', '1035301', '4.0', '4.0', '4.0', '4.0', '4.0', 'yes', 'adequate', 'na', 'na', 'na'),
(770, '4378', '1035301', '4.0', '4.0', '4.0', '4.0', '4.0', 'yes', 'adequate', 'na', 'na', 'na'),
(771, '4379', '1035301', '4.0', '4.0', '4.0', '4.0', '4.0', 'yes', 'adequate', 'na', 'na', 'na'),
(772, '4395', '190999', '3.0', '4.0', '4.0', '4.0', '4.0', 'yes', 'adequate', 'handling negative people', 'none ', 'How a follower can transform himself into leader'),
(773, '4397', '470328', '4.0', '4.0', '4.0', '4.0', '4.0', 'yes', 'adequate', 'na', 'na', 'na'),
(774, '4397', '468343', '4.0', '4.0', '4.0', '4.0', '4.0', 'yes', 'insufficient', 'more time', 'nil', 'implement all to my extend'),
(775, '4395', '468343', '4.0', '4.0', '4.0', '4.0', '4.0', 'yes', 'insufficient', 'nil', 'nil', 'nil'),
(776, '4396', '468343', '4.0', '4.0', '4.0', '4.0', '4.0', 'yes', 'adequate', 'nil', 'nil', 'nil'),
(777, '4395', '470941', '4.0', '4.0', '4.0', '4.0', '4.0', 'yes', 'adequate', 'covered all aspects', 'covered all required concepts', 'to be a good leader'),
(778, '4396', '470941', '3.0', '3.0', '3.0', '3.0', '3.0', 'yes', 'adequate', 'good covering all aspects', 'nothing', 'respect team ideas and motivate the team'),
(779, '4397', '470941', '4.0', '4.0', '4.0', '4.0', '4.0', 'yes', 'adequate', 'good', 'good', 'body language , voice and words to be used , confidence'),
(780, '4453', '706041', '4.0', '4.0', '4.0', '4.0', '4.0', 'yes', 'adequate', 'the course content & concepts is sufficient .', 'the course content & concepts is sufficient .', 'I would be looking at the big picture and try to get away from the mode of individual contributor'),
(781, '4454', '706041', '4.0', '4.0', '4.0', '4.0', '4.0', 'yes', 'adequate', 'the course content & concepts is sufficient .', 'the course content & concepts is sufficient .', 'I learned about various stakehokders of the project and will try to implement starategies to manage key stakeholders.'),
(782, '4415', '793054', '4.0', '4.0', '4.0', '4.0', '4.0', 'yes', 'adequate', 'atleast one question should be asked by individual during  any topic forced  by mentor so hesitation will overcome those who dont speak more. ', 'no', 'yes '),
(783, '4414', '793054', '4.0', '4.0', '4.0', '4.0', '4.0', 'yes', 'adequate', '', 'no', 'yes'),
(784, '4413', '793054', '4.0', '4.0', '4.0', '4.0', '4.0', 'yes', 'adequate', '', 'no', 'definetely'),
(785, '4453', '339517', '3.0', '4.0', '4.0', '3.0', '4.0', 'yes', 'adequate', 'Sufficient', 'Sufficient', 'How to manage things better'),
(786, '4454', '339517', '3.0', '4.0', '4.0', '3.0', '4.0', 'yes', 'adequate', 'Practical scenarios of different types of stakeholders should be discussed', 'none', 'How to identify stakeholders and manage them as per their importance'),
(787, '4455', '339517', '4.0', '4.0', '4.0', '4.0', '4.0', 'yes', 'adequate', 'Sufficient', 'Sufficient', 'How to take care of ourselves by understanding ourselves better'),
(788, '4417', '347985', '4.0', '3.0', '3.0', '4.0', '4.0', 'yes', 'adequate', '-', '-', 'project Management'),
(789, '4418', '347985', '4.0', '4.0', '4.0', '4.0', '4.0', 'yes', 'adequate', '-', '-', 'All'),
(790, '4419', '347985', '4.0', '4.0', '4.0', '4.0', '4.0', 'yes', 'adequate', '-', '-', 'All'),
(791, '4421', '347985', '4.0', '4.0', '4.0', '4.0', '4.0', 'yes', 'adequate', '-', '-', 'All'),
(792, '4422', '347985', '4.0', '4.0', '4.0', '4.0', '4.0', 'yes', 'adequate', '-', '-', 'All'),
(793, '4423', '347985', '4.0', '4.0', '4.0', '4.0', '4.0', 'yes', 'adequate', '-', '-', 'All'),
(794, '4424', '347985', '4.0', '4.0', '4.0', '4.0', '4.0', 'yes', 'adequate', '-', '-', 'All'),
(795, '4426', '347985', '4.0', '4.0', '4.0', '4.0', '4.0', 'yes', 'insufficient', '-', '-', 'RFP '),
(796, '4427', '347985', '4.0', '4.0', '4.0', '4.0', '4.0', 'yes', 'adequate', '-', '-', 'All'),
(797, '4429', '347985', '4.0', '4.0', '4.0', '4.0', '4.0', 'yes', 'adequate', '-', '-', 'all'),
(798, '4431', '347985', '4.0', '4.0', '4.0', '4.0', '4.0', 'yes', 'adequate', '-', '-', 'All'),
(799, '4432', '347985', '4.0', '4.0', '4.0', '4.0', '4.0', 'yes', 'adequate', '-', '-', 'All'),
(800, '4433', '347985', '4.0', '4.0', '4.0', '4.0', '4.0', 'yes', 'adequate', '-', '-', 'All'),
(801, '4417', '538760', '4.0', '4.0', '2.0', '2.0', '4.0', 'yes', 'too long', 'it was quite sufficient', 'the session was quite long not able to completely concentrate could have introduced during the first day first half session ', 'management concepts '),
(802, '4419', '538760', '4.0', '4.0', '4.0', '4.0', '4.0', 'yes', 'adequate', 'it was sufficient', 'it was very interesting didnt feel anything like that', 'how to react and manage ppl with different attitude and bring them to.right track'),
(803, '4421', '538760', '4.0', '4.0', '4.0', '4.0', '4.0', 'yes', 'adequate', 'was sufficient', 'was really interesting', 'what kind of communication can be done how and where ');
INSERT INTO `feed` (`feedid`, `scheduleid`, `employeeid`, `knowledge`, `articulation`, `time_management`, `interaction`, `quality_of_course`, `course_objective`, `time`, `toadd`, `toremove`, `willimplement`) VALUES
(804, '4424', '538760', '4.0', '4.0', '4.0', '4.0', '4.0', 'yes', 'adequate', 'was sufficient', 'not required', 'to what kind of ppl delegation can be done'),
(805, '4422', '538760', '4.0', '4.0', '4.0', '4.0', '4.0', 'yes', 'adequate', 'was sufficient', 'nothing', 'was extremely interesting will try to negotiate in such a way a win win situation arises at both the ends positively'),
(806, '4432', '538760', '4.0', '4.0', '4.0', '4.0', '4.0', 'yes', 'adequate', 'was adequate', 'nothing', 'was interesting and Came to know how team work can be effectively implemented'),
(807, '4432', '557670', '4.0', '4.0', '4.0', '4.0', '4.0', 'yes', 'adequate', 'NIL', 'NIL', 'Would follow all presentation tips'),
(808, '4431', '557670', '4.0', '4.0', '4.0', '4.0', '4.0', 'yes', 'adequate', 'NIL', 'NIL', 'All team members should be involved'),
(809, '4433', '557670', '4.0', '4.0', '4.0', '4.0', '4.0', 'yes', 'adequate', 'NIL', 'NIL', 'The handout, although the same as in iON video is very handy and useful'),
(810, '4435', '564299', '3.0', '2.0', '3.0', '3.0', '3.0', 'yes', 'adequate', 'Pre session inputs from Class to gauge the understanding and then address audience accordingly 2- Project based issues faced by associates if any', 'content is good', 'More delegation'),
(811, '4399', '791873', '3.0', '3.0', '3.0', '3.0', '3.0', 'yes', 'adequate', 'given topics are sufficient', 'not applicable', 'stakeholders should be considered for decisiin making'),
(812, '4436', '564299', '3.0', '3.0', '3.0', '3.0', '2.0', 'yes', 'adequate', '1- Activities to perform Stake holder management and provide feedback how was it done  ', 'Content is good', 'Already many of good practices r in place'),
(813, '4437', '564299', '3.0', '3.0', '3.0', '3.0', '3.0', 'yes', 'adequate', 'Add Introspection done by John as a video', 'content is good', 'best practice are covered'),
(814, '4439', '564299', '3.0', '3.0', '3.0', '3.0', '3.0', 'yes', 'adequate', '1 - Inter location communication activities and facilitator can provide feedback ', 'content looks good', 'Best practice are covered in daily life'),
(815, '4440', '564299', '4.0', '4.0', '4.0', '4.0', '4.0', 'yes', 'adequate', 'Fantastic no change required', 'Fantastic no change required', 'Best practice r in place'),
(816, '4441', '564299', '3.0', '2.0', '3.0', '3.0', '3.0', 'yes', 'adequate', '1 - More activities on the floor and provide feedback to associates', 'content is ok', 'best practice in place at work'),
(817, '4444', '564299', '4.0', '4.0', '4.0', '4.0', '4.0', 'yes', 'adequate', 'all good', 'no change', 'look out for quarterly results'),
(818, '4445', '564299', '3.0', '3.0', '3.0', '3.0', '3.0', 'yes', 'adequate', 'On floor activities would help associates or even few videos', 'content is ok', 'best practice already in place'),
(819, '4447', '564299', '3.0', '3.0', '3.0', '3.0', '3.0', 'yes', 'adequate', 'on floor activities or videos would help associates', 'content is good', 'best practice already in place'),
(820, '4449', '564299', '3.0', '2.0', '3.0', '3.0', '3.0', 'yes', 'adequate', 'More realistic example or videos would help for associates to co relate', 'content is good', 'best practice already in place'),
(821, '4450', '564299', '4.0', '4.0', '4.0', '4.0', '4.0', 'yes', 'adequate', 'perfect', 'content is ok', 'best practice in place'),
(822, '4451', '564299', '3.0', '2.0', '3.0', '3.0', '3.0', 'yes', 'adequate', 'More activities on floor or show videos to corelate ', 'content is ok', 'best practice in place'),
(823, '4383', '243217', '4.0', '4.0', '4.0', '4.0', '4.0', 'yes', 'adequate', 'na', 'na', 'self analysis'),
(824, '4382', '243217', '3.0', '2.0', '3.0', '3.0', '4.0', 'yes', 'too long', 'na', 'na', 'communication'),
(825, '4381', '243217', '3.0', '2.0', '3.0', '3.0', '3.0', 'yes', 'adequate', 'na', 'na', 'na'),
(826, '4385', '243217', '3.0', '2.0', '3.0', '3.0', '4.0', 'yes', 'adequate', 'na', 'na', 'na'),
(827, '4386', '243217', '3.0', '2.0', '3.0', '3.0', '4.0', 'yes', 'adequate', 'na', 'na', 'na'),
(828, '4387', '243217', '3.0', '2.0', '3.0', '3.0', '4.0', 'yes', 'adequate', 'na', 'na', 'na'),
(829, '4388', '243217', '3.0', '2.0', '3.0', '3.0', '4.0', 'yes', 'adequate', 'na', 'na', 'na'),
(830, '4390', '243217', '3.0', '3.0', '3.0', '3.0', '0.0', 'yes', 'adequate', 'na', 'na', 'na'),
(831, '4391', '243217', '3.0', '2.0', '3.0', '3.0', '3.0', 'yes', 'adequate', 'na', 'na', 'na'),
(832, '4393', '243217', '3.0', '2.0', '3.0', '3.0', '4.0', 'yes', 'adequate', 'na', 'na', 'na'),
(833, '4395', '243217', '4.0', '4.0', '4.0', '4.0', '4.0', 'yes', 'insufficient', 'na', 'na', 'better leading'),
(834, '4396', '243217', '3.0', '2.0', '3.0', '3.0', '4.0', 'yes', 'adequate', 'na', 'na', 'better teaming up'),
(835, '4397', '243217', '4.0', '4.0', '4.0', '4.0', '0.0', 'yes', 'insufficient', 'na', 'na', 'improved presenting'),
(836, '4435', '981717', '4.0', '4.0', '4.0', '4.0', '3.0', 'yes', 'adequate', 'NA', 'NA', 'NA'),
(837, '4436', '981717', '4.0', '4.0', '4.0', '4.0', '4.0', 'yes', 'adequate', 'NA ', 'NA ', 'NA '),
(838, '4419', '456349', '4.0', '4.0', '4.0', '4.0', '4.0', 'yes', 'adequate', 'disc ', 'nothing it was good', 'DISC'),
(839, '4421', '456349', '4.0', '4.0', '4.0', '4.0', '4.0', 'yes', 'adequate', 'good explanations ', 'nothing', 'everything '),
(840, '4424', '456349', '3.0', '3.0', '3.0', '3.0', '3.0', 'yes', 'insufficient', 'could have been better', 'few examples ', 'negotiations skills '),
(841, '4422', '456349', '4.0', '4.0', '4.0', '4.0', '4.0', 'yes', 'adequate', 'good', 'nothing', 'excellent '),
(842, '4417', '540954', '4.0', '4.0', '4.0', '4.0', '4.0', 'yes', 'adequate', 'was good', 'nothing', 'skills'),
(843, '4418', '540954', '4.0', '4.0', '4.0', '4.0', '4.0', 'yes', 'adequate', 'was good ', 'nothing', 'how we should weigh the relationship of the stakeholder'),
(844, '4419', '540954', '4.0', '4.0', '4.0', '4.0', '4.0', 'yes', 'adequate', 'was good ', 'nothing', '20:20:20'),
(845, '4437', '981717', '4.0', '4.0', '4.0', '4.0', '4.0', 'yes', 'adequate', 'NA ', 'NA ', 'the art of self awareness'),
(846, '4439', '981717', '4.0', '4.0', '4.0', '4.0', '4.0', 'yes', 'adequate', 'NA ', 'NA ', 'use the stages of communication to communicate effectively'),
(847, '4440', '981717', '4.0', '4.0', '4.0', '4.0', '4.0', 'yes', 'adequate', 'NA ', 'NA ', 'how to negotiate effectively'),
(848, '4441', '981717', '4.0', '4.0', '4.0', '4.0', '4.0', 'yes', 'adequate', 'NA ', 'NA ', 'how to plan effectively,  ask simple questions for planning,  '),
(849, '4442', '981717', '4.0', '4.0', '4.0', '4.0', '4.0', 'yes', 'adequate', 'NA ', 'NA ', 'how to effectively delegate work and manage time'),
(850, '4444', '981717', '4.0', '4.0', '4.0', '4.0', '4.0', 'yes', 'adequate', '', '', 'will use basics of project finance while working on various aspects of project management'),
(851, '4447', '981717', '4.0', '4.0', '4.0', '4.0', '4.0', 'yes', 'adequate', 'NA ', 'NA ', 'understanding the importance of risk management in a project'),
(852, '4417', '182479', '4.0', '4.0', '4.0', '4.0', '4.0', 'yes', 'adequate', 'nil', 'nil ', 'all concepts '),
(853, '4418', '182479', '4.0', '4.0', '4.0', '4.0', '4.0', 'yes', 'adequate', 'nil', 'nil', 'all concepts '),
(854, '4419', '182479', '4.0', '4.0', '4.0', '4.0', '4.0', 'yes', 'adequate', 'nil', 'nil', 'all.concepts '),
(855, '4421', '182479', '4.0', '4.0', '4.0', '4.0', '4.0', 'yes', 'adequate', 'nil', 'nil', 'all concepts '),
(856, '4422', '182479', '4.0', '4.0', '4.0', '4.0', '4.0', 'yes', 'adequate', 'nil', 'nil', 'all topics'),
(857, '4424', '182479', '4.0', '4.0', '4.0', '4.0', '4.0', 'yes', 'adequate', 'nil ', 'nil', 'all concepts '),
(858, '4423', '182479', '4.0', '4.0', '4.0', '4.0', '4.0', 'yes', 'adequate', 'nil', 'nil', 'all topics '),
(859, '4426', '182479', '4.0', '4.0', '4.0', '4.0', '4.0', 'yes', 'adequate', 'WON related finance concepts which a lead should know.', 'nil', 'all topics '),
(860, '4427', '182479', '4.0', '4.0', '4.0', '4.0', '4.0', 'yes', 'adequate', 'nil', 'nil', 'all topics'),
(861, '4429', '182479', '4.0', '4.0', '4.0', '4.0', '4.0', 'yes', 'adequate', 'nil', 'nil', 'all.topics'),
(862, '4432', '182479', '4.0', '4.0', '4.0', '4.0', '4.0', 'yes', 'adequate', 'nil', 'nil ', 'all concepts '),
(863, '4433', '182479', '4.0', '4.0', '4.0', '4.0', '4.0', 'yes', 'adequate', 'nil ', 'nil', 'all concepts '),
(864, '4417', '461293', '4.0', '4.0', '4.0', '4.0', '4.0', 'yes', 'adequate', '', '', 'yes will trying to implement on day to day activity.'),
(865, '4418', '461293', '4.0', '4.0', '4.0', '4.0', '4.0', 'yes', 'adequate', '', '', 'yes'),
(866, '4419', '461293', '4.0', '4.0', '4.0', '4.0', '4.0', 'yes', 'adequate', '', '', 'yes'),
(867, '4421', '461293', '4.0', '4.0', '4.0', '4.0', '4.0', 'yes', 'adequate', '', '', 'yes'),
(868, '4422', '461293', '4.0', '4.0', '4.0', '4.0', '4.0', 'yes', 'adequate', '', '', 'yes'),
(869, '4423', '461293', '4.0', '4.0', '4.0', '4.0', '4.0', 'yes', 'adequate', '', '', 'yes'),
(870, '4424', '461293', '4.0', '4.0', '4.0', '4.0', '4.0', 'yes', 'adequate', '', '', 'yes'),
(871, '4426', '461293', '4.0', '4.0', '4.0', '4.0', '4.0', 'yes', 'insufficient', 'need more time about the finance discussion   ', '', 'yes '),
(872, '4427', '461293', '4.0', '4.0', '4.0', '4.0', '4.0', 'yes', 'adequate', '', '', 'yes'),
(873, '4429', '461293', '4.0', '4.0', '4.0', '4.0', '4.0', 'yes', 'adequate', '', '', 'yes'),
(874, '4431', '461293', '4.0', '4.0', '4.0', '4.0', '4.0', 'yes', 'adequate', '', '', 'yes'),
(875, '4432', '461293', '4.0', '4.0', '4.0', '4.0', '4.0', 'yes', 'adequate', '', '', 'yes'),
(876, '4433', '461293', '4.0', '4.0', '4.0', '4.0', '4.0', 'yes', 'adequate', '', '', 'yes'),
(877, '4435', '595109', '3.0', '4.0', '3.0', '4.0', '3.0', 'yes', 'adequate', '', '', 'responsibilities of first time managers and how we can manage ourselves'),
(878, '4436', '595109', '3.0', '4.0', '3.0', '4.0', '4.0', 'yes', 'adequate', '', '', 'How to identify key stakeholders and interact with them'),
(879, '4437', '595109', '4.0', '4.0', '4.0', '4.0', '3.0', 'yes', 'adequate', '', '', 'Key elements of self management'),
(880, '4387', '1043972', '4.0', '4.0', '4.0', '4.0', '4.0', 'yes', 'adequate', 'na', 'na', 'na'),
(881, '4388', '1043972', '4.0', '4.0', '4.0', '4.0', '4.0', 'yes', 'adequate', 'na', 'na', 'Na'),
(882, '4390', '1043972', '4.0', '4.0', '4.0', '4.0', '4.0', 'yes', 'insufficient', 'na', 'na', 'na'),
(883, '4391', '1043972', '4.0', '4.0', '4.0', '4.0', '4.0', 'yes', 'adequate', 'na', 'na', 'na'),
(884, '4395', '1043972', '4.0', '4.0', '4.0', '4.0', '4.0', 'yes', 'adequate', 'na', 'na', 'na'),
(885, '4396', '1043972', '4.0', '4.0', '4.0', '4.0', '4.0', 'yes', 'adequate', 'na', 'na', 'na'),
(886, '4397', '1043972', '4.0', '4.0', '4.0', '4.0', '4.0', 'yes', 'adequate', 'very useful', 'na', 'na'),
(887, '4395', '538366', '4.0', '4.0', '4.0', '4.0', '4.0', 'yes', 'adequate', 'tcs specific leadership strategy..it industry techno leadership and career', 'nothing', 'everything '),
(888, '4397', '538366', '4.0', '4.0', '4.0', '0.0', '3.0', 'yes', 'insufficient', 'play presentation video', 'nothing ', 'all'),
(889, '4413', '395970', '4.0', '4.0', '4.0', '4.0', '4.0', 'yes', 'adequate', 'NA', 'NA', 'Self Awareness'),
(890, '4399', '988519', '3.0', '3.0', '3.0', '3.0', '3.0', 'yes', 'adequate', 'excercise and examples can be more interesting and realistics', 'its ok', 'all the concepts we can implement in day to day life'),
(891, '4400', '988519', '3.0', '3.0', '3.0', '3.0', '3.0', 'yes', 'adequate', 'little more on stakeholders behaviour and satisfactory technique', 'content was good', 'in day to day stakeholder communication'),
(892, '4401', '988519', '3.0', '3.0', '3.0', '3.0', '3.0', 'yes', 'adequate', 'more on self management and growth with real examples', 'found adequate', 'self management and self  behavioural approach'),
(893, '4435', '233484', '4.0', '4.0', '4.0', '4.0', '4.0', 'yes', 'adequate', 'NA', 'Na', 'na'),
(894, '4436', '233484', '4.0', '4.0', '4.0', '4.0', '4.0', 'yes', 'adequate', 'na', 'na', 'na'),
(895, '4437', '233484', '4.0', '4.0', '4.0', '4.0', '4.0', 'yes', 'adequate', 'na', 'na', 'na'),
(896, '4439', '233484', '4.0', '4.0', '4.0', '4.0', '4.0', 'yes', 'adequate', 'na', 'na', 'na'),
(897, '4440', '233484', '4.0', '4.0', '4.0', '4.0', '4.0', 'yes', 'adequate', 'na', 'na', 'na'),
(898, '4441', '233484', '4.0', '4.0', '4.0', '4.0', '4.0', 'yes', 'adequate', 'na', 'na', 'na'),
(899, '4442', '233484', '4.0', '4.0', '4.0', '4.0', '4.0', 'yes', 'adequate', 'na', 'na', 'na'),
(900, '4444', '233484', '4.0', '4.0', '4.0', '4.0', '4.0', 'yes', 'adequate', 'na', 'na', 'na'),
(901, '4445', '233484', '4.0', '4.0', '4.0', '4.0', '4.0', 'yes', 'adequate', 'na', 'na', 'na'),
(902, '4447', '233484', '4.0', '4.0', '4.0', '4.0', '4.0', 'yes', 'adequate', 'na', 'na', 'na'),
(903, '4449', '233484', '4.0', '4.0', '4.0', '4.0', '4.0', 'yes', 'adequate', 'na', 'na', 'na'),
(904, '4450', '233484', '4.0', '4.0', '4.0', '4.0', '4.0', 'yes', 'adequate', 'na', 'na', 'na'),
(905, '4451', '233484', '4.0', '4.0', '4.0', '4.0', '4.0', 'yes', 'adequate', 'na', 'na', 'na'),
(906, '4592', '357980', '4.0', '4.0', '4.0', '4.0', '4.0', 'yes', 'adequate', 'na', 'na', 'all'),
(907, '4595', '357980', '4.0', '4.0', '4.0', '4.0', '4.0', 'yes', 'adequate', 'na', 'na', 'all'),
(908, '4597', '357980', '4.0', '4.0', '4.0', '4.0', '4.0', 'yes', 'adequate', 'na', 'na', 'all'),
(909, '4598', '357980', '4.0', '4.0', '4.0', '4.0', '4.0', 'yes', 'adequate', 'na', 'na', 'all'),
(910, '4599', '357980', '4.0', '4.0', '4.0', '4.0', '4.0', 'yes', 'adequate', 'na', 'na', 'all'),
(911, '4602', '357980', '4.0', '4.0', '4.0', '4.0', '4.0', 'yes', 'adequate', 'na', 'nna', 'all'),
(912, '4601', '357980', '4.0', '4.0', '4.0', '4.0', '4.0', 'yes', 'adequate', 'na', 'na', 'all'),
(913, '4550', '748624', '4.0', '3.0', '3.0', '3.0', '3.0', 'yes', 'adequate', 'na', 'na', 'emotional intelligence.'),
(914, '4550', '395232', '4.0', '4.0', '4.0', '4.0', '3.0', 'yes', 'adequate', 'none as such', 'everything was relevant', 'leadership behavior'),
(915, '4604', '197204', '4.0', '4.0', '4.0', '4.0', '4.0', 'yes', 'adequate', 'na', 'na', 'just check wat type of communication the other person is n tackle accordingly'),
(916, '4645', '245107', '4.0', '4.0', '3.0', '4.0', '4.0', 'yes', 'adequate', 'more content on written communication ', 'NA', 'All'),
(917, '4604', '822156', '4.0', '3.0', '4.0', '4.0', '3.0', 'yes', 'adequate', '', '', 'assertive communication'),
(918, '4612', '822156', '3.0', '3.0', '3.0', '3.0', '3.0', 'yes', 'adequate', '', '', 'fixed timelines'),
(919, '4611', '822156', '4.0', '3.0', '4.0', '4.0', '3.0', 'yes', 'adequate', '', '', 'organising and planning to be done smartly for successfull project'),
(920, '4608', '822156', '4.0', '4.0', '4.0', '4.0', '4.0', 'yes', 'adequate', '', '', 'importance of negotiation to convert desire to success'),
(921, '4606', '822156', '4.0', '4.0', '4.0', '4.0', '4.0', 'yes', 'adequate', '', '', 'improving communication within team'),
(922, '4610', '822156', '4.0', '4.0', '4.0', '4.0', '4.0', 'yes', 'adequate', '', '', 'improving negotiation skills'),
(923, '4591', '822156', '3.0', '3.0', '3.0', '4.0', '3.0', 'yes', 'adequate', '', '', 'information about the overall course'),
(924, '4602', '822156', '4.0', '4.0', '4.0', '4.0', '4.0', 'yes', 'adequate', '', '', 'importance of behaviour and its impact '),
(925, '4603', '822156', '3.0', '3.0', '4.0', '4.0', '3.0', 'yes', 'adequate', '', '', 'utilization of time'),
(926, '4601', '822156', '4.0', '4.0', '4.0', '4.0', '4.0', 'yes', 'adequate', '', '', 'self control'),
(927, '4599', '822156', '4.0', '4.0', '4.0', '4.0', '4.0', 'yes', 'adequate', '', '', 'how to create interdependence'),
(928, '4598', '822156', '4.0', '4.0', '4.0', '4.0', '4.0', 'yes', 'adequate', '', '', 'pmc technique'),
(929, '4597', '822156', '4.0', '4.0', '4.0', '4.0', '4.0', 'yes', 'adequate', '', '', 'identifying multiple stakeholder'),
(930, '4595', '822156', '4.0', '4.0', '4.0', '4.0', '4.0', 'yes', 'adequate', '', '', 'identifying multiple stakeholders'),
(931, '4604', '873755', '4.0', '4.0', '4.0', '4.0', '4.0', 'yes', 'adequate', 'NA', 'NA', '-'),
(932, '4592', '822156', '4.0', '3.0', '3.0', '3.0', '3.0', 'yes', 'adequate', '', '', 'transition technique'),
(933, '4606', '873755', '4.0', '4.0', '4.0', '4.0', '4.0', 'yes', 'adequate', 'NA', 'Na', '-'),
(934, '4594', '822156', '3.0', '3.0', '4.0', '4.0', '3.0', 'yes', 'adequate', '', '', 'transition technique'),
(935, '4608', '873755', '4.0', '4.0', '4.0', '4.0', '4.0', 'yes', 'adequate', 'na', 'na', 'proper way of negotiations.'),
(936, '4611', '873755', '4.0', '4.0', '4.0', '4.0', '4.0', 'yes', 'adequate', 'na', 'na', '-'),
(937, '4592', '873755', '4.0', '4.0', '4.0', '4.0', '4.0', 'yes', 'adequate', '-', '-', '-'),
(938, '4595', '873755', '4.0', '4.0', '4.0', '4.0', '4.0', 'yes', 'adequate', '-', '-', '-'),
(939, '4598', '873755', '4.0', '4.0', '4.0', '4.0', '4.0', 'yes', 'adequate', '-', '-', '-'),
(940, '4602', '873755', '4.0', '4.0', '4.0', '4.0', '4.0', 'yes', 'adequate', '-', '-', '-'),
(941, '4604', '220454', '4.0', '4.0', '3.0', '4.0', '3.0', 'yes', 'adequate', 'NA', 'NA', 'how to deal with tough team members in team so that team objective can be achieved without impact'),
(942, '4599', '220454', '4.0', '4.0', '4.0', '4.0', '4.0', 'yes', 'adequate', 'NA', 'NA', 'How to manage patience'),
(943, '4601', '220454', '4.0', '4.0', '4.0', '4.0', '4.0', 'yes', 'adequate', 'NA', 'NA', 'PCM 20/20/20'),
(944, '4550', '1100350', '3.0', '3.0', '3.0', '4.0', '3.0', 'yes', 'adequate', 'nothing', 'nothing', 'self management and stakeholder management '),
(945, '4551', '1100350', '3.0', '3.0', '3.0', '4.0', '3.0', 'yes', 'adequate', 'nothing', 'nithing', 'all'),
(946, '4553', '1100350', '3.0', '3.0', '3.0', '4.0', '3.0', 'yes', 'adequate', 'nothing ', 'nothing ', 'all'),
(947, '4554', '1100350', '3.0', '3.0', '3.0', '3.0', '3.0', 'yes', 'adequate', 'nothing ', 'nothing', 'stakeholder management '),
(948, '4556', '1100350', '3.0', '3.0', '3.0', '3.0', '3.0', 'yes', 'adequate', 'nothing', 'nothing', 'all'),
(949, '4557', '1100350', '3.0', '3.0', '3.0', '4.0', '3.0', 'yes', 'adequate', 'nothing ', 'nothing ', 'all'),
(950, '4558', '1100350', '3.0', '3.0', '3.0', '4.0', '3.0', 'yes', 'adequate', 'nothing ', 'nothing ', 'all'),
(951, '4560', '1100350', '3.0', '3.0', '3.0', '4.0', '3.0', 'yes', 'adequate', 'nothing ', 'nothing', 'all'),
(952, '4561', '1100350', '3.0', '3.0', '3.0', '4.0', '3.0', 'yes', 'adequate', 'nothing ', 'nothing ', 'all'),
(953, '4562', '1100350', '4.0', '4.0', '4.0', '4.0', '4.0', 'yes', 'adequate', 'nothing ', 'nothing ', 'all'),
(954, '4385', '39389', '4.0', '4.0', '4.0', '4.0', '4.0', 'yes', 'adequate', 'nothing', 'nothing', 'nothing'),
(955, '4386', '39389', '4.0', '4.0', '4.0', '4.0', '4.0', 'yes', 'adequate', 'nothing', 'nothing', 'nothing'),
(956, '4388', '39389', '2.0', '2.0', '1.0', '2.0', '2.0', 'yes', 'adequate', 'review and change the way ', 'review and change the way ', 'everything'),
(957, '4550', '1101735', '4.0', '4.0', '4.0', '4.0', '4.0', 'yes', 'adequate', 'No comment. It was full of required concepts', 'No comment. It was full of required concepts', 'Getting & giving feedback. Help team members and self to  identify their weakness and improve it '),
(958, '4390', '39389', '3.0', '3.0', '3.0', '3.0', '3.0', 'yes', 'adequate', 'nothing', 'nothing', 'all'),
(959, '4391', '39389', '2.0', '2.0', '1.0', '2.0', '2.0', 'yes', 'adequate', 'review and change the way ', 'review and change the way ', 'all'),
(960, '4393', '39389', '2.0', '2.0', '1.0', '2.0', '1.0', 'yes', 'adequate', 'review and change the way of presenting it', 'review and change the way of presenting it', 'all'),
(961, '4395', '39389', '4.0', '4.0', '4.0', '4.0', '4.0', 'yes', 'adequate', 'nothing', 'nothing', 'alk'),
(962, '4396', '39389', '3.0', '3.0', '3.0', '2.0', '2.0', 'yes', 'adequate', 'nothing', 'nothing', 'all'),
(963, '4397', '39389', '4.0', '4.0', '4.0', '4.0', '4.0', 'yes', 'adequate', 'nothing', 'nothing', 'all'),
(964, '4604', '559887', '4.0', '4.0', '4.0', '4.0', '4.0', 'yes', 'adequate', '', '', 'communication - importance of body language in communication'),
(965, '4606', '559887', '4.0', '4.0', '4.0', '4.0', '4.0', 'yes', 'adequate', '', '', 'active listening  '),
(966, '4608', '559887', '4.0', '3.0', '4.0', '4.0', '4.0', 'yes', 'adequate', '', '', 'negotiation win win deal making'),
(967, '4610', '559887', '4.0', '4.0', '4.0', '4.0', '4.0', 'yes', 'adequate', '', '', 'negotiation skills'),
(968, '4550', '252337', '4.0', '4.0', '4.0', '4.0', '3.0', 'yes', 'adequate', 'more examples', 'NA', 'Will implement the concepts of team management'),
(969, '4551', '252337', '4.0', '4.0', '4.0', '4.0', '4.0', 'yes', 'adequate', 'ok', 'NA', 'ok'),
(970, '4553', '252337', '4.0', '4.0', '4.0', '4.0', '4.0', 'yes', 'adequate', 'ok', 'NA', 'ok'),
(971, '4554', '252337', '4.0', '4.0', '4.0', '4.0', '4.0', 'yes', 'adequate', 'ok', 'NA', 'ok'),
(972, '4556', '252337', '4.0', '4.0', '4.0', '4.0', '4.0', 'yes', 'adequate', 'ok', 'NA', 'ok'),
(973, '4557', '252337', '4.0', '4.0', '4.0', '4.0', '4.0', 'yes', 'adequate', 'ok', 'NA', 'ok'),
(974, '4558', '252337', '4.0', '4.0', '4.0', '4.0', '4.0', 'yes', 'adequate', 'ok', 'NA', 'ok'),
(975, '4561', '252337', '4.0', '4.0', '4.0', '4.0', '4.0', 'yes', 'adequate', 'ok', 'NA', 'ok'),
(976, '4562', '252337', '4.0', '4.0', '4.0', '4.0', '4.0', 'yes', 'adequate', 'ok', 'NA', 'ok'),
(977, '4560', '252337', '4.0', '4.0', '4.0', '4.0', '4.0', 'yes', 'adequate', 'ok', 'NA', 'ok'),
(978, '4570', '1100350', '3.0', '3.0', '2.0', '2.0', '3.0', 'yes', 'adequate', 'nothing', 'nothing ', 'all'),
(979, '4563', '1100350', '3.0', '3.0', '3.0', '3.0', '3.0', 'yes', 'adequate', 'nothing ', 'nothing ', 'all'),
(980, '4565', '1100350', '3.0', '3.0', '3.0', '3.0', '3.0', 'yes', 'adequate', 'nothing ', 'nothing ', 'all'),
(981, '4567', '1100350', '3.0', '3.0', '3.0', '3.0', '3.0', 'yes', 'adequate', 'more team work ', 'less the number of role plays', 'all'),
(982, '4569', '1100350', '3.0', '3.0', '3.0', '3.0', '3.0', 'yes', 'adequate', 'nothing ', 'nothing ', 'all '),
(983, '4571', '1100350', '3.0', '3.0', '3.0', '4.0', '3.0', 'yes', 'adequate', 'nothing ', 'nothing ', 'all'),
(984, '4572', '681890', '4.0', '4.0', '4.0', '4.0', '4.0', 'yes', 'adequate', 'NA', 'NA', 'NA'),
(985, '4574', '681890', '4.0', '4.0', '4.0', '4.0', '0.0', 'yes', 'adequate', 'NA', 'NA', 'NA'),
(986, '4576', '681890', '4.0', '4.0', '4.0', '4.0', '4.0', 'yes', 'adequate', 'NA', 'na', 'na'),
(987, '4578', '681890', '4.0', '3.0', '3.0', '2.0', '3.0', 'yes', 'adequate', 'na', 'na', 'na'),
(988, '4578', '395232', '3.0', '1.0', '1.0', '2.0', '1.0', 'no', 'insufficient', 'Cost budgeting and resourcing should be covered ', 'Rest all details can be dropped ', 'NA'),
(989, '4613', '848764', '3.0', '3.0', '3.0', '3.0', '3.0', 'yes', 'insufficient', 'more case studies on risk identification', 'NA', 'NA'),
(990, '4557', '1102925', '3.0', '4.0', '4.0', '4.0', '0.0', 'yes', 'adequate', '', '', 'Pranayam, which helped to have Peace of mind & concentrate'),
(991, '4613', '200289', '4.0', '4.0', '4.0', '4.0', '4.0', 'yes', 'adequate', 'more details on task categorization..', 'na', 'yes'),
(992, '4615', '200289', '4.0', '4.0', '4.0', '4.0', '4.0', 'yes', 'adequate', 'it is good now.. ', 'na', 'risk management process.'),
(993, '4618', '200289', '3.0', '3.0', '3.0', '4.0', '3.0', 'yes', 'adequate', 'more simple presentation.. and delivery..', 'na', 'iot concept'),
(994, '4619', '200289', '4.0', '3.0', '3.0', '4.0', '3.0', 'yes', 'adequate', 'demo to tcs application cms , pcm etc', 'na', 'project management finance '),
(995, '4613', '873755', '4.0', '4.0', '4.0', '4.0', '4.0', 'yes', 'adequate', '-', '-', '-'),
(996, '4619', '873755', '4.0', '4.0', '4.0', '4.0', '4.0', 'yes', 'adequate', '-', '-', '-'),
(997, '4622', '873755', '4.0', '4.0', '4.0', '4.0', '4.0', 'yes', 'adequate', '-', '-', '-'),
(998, '4623', '873755', '4.0', '4.0', '4.0', '4.0', '4.0', 'yes', 'adequate', '-', '-', '-'),
(999, '4572', '1100350', '3.0', '3.0', '3.0', '4.0', '3.0', 'yes', 'adequate', 'nothing ', 'nothing ', 'all'),
(1000, '4574', '1100350', '3.0', '3.0', '3.0', '4.0', '4.0', 'yes', 'adequate', 'nothing ', 'nothing ', 'all'),
(1001, '4576', '1100350', '3.0', '3.0', '3.0', '4.0', '3.0', 'yes', 'adequate', 'nothing ', 'nothing ', 'all '),
(1002, '4577', '1100350', '3.0', '3.0', '3.0', '3.0', '3.0', 'yes', 'adequate', 'nothing ', 'nothing ', 'all'),
(1003, '4578', '1100350', '3.0', '3.0', '3.0', '3.0', '3.0', 'yes', 'adequate', 'nothing ', 'nothing ', 'all'),
(1004, '4581', '1100350', '4.0', '4.0', '4.0', '4.0', '4.0', 'yes', 'adequate', 'nothing ', 'nothing ', 'all'),
(1005, '4582', '1100350', '3.0', '3.0', '3.0', '3.0', '3.0', 'yes', 'adequate', 'nothing ', 'nothing ', 'all'),
(1006, '4550', '1101190', '4.0', '4.0', '4.0', '4.0', '4.0', 'yes', 'adequate', 'Nothing really', 'It was actually good', 'Welcoming new people on board'),
(1007, '4551', '1101190', '4.0', '4.0', '4.0', '4.0', '4.0', 'yes', 'adequate', 'Could be more interactive', 'Nothing', 'Identifying and managing the stakeholders'),
(1008, '4553', '1101190', '4.0', '4.0', '4.0', '4.0', '4.0', 'yes', 'adequate', 'Could be more interactive', 'Nothing', 'Identifying and managing the stakeholders'),
(1009, '4554', '1101190', '4.0', '4.0', '4.0', '4.0', '4.0', 'yes', 'adequate', 'A real life example could be presented', 'Nothing', 'Identifying and managing stakeholder'),
(1010, '4613', '559887', '4.0', '3.0', '4.0', '4.0', '4.0', 'yes', 'adequate', '', '', 'importance of risk identification'),
(1011, '4615', '559887', '4.0', '3.0', '4.0', '4.0', '4.0', 'yes', 'adequate', '', '', 'importance of delegation to manage time'),
(1012, '4581', '1102925', '4.0', '4.0', '4.0', '4.0', '3.0', 'yes', 'adequate', '', '', 'Proper goal setting'),
(1013, '4583', '1102925', '4.0', '4.0', '4.0', '4.0', '3.0', 'yes', 'adequate', '', '', 'Making things happen'),
(1014, '4587', '1102925', '4.0', '4.0', '4.0', '1.0', '3.0', 'yes', 'adequate', '', '', 'to be a leader, be a good coach'),
(1015, '4624', '357980', '4.0', '4.0', '4.0', '4.0', '4.0', 'yes', 'adequate', 'na', 'na', 'all'),
(1016, '4626', '357980', '4.0', '4.0', '4.0', '4.0', '4.0', 'yes', 'adequate', 'na', 'na', 'all'),
(1017, '4628', '357980', '4.0', '4.0', '4.0', '4.0', '4.0', 'yes', 'adequate', 'na', 'na', 'all'),
(1018, '4624', '1102179', '4.0', '4.0', '4.0', '4.0', '3.0', 'yes', 'adequate', 'Team motivation, How to be a customer centric', 'Na', 'leadership'),
(1019, '4598', '1102179', '4.0', '4.0', '0.0', '4.0', '4.0', 'yes', 'adequate', 'sufficient enough', 'na', 'Understanding others behavior style'),
(1020, '4589', '748624', '4.0', '4.0', '4.0', '4.0', '3.0', 'yes', 'adequate', '', '', 'will use in all future presentations.'),
(1021, '4587', '748624', '4.0', '4.0', '4.0', '4.0', '3.0', 'yes', 'adequate', '', '', 'will use in projects to buill a great team.'),
(1022, '4583', '748624', '4.0', '4.0', '4.0', '4.0', '3.0', 'yes', 'adequate', '', '', 'will practice in real life.'),
(1023, '4585', '748624', '4.0', '4.0', '4.0', '4.0', '3.0', 'yes', 'adequate', '', '', 'will practice in real life.'),
(1024, '4551', '1101735', '4.0', '4.0', '4.0', '4.0', '4.0', 'yes', 'adequate', 'NA', 'NA', 'Will try to find out the real person inside me'),
(1025, '4502', '1122562', '4.0', '4.0', '4.0', '4.0', '4.0', 'yes', 'adequate', 'not required ', 'not required ', 'all'),
(1026, '4504', '1122562', '4.0', '4.0', '4.0', '4.0', '4.0', 'yes', 'adequate', 'not required ', 'not required ', 'all'),
(1027, '4506', '1122562', '4.0', '4.0', '4.0', '4.0', '4.0', 'yes', 'adequate', 'not required ', 'not required ', 'aml'),
(1028, '4508', '1122562', '4.0', '3.0', '3.0', '3.0', '4.0', 'yes', 'adequate', 'not sure ', 'not sure ', 'all possible'),
(1029, '4509', '1122562', '3.0', '3.0', '4.0', '2.0', '3.0', 'yes', 'too long', 'not required ', 'not required ', 'all'),
(1030, '4630', '220454', '4.0', '4.0', '4.0', '4.0', '4.0', 'yes', 'adequate', '', '', 'reading newspaper daily to enhance vocanulory'),
(1031, '4583', '351647', '4.0', '4.0', '4.0', '4.0', '4.0', 'yes', 'adequate', 'None ', 'None', 'Self alignment, integration, relationship, communication skills '),
(1032, '4585', '351647', '4.0', '4.0', '4.0', '4.0', '4.0', 'yes', 'adequate', 'None ', 'None ', 'Self alignment, integration'),
(1033, '4587', '351647', '4.0', '4.0', '4.0', '4.0', '4.0', 'yes', 'adequate', 'None', 'None ', 'Proper resource selection and utilisation '),
(1034, '4589', '351647', '4.0', '4.0', '4.0', '4.0', '4.0', 'yes', 'adequate', 'None ', 'None ', 'Body language, content shape up'),
(1035, '4590', '351647', '4.0', '4.0', '4.0', '4.0', '4.0', 'yes', 'adequate', 'None', 'None ', 'my future plan for professional life '),
(1036, '4583', '681890', '4.0', '4.0', '4.0', '4.0', '4.0', 'yes', 'adequate', 'NA', 'NA', 'NA'),
(1037, '4563', '681890', '4.0', '4.0', '4.0', '4.0', '4.0', 'yes', 'adequate', 'NA', 'NA', 'NA'),
(1038, '4565', '681890', '4.0', '4.0', '4.0', '4.0', '4.0', 'yes', 'adequate', 'NA', 'NA', 'NA'),
(1039, '4567', '681890', '4.0', '4.0', '4.0', '4.0', '4.0', 'yes', 'adequate', 'NA', 'NA', 'NA'),
(1040, '4569', '681890', '4.0', '4.0', '4.0', '4.0', '4.0', 'yes', 'adequate', 'NA', 'NA', 'NA'),
(1041, '4570', '681890', '4.0', '4.0', '4.0', '4.0', '4.0', 'yes', 'adequate', 'NA', 'NA', 'NA'),
(1042, '4571', '681890', '4.0', '4.0', '4.0', '4.0', '4.0', 'yes', 'adequate', 'NA', 'NA', 'NO'),
(1043, '4590', '681890', '4.0', '4.0', '4.0', '4.0', '4.0', 'yes', 'adequate', 'NA', 'NA', 'NA'),
(1044, '4589', '681890', '4.0', '4.0', '4.0', '4.0', '4.0', 'yes', 'adequate', 'NA', 'NA', 'NA'),
(1045, '4585', '681890', '4.0', '4.0', '4.0', '4.0', '4.0', 'yes', 'adequate', 'NA', 'NA', 'NA'),
(1046, '4587', '681890', '4.0', '4.0', '4.0', '4.0', '4.0', 'yes', 'adequate', 'NA', 'NA', 'NA'),
(1047, '4562', '681890', '4.0', '4.0', '4.0', '4.0', '4.0', 'yes', 'adequate', 'NA', 'NA', 'NA'),
(1048, '4561', '681890', '4.0', '4.0', '4.0', '4.0', '4.0', 'yes', 'adequate', 'NA', 'NA', 'NA'),
(1049, '4560', '681890', '4.0', '4.0', '4.0', '4.0', '4.0', 'yes', 'adequate', 'NA', 'NA', 'NA'),
(1050, '4558', '681890', '4.0', '4.0', '4.0', '4.0', '4.0', 'no', 'adequate', 'NA', 'NA', 'NA'),
(1051, '4550', '681890', '4.0', '4.0', '4.0', '4.0', '4.0', 'yes', 'adequate', 'NA', 'NA', 'NA'),
(1052, '4551', '681890', '4.0', '4.0', '4.0', '4.0', '4.0', 'yes', 'adequate', 'NA', 'NA', 'NA'),
(1053, '4553', '681890', '4.0', '4.0', '4.0', '4.0', '4.0', 'yes', 'adequate', 'NA', 'NA', 'NA'),
(1054, '4554', '681890', '4.0', '4.0', '4.0', '4.0', '4.0', 'yes', 'adequate', 'NA', 'NA', 'NA'),
(1055, '4556', '681890', '4.0', '4.0', '4.0', '4.0', '4.0', 'yes', 'adequate', 'NA', 'NA', 'NA'),
(1056, '4557', '681890', '4.0', '4.0', '4.0', '4.0', '4.0', 'yes', 'adequate', 'NA', 'NA', 'NA'),
(1057, '4471', '587937', '3.0', '4.0', '4.0', '4.0', '3.0', 'yes', 'adequate', '', '', 'identifying alll t'),
(1058, '4479', '587937', '4.0', '4.0', '4.0', '0.0', '4.0', 'yes', 'adequate', '', '', 'was very interrsting and I will implement all my learning'),
(1059, '4480', '587937', '4.0', '4.0', '4.0', '4.0', '3.0', 'yes', 'adequate', '', '', 'behaviour styles helped to understand that there are people with different perspective, and you and the other person need not to be in the same page always'),
(1060, '4486', '587937', '4.0', '4.0', '4.0', '4.0', '0.0', 'yes', 'adequate', '', '', 'learnt there are quite a different negotiating styles and I will choose the negotiation style according to the person and the situation I want tio negotiatiate'),
(1061, '4489', '587937', '3.0', '3.0', '3.0', '3.0', '0.0', 'yes', 'adequate', '', '', 'learnt planning is very important '),
(1062, '4549', '330602', '4.0', '4.0', '4.0', '4.0', '4.0', 'yes', 'adequate', 'have covered almost everything', 'nothing', 'building an effective team and will become accessible to all my team members'),
(1063, '4542', '330602', '4.0', '4.0', '4.0', '4.0', '4.0', 'yes', 'adequate', 'have covered almost everything', 'nothing', 'importance of self management'),
(1064, '4544', '330602', '4.0', '4.0', '4.0', '4.0', '4.0', 'yes', 'adequate', 'have covered almost every thing', 'nothing', 'as a leader we should motivate and inspire team not only concerned about tasks'),
(1065, '4602', '547900', '4.0', '4.0', '4.0', '4.0', '4.0', 'yes', 'adequate', 'na', 'na', 'na'),
(1066, '4595', '547900', '4.0', '4.0', '4.0', '4.0', '4.0', 'yes', 'adequate', 'na', 'na', 'na'),
(1067, '4591', '200289', '4.0', '3.0', '3.0', '4.0', '3.0', 'yes', 'adequate', 'NA', 'NA', 'NA'),
(1068, '4630', '357980', '4.0', '4.0', '4.0', '4.0', '4.0', 'yes', 'adequate', 'na', 'na', 'all'),
(1069, '4592', '200289', '4.0', '4.0', '3.0', '4.0', '3.0', 'yes', 'adequate', 'NA', 'NA', 'NA'),
(1070, '4594', '200289', '4.0', '3.0', '3.0', '4.0', '3.0', 'yes', 'adequate', 'na', 'na', 'na'),
(1071, '4595', '200289', '4.0', '3.0', '3.0', '4.0', '3.0', 'yes', 'adequate', 'NA', 'NA', 'NA'),
(1072, '4470', '969855', '4.0', '4.0', '4.0', '2.0', '4.0', 'yes', 'adequate', 'introduction can be more precise ', 'finance', 'disc and delegation'),
(1073, '4471', '969855', '4.0', '4.0', '4.0', '4.0', '4.0', 'yes', 'adequate', 'negotiation activity can be given more time', 'nothing', 'negotiating '),
(1074, '4473', '969855', '4.0', '4.0', '4.0', '4.0', '4.0', 'yes', 'adequate', 'risk management', 'nothing', 'manage risk'),
(1075, '4509', '969855', '4.0', '4.0', '4.0', '4.0', '4.0', 'yes', 'adequate', 'nothing', 'nothing', 'to respect people'),
(1076, '4475', '969855', '4.0', '4.0', '4.0', '4.0', '4.0', 'yes', 'adequate', 'nothing', 'nothing', 'nothing'),
(1077, '4481', '969855', '4.0', '4.0', '4.0', '4.0', '4.0', 'yes', 'adequate', 'nothing', 'nothing ', 'nothing'),
(1078, '4480', '969855', '4.0', '4.0', '4.0', '4.0', '4.0', 'yes', 'adequate', 'nothing', 'nothing', 'nothing'),
(1079, '4479', '969855', '4.0', '4.0', '4.0', '4.0', '4.0', 'yes', 'adequate', 'nothing', 'nothing', 'nothing'),
(1080, '4477', '969855', '4.0', '4.0', '4.0', '4.0', '4.0', 'yes', 'adequate', 'nothing', 'nothing', 'nothing'),
(1081, '4476', '969855', '4.0', '4.0', '4.0', '4.0', '4.0', 'yes', 'adequate', 'nothing', 'nothing', 'nothing'),
(1082, '4482', '969855', '4.0', '4.0', '4.0', '4.0', '4.0', 'yes', 'adequate', 'nothing', 'nothing', 'nothing '),
(1083, '4484', '969855', '4.0', '4.0', '4.0', '4.0', '4.0', 'yes', 'adequate', 'nothing', 'nothing', 'nothing'),
(1084, '4486', '969855', '4.0', '4.0', '4.0', '4.0', '4.0', 'yes', 'adequate', 'nothing', 'nothing', 'nothing'),
(1085, '4490', '969855', '4.0', '4.0', '4.0', '4.0', '4.0', 'yes', 'adequate', 'nothing', 'nothing', 'nothing'),
(1086, '4489', '969855', '4.0', '4.0', '4.0', '4.0', '4.0', 'yes', 'adequate', 'nothing', 'nothing', 'nothing'),
(1087, '4488', '969855', '4.0', '4.0', '4.0', '4.0', '4.0', 'yes', 'adequate', 'nothing', 'nothing', 'nothing'),
(1088, '4491', '969855', '4.0', '4.0', '4.0', '4.0', '4.0', 'yes', 'adequate', 'nothing', 'nothing', 'nothing'),
(1089, '4501', '969855', '4.0', '4.0', '4.0', '4.0', '4.0', 'yes', 'adequate', 'nothing', 'nothing', 'nothing'),
(1090, '4500', '969855', '4.0', '4.0', '4.0', '4.0', '4.0', 'yes', 'adequate', 'nothing', 'nothing', 'nothing'),
(1091, '4499', '969855', '4.0', '4.0', '4.0', '4.0', '4.0', 'yes', 'adequate', 'nothing', 'nothing', 'nothing'),
(1092, '4493', '969855', '4.0', '4.0', '4.0', '4.0', '4.0', 'yes', 'adequate', 'nothing', 'nothing', 'nothing'),
(1093, '4497', '969855', '4.0', '4.0', '4.0', '4.0', '4.0', 'yes', 'adequate', 'nothing', 'nothing', 'nothing'),
(1094, '4496', '969855', '4.0', '4.0', '4.0', '4.0', '4.0', 'yes', 'adequate', 'nothing', 'nothing', 'nothing'),
(1095, '4495', '969855', '4.0', '4.0', '4.0', '4.0', '4.0', 'yes', 'adequate', 'nothing', 'nothing', 'nothing'),
(1096, '4502', '969855', '4.0', '4.0', '4.0', '4.0', '4.0', 'yes', 'adequate', 'nothing', 'nothing', 'nothing'),
(1097, '4504', '969855', '4.0', '4.0', '4.0', '4.0', '4.0', 'yes', 'adequate', 'nothing', 'nothing', 'nothing'),
(1098, '4506', '969855', '4.0', '4.0', '4.0', '4.0', '4.0', 'yes', 'adequate', 'nothing', 'nothing', 'nothing'),
(1099, '4508', '969855', '4.0', '4.0', '4.0', '4.0', '4.0', 'yes', 'adequate', 'nothing', 'nothing', 'nothing'),
(1100, '4551', '748624', '3.0', '3.0', '3.0', '3.0', '3.0', 'yes', 'adequate', '', '', 'would apply it.'),
(1101, '4553', '748624', '3.0', '3.0', '3.0', '3.0', '3.0', 'yes', 'adequate', '', '', 'would apply it.'),
(1102, '4554', '748624', '3.0', '3.0', '3.0', '3.0', '3.0', 'yes', 'adequate', '', '', 'would apply it.'),
(1103, '4557', '748624', '4.0', '4.0', '4.0', '4.0', '4.0', 'yes', 'adequate', '', '', '.'),
(1104, '4558', '748624', '4.0', '4.0', '4.0', '4.0', '4.0', 'yes', 'adequate', '', '', 'will apply self management.'),
(1105, '4561', '748624', '4.0', '4.0', '4.0', '4.0', '4.0', 'yes', 'adequate', '', '', '.'),
(1106, '4562', '748624', '4.0', '4.0', '4.0', '4.0', '4.0', 'yes', 'adequate', '', '', '.'),
(1107, '4563', '748624', '3.0', '3.0', '3.0', '3.0', '3.0', 'yes', 'adequate', '', '', '.'),
(1108, '4569', '748624', '3.0', '3.0', '3.0', '3.0', '3.0', 'yes', 'adequate', '', '', '.'),
(1109, '4570', '748624', '3.0', '3.0', '3.0', '3.0', '3.0', 'yes', 'adequate', '', '', '.'),
(1110, '4571', '748624', '4.0', '4.0', '4.0', '4.0', '4.0', 'yes', 'adequate', '', '', '.'),
(1111, '4572', '748624', '3.0', '3.0', '3.0', '3.0', '3.0', 'yes', 'adequate', '', '', '.'),
(1112, '4576', '748624', '3.0', '3.0', '3.0', '3.0', '3.0', 'yes', 'adequate', '', '', '.'),
(1113, '4578', '748624', '3.0', '2.0', '2.0', '2.0', '2.0', 'yes', 'adequate', 'make it little generic. it was only for TCS perspective.', '', '.'),
(1114, '4582', '748624', '4.0', '4.0', '4.0', '4.0', '4.0', 'yes', 'adequate', '', '', '.'),
(1115, '4581', '748624', '3.0', '3.0', '3.0', '3.0', '3.0', 'yes', 'adequate', '', '', '.'),
(1116, '4590', '865440', '4.0', '4.0', '4.0', '4.0', '4.0', 'yes', 'adequate', 'Nothing as such.. the course is compact', 'Every part is very important', 'Yes of course'),
(1117, '4553', '1101735', '4.0', '4.0', '4.0', '4.0', '4.0', 'yes', 'adequate', 'No comment. It was all good', 'No comment. It was all good', 'Will try to identify stakeholders according to their importance '),
(1118, '4554', '1101735', '4.0', '4.0', '4.0', '4.0', '4.0', 'yes', 'adequate', 'No comment. It was all good ', 'No comment. It was all good', 'To identify stakeholders by importance'),
(1119, '4556', '1101735', '4.0', '4.0', '4.0', '4.0', '4.0', 'yes', 'adequate', 'No comment.It was all good', 'No comment. It was all good', 'Will try to identify stakeholders by importance'),
(1120, '4557', '1101735', '4.0', '4.0', '4.0', '4.0', '4.0', 'yes', 'adequate', 'No comment. It was superbly perfect', 'No comment. It was superbly perfect', 'To keep myself energized'),
(1121, '4558', '1101735', '4.0', '4.0', '4.0', '4.0', '4.0', 'yes', 'adequate', 'No comment. It was perfect', 'No comment. It was perfect', 'Will try to discover the person inside me'),
(1122, '4561', '1101735', '4.0', '4.0', '4.0', '4.0', '4.0', 'yes', 'adequate', 'No comment. It was perfect', 'No comment. It was perfect', 'Will try to identify the real person inside me'),
(1123, '4560', '1101735', '4.0', '4.0', '4.0', '4.0', '4.0', 'yes', 'adequate', 'No comment. It was perfect', 'No comment. It was perfect', 'To improve myself '),
(1124, '4562', '1101735', '4.0', '4.0', '4.0', '4.0', '4.0', 'yes', 'adequate', 'No comment. It was perfect', 'No comment. It was perfect', 'Will try to improve myself'),
(1125, '4563', '1101735', '4.0', '4.0', '4.0', '4.0', '4.0', 'yes', 'adequate', 'No comment. It was perfect', 'No comment. It was perfect', 'Will improve myself in communication'),
(1126, '4565', '1101735', '4.0', '4.0', '4.0', '4.0', '4.0', 'yes', 'adequate', 'No comment. It was perfect', 'No comment. It was perfect', 'Will improve myself in communication'),
(1127, '4567', '1101735', '4.0', '4.0', '4.0', '4.0', '4.0', 'yes', 'adequate', 'No comment. It was perfect', 'No comment. It was perfect', 'Will negotiate properly'),
(1128, '4569', '1101735', '4.0', '4.0', '4.0', '4.0', '4.0', 'yes', 'adequate', 'No comment. It was perfect', 'No comment. It was perfect', 'Will negotiate for good deal'),
(1129, '4570', '1101735', '4.0', '4.0', '4.0', '4.0', '4.0', 'yes', 'adequate', 'No comment. It was perfect', 'No comment. It was perfect', 'Will plan properly before execution'),
(1130, '4571', '1101735', '4.0', '4.0', '4.0', '4.0', '4.0', 'yes', 'adequate', 'No comment. It was superbly perfect', 'No comment. It was superbly perfect', 'Will communicate, plan & negotiate properly'),
(1131, '4572', '1101735', '4.0', '4.0', '4.0', '4.0', '4.0', 'yes', 'adequate', 'No comment. It was all good', 'No comment. It was all good', 'Will delegate responsibility to team members'),
(1132, '4574', '1101735', '4.0', '4.0', '4.0', '4.0', '4.0', 'yes', 'adequate', 'No comment. It was all good', 'No comment. It was all good', 'Will take risk register seriously'),
(1133, '4576', '1101735', '4.0', '4.0', '4.0', '4.0', '4.0', 'yes', 'adequate', 'No comment. It was all good', 'No comment. It was all good', 'Will maintain risk register properly'),
(1134, '4577', '1101735', '4.0', '4.0', '4.0', '4.0', '4.0', 'yes', 'adequate', 'No comment. It was good', 'No comment. It was good', 'Will be updated with latest developments'),
(1135, '4578', '1101735', '4.0', '4.0', '4.0', '4.0', '4.0', 'yes', 'adequate', 'No comment', 'No comment', 'Will observe project financial parameters properly'),
(1136, '4580', '1101735', '4.0', '4.0', '4.0', '4.0', '4.0', 'yes', 'adequate', 'No comment. ', 'No comment', 'Will observe project financial parameters properly'),
(1137, '4581', '1101735', '4.0', '4.0', '4.0', '4.0', '4.0', 'yes', 'adequate', 'No comment. It was all good', 'No comment. It was all good', 'Will be result oriented'),
(1138, '4582', '1101735', '4.0', '4.0', '4.0', '4.0', '4.0', 'yes', 'adequate', 'No comment. It was superb.', 'No comment. It was superb', 'Will try to delegate responsibility to team members'),
(1139, '4583', '1101735', '4.0', '4.0', '4.0', '4.0', '4.0', 'yes', 'adequate', 'No comment. It was superbly perfect', 'No comment. it was superbly perfect', 'Will discover my hidden potential'),
(1140, '4585', '1101735', '4.0', '4.0', '4.0', '4.0', '4.0', 'yes', 'adequate', 'No comment. It was superbly perfect', 'No comment. It was superbly perfect', 'Will discover my hidden potential'),
(1141, '4587', '1101735', '4.0', '4.0', '4.0', '4.0', '4.0', 'yes', 'adequate', 'No comment. It was superbly perfect', 'No comment the whole course was superbly perfect', 'Will go for perfect teaming up'),
(1142, '4589', '1101735', '4.0', '4.0', '4.0', '4.0', '4.0', 'yes', 'adequate', 'No comment. It was superbly perfect', 'No comment. It was superbly perfect', 'Will adopt best presentation skills'),
(1143, '4590', '1101735', '4.0', '4.0', '4.0', '4.0', '4.0', 'yes', 'adequate', 'No  comment. It was perfect', 'No comment. It was perfect', 'Will continue learning as a part of my work life.'),
(1144, '4563', '252337', '4.0', '4.0', '4.0', '4.0', '4.0', 'yes', 'adequate', 'ok', 'ok', 'ok'),
(1145, '4565', '252337', '4.0', '4.0', '4.0', '4.0', '4.0', 'yes', 'adequate', 'ok', 'ok', 'ok'),
(1146, '4567', '252337', '4.0', '4.0', '4.0', '4.0', '4.0', 'yes', 'adequate', 'ok', 'ok', 'ok'),
(1147, '4569', '252337', '4.0', '4.0', '4.0', '4.0', '4.0', 'yes', 'adequate', 'ok', 'ok', 'ok'),
(1148, '4570', '252337', '4.0', '4.0', '4.0', '4.0', '4.0', 'yes', 'adequate', 'ok', 'ok', 'ok'),
(1149, '4571', '252337', '4.0', '4.0', '4.0', '4.0', '4.0', 'yes', 'adequate', 'ok', 'ok', 'ok'),
(1150, '4572', '252337', '4.0', '4.0', '4.0', '4.0', '4.0', 'yes', 'adequate', 'ok', 'ok', 'ok'),
(1151, '4574', '252337', '4.0', '4.0', '4.0', '4.0', '4.0', 'yes', 'adequate', 'ok', 'ok', 'ok'),
(1152, '4576', '252337', '4.0', '4.0', '4.0', '4.0', '4.0', 'yes', 'adequate', 'ok', 'ok', 'ok'),
(1153, '4577', '252337', '4.0', '4.0', '4.0', '4.0', '4.0', 'yes', 'adequate', 'ok', 'ok', 'ok'),
(1154, '4582', '252337', '4.0', '4.0', '4.0', '4.0', '4.0', 'yes', 'adequate', 'ok', 'ok', 'ok'),
(1155, '4581', '252337', '4.0', '4.0', '4.0', '4.0', '4.0', 'yes', 'adequate', 'ok', 'ok', 'ok'),
(1156, '4578', '252337', '4.0', '4.0', '4.0', '4.0', '4.0', 'yes', 'adequate', 'ok', 'ok', 'ok'),
(1157, '4583', '252337', '4.0', '4.0', '4.0', '4.0', '4.0', 'yes', 'adequate', 'ok', 'ok', 'ok'),
(1158, '4585', '252337', '4.0', '4.0', '4.0', '4.0', '4.0', 'yes', 'adequate', 'ok', 'ok', 'ok'),
(1159, '4587', '252337', '4.0', '4.0', '4.0', '4.0', '4.0', 'yes', 'adequate', 'ok', 'ok', 'ok'),
(1160, '4589', '252337', '4.0', '4.0', '4.0', '4.0', '4.0', 'yes', 'adequate', 'ok', 'ok', 'ok'),
(1161, '4590', '252337', '4.0', '4.0', '4.0', '4.0', '4.0', 'yes', 'adequate', 'ok', 'ok', 'ok'),
(1162, '4509', '254557', '4.0', '4.0', '4.0', '4.0', '4.0', 'yes', 'adequate', 'performance management', 'finance', 'using DISC model of leadership according to situation'),
(1163, '4583', '1100350', '3.0', '3.0', '3.0', '4.0', '3.0', 'yes', 'adequate', 'nothing ', 'nothing ', 'all'),
(1164, '4585', '1100350', '3.0', '3.0', '3.0', '4.0', '3.0', 'yes', 'adequate', 'nothing ', 'nothing ', 'all'),
(1165, '4587', '1100350', '3.0', '3.0', '3.0', '3.0', '3.0', 'yes', 'adequate', 'nothing ', 'nothing ', 'all'),
(1166, '4589', '1100350', '3.0', '3.0', '3.0', '3.0', '3.0', 'yes', 'adequate', 'nothing ', 'nothing ', 'all'),
(1167, '4590', '1100350', '3.0', '3.0', '3.0', '4.0', '3.0', 'yes', 'adequate', 'nothing ', 'nothing ', 'all '),
(1168, '4470', '351758', '3.0', '4.0', '3.0', '3.0', '4.0', 'yes', 'adequate', 'Nil', 'Nil', 'Nil'),
(1169, '4556', '1101190', '3.0', '3.0', '4.0', '4.0', '4.0', 'yes', 'adequate', 'Could be made more interesting', 'Nothing', 'Identifying and managing stakeholders'),
(1170, '4557', '1101190', '4.0', '4.0', '4.0', '4.0', '4.0', 'yes', 'adequate', 'It could not be better than this', 'Nothing', 'Just enjoyed the session'),
(1171, '4558', '1101190', '4.0', '4.0', '4.0', '4.0', '4.0', 'yes', 'adequate', 'It could not be better than this', 'Nothing', 'Managing self emotions in a more positive way'),
(1172, '4560', '1101190', '4.0', '4.0', '4.0', '4.0', '4.0', 'yes', 'adequate', 'It could not be better than this', 'Nothing', 'Managing self emotions in a more positive way'),
(1173, '4561', '1101190', '4.0', '4.0', '4.0', '4.0', '4.0', 'yes', 'adequate', 'It could not be better than this', 'Nothing', 'Analyzing behavior pattern and improvement on being assertive'),
(1174, '4562', '1101190', '4.0', '4.0', '4.0', '4.0', '4.0', 'yes', 'adequate', 'It could not be better than this', 'Nothing', 'Controlling reaction even in adverse situation'),
(1175, '4563', '1101190', '4.0', '3.0', '4.0', '4.0', '4.0', 'yes', 'adequate', 'It was a good session', 'Nothing', 'How to make effective communication'),
(1176, '4565', '1101190', '4.0', '3.0', '4.0', '4.0', '4.0', 'yes', 'adequate', 'It was a good session', 'Nothing', 'How to make effective communication'),
(1177, '4567', '1101190', '3.0', '3.0', '4.0', '4.0', '4.0', 'yes', 'adequate', 'It was a good session', 'Nothing', 'Techniques of negotiation'),
(1178, '4570', '1101190', '3.0', '3.0', '4.0', '4.0', '4.0', 'yes', 'adequate', 'It was a good session', 'Nothing', 'How to plan and organize thing'),
(1179, '4569', '1101190', '3.0', '3.0', '4.0', '4.0', '4.0', 'yes', 'adequate', 'It was a good session', 'Nothing', 'Techniques of negotiation'),
(1180, '4571', '1101190', '4.0', '4.0', '4.0', '4.0', '4.0', 'yes', 'adequate', 'It could not be better than this', 'Nothing', 'Controlling your reactions in adverse situation'),
(1181, '4550', '330165', '3.0', '3.0', '3.0', '3.0', '3.0', 'yes', 'adequate', 'resource management ,relationship building', 'none', 'all'),
(1182, '4291', '922525', '4.0', '4.0', '4.0', '3.0', '4.0', 'yes', 'adequate', 'na', 'none', 'na'),
(1183, '4292', '922525', '4.0', '4.0', '4.0', '4.0', '4.0', 'yes', 'adequate', 'na', 'none', 'na'),
(1184, '4293', '922525', '4.0', '4.0', '4.0', '4.0', '4.0', 'yes', 'adequate', 'na', 'none', 'self management'),
(1185, '4295', '922525', '4.0', '4.0', '4.0', '4.0', '4.0', 'yes', 'adequate', 'na', 'none', 'Effective communication with team'),
(1186, '4296', '922525', '3.0', '3.0', '2.0', '4.0', '4.0', 'yes', 'too long', 'na', 'none', 'how to negotiate for win win situation'),
(1187, '4297', '922525', '3.0', '3.0', '2.0', '4.0', '4.0', 'yes', 'adequate', 'na', 'none', 'Proper Planning to meet the deadline'),
(1188, '4298', '922525', '4.0', '4.0', '4.0', '3.0', '4.0', 'yes', 'adequate', 'na', 'none', 'how to delegate work to the team'),
(1189, '4300', '922525', '4.0', '4.0', '4.0', '4.0', '4.0', 'yes', 'insufficient', 'na', 'none', 'na'),
(1190, '4301', '922525', '4.0', '4.0', '4.0', '4.0', '4.0', 'yes', 'adequate', 'na', 'none', 'na'),
(1191, '4302', '922525', '4.0', '4.0', '4.0', '4.0', '4.0', 'yes', 'adequate', 'na', 'none', 'na'),
(1192, '4303', '922525', '4.0', '4.0', '2.0', '4.0', '4.0', 'yes', 'adequate', 'na', 'none', 'na'),
(1193, '4305', '922525', '4.0', '4.0', '4.0', '4.0', '4.0', 'yes', 'adequate', 'na', 'none', 'na'),
(1194, '4306', '922525', '4.0', '4.0', '4.0', '4.0', '4.0', 'yes', 'adequate', 'na', 'none', 'Collaboration with team'),
(1195, '4307', '922525', '4.0', '4.0', '4.0', '4.0', '4.0', 'yes', 'adequate', 'na', 'none', 'Improve presentation skill'),
(1196, '4550', '353112', '4.0', '4.0', '4.0', '4.0', '4.0', 'yes', 'adequate', 'The course was very interesting and a very informative session for first time mnagers', 'Nothing in my knowledge', 'The subtle qualities that were demonstrated to be a successful leader.'),
(1197, '4551', '353112', '4.0', '4.0', '4.0', '4.0', '4.0', 'yes', 'adequate', 'The course was totally inline with the topic.', 'Nothing in my knowledge', 'The nuances of handling various types of stakeholders'),
(1198, '4553', '353112', '4.0', '4.0', '4.0', '4.0', '4.0', 'yes', 'adequate', 'The course was totally inline with the topic', 'Nothing in my knowledge', 'The nuances of handling various types of stakeholders'),
(1199, '4554', '353112', '4.0', '3.0', '4.0', '4.0', '4.0', 'yes', 'adequate', 'The course was totally inline with the topic', 'Nothing in my knowledge', 'The various ways of handling situations'),
(1200, '4556', '353112', '4.0', '3.0', '4.0', '4.0', '4.0', 'yes', 'adequate', 'The course was totally inline with the topic', 'Nothing in my knowledge', 'The various ways to handle tough situations');
INSERT INTO `feed` (`feedid`, `scheduleid`, `employeeid`, `knowledge`, `articulation`, `time_management`, `interaction`, `quality_of_course`, `course_objective`, `time`, `toadd`, `toremove`, `willimplement`) VALUES
(1201, '4557', '353112', '4.0', '4.0', '4.0', '4.0', '4.0', 'yes', 'adequate', 'This was totally an energizer course itself', 'Nothing in my knowledge', 'The way to positively face a situation'),
(1202, '4558', '353112', '4.0', '4.0', '4.0', '4.0', '4.0', 'yes', 'adequate', 'This was a totally engrossed session', 'Nothing in my knowledge', 'How to face situations positively'),
(1203, '4561', '353112', '4.0', '4.0', '4.0', '4.0', '4.0', 'yes', 'adequate', 'A very interesting session to learn about self', 'Nothing in my knowledge', 'Face every situation positively'),
(1204, '4563', '353112', '4.0', '4.0', '4.0', '4.0', '4.0', 'yes', 'adequate', 'Nothing in my knowledge', 'Nothing in my knowledge', 'The art of communicating in various situations'),
(1205, '4567', '353112', '4.0', '3.0', '4.0', '4.0', '4.0', 'yes', 'adequate', 'Nothing in my knowledge', 'Nothing in my knowledge', 'The ways of negotiating'),
(1206, '4572', '1101190', '4.0', '4.0', '4.0', '4.0', '4.0', 'yes', 'adequate', 'Enjoyed attending the session', 'Nothing', 'How to delegate work and its benefit'),
(1207, '4570', '353112', '4.0', '3.0', '4.0', '4.0', '4.0', 'yes', 'adequate', 'Nothing in my knowledge', 'Nothing in my knowledge', 'The ways to handle situations by proper organization and planning'),
(1208, '4572', '353112', '4.0', '4.0', '4.0', '4.0', '4.0', 'yes', 'adequate', 'Nothing in my knowledge', 'Nothing in my knowledge', 'The importance of delegation'),
(1209, '4574', '1101190', '4.0', '4.0', '4.0', '4.0', '4.0', 'yes', 'adequate', 'Enjoyed attending the session', 'Nothing', 'How to manage risk and its importance'),
(1210, '4576', '1101190', '4.0', '4.0', '4.0', '4.0', '4.0', 'yes', 'adequate', 'Enjoyed attending the session', 'Nothing', 'How to manage risk and its importance'),
(1211, '4574', '353112', '4.0', '4.0', '4.0', '4.0', '4.0', 'yes', 'adequate', 'Nothing in my knowledge', 'Nothing in my knowledge', 'The importance of understanding risks and mitigating those risks'),
(1212, '4577', '1101190', '4.0', '4.0', '4.0', '4.0', '4.0', 'yes', 'adequate', 'Enjoyed attending the session', 'Nothing', 'What is leadership and how to be a good leader'),
(1213, '4577', '353112', '4.0', '2.0', '4.0', '3.0', '1.0', 'yes', 'adequate', 'It should be more elaborative in terms of layman. ', 'Various technical jargons were used which if stated in layman words would have been easy', 'The new era of high touch concept'),
(1214, '4578', '353112', '3.0', '1.0', '3.0', '1.0', '0.0', 'yes', 'adequate', 'Should have been more elaborative', 'The instructor could have illustrated with more live examples', 'The various concepts of finance related to project management'),
(1215, '4581', '353112', '4.0', '4.0', '4.0', '4.0', '4.0', 'yes', 'adequate', 'The course was totally inline with the topic', 'Nothing in my knowledge', 'The various ways to handle situations positively with a proper result'),
(1216, '4583', '353112', '4.0', '4.0', '4.0', '4.0', '4.0', 'yes', 'adequate', 'Nothing in my knowledge', 'Nothing in my knowledge', 'The various nuances of leadership'),
(1217, '4587', '353112', '4.0', '4.0', '4.0', '4.0', '4.0', 'yes', 'adequate', 'Nothing in my knowledge', 'Nothing in my knowledge', 'The team spirit'),
(1218, '4578', '1101190', '4.0', '2.0', '3.0', '2.0', '0.0', 'yes', 'too long', 'Content should have been delivered in more presentable format', 'Giving the presentation by reading from the slides', 'Got some awareness about finance'),
(1219, '4580', '1101190', '4.0', '2.0', '3.0', '2.0', '0.0', 'yes', 'too long', 'Contents should have been delivered in more presentable format', 'Delivering the presentation by reading from the slides', 'Got some awareness about finance'),
(1220, '4589', '353112', '4.0', '4.0', '4.0', '4.0', '4.0', 'yes', 'adequate', 'Nothing in my knowledge', 'Nothing in my knowledge', 'The various nuances of a presentation'),
(1221, '4581', '1101190', '4.0', '4.0', '4.0', '4.0', '4.0', 'yes', 'adequate', 'Enjoyed attending the session', 'Nothing', 'How to drive result ensuring positive outcome'),
(1222, '4582', '1101190', '4.0', '4.0', '4.0', '4.0', '4.0', 'yes', 'adequate', 'It could not be better than this', 'Nothing', 'How to control emotions between action and reaction'),
(1223, '4583', '1101190', '4.0', '4.0', '4.0', '4.0', '4.0', 'yes', 'adequate', 'It could not be better than this', 'Nothing', 'How to identify the nature of human being'),
(1224, '4585', '1101190', '4.0', '4.0', '4.0', '4.0', '4.0', 'yes', 'adequate', 'It could be better than this', 'Nothing', 'How to identify human nature and how to manage them'),
(1225, '4587', '1101190', '4.0', '4.0', '4.0', '4.0', '4.0', 'yes', 'adequate', 'Enjoyed attending the session', 'Nothing', 'How improve the productivity of team'),
(1226, '4589', '1101190', '4.0', '4.0', '4.0', '4.0', '4.0', 'yes', 'adequate', 'It could not be better than this', 'Nothing', 'How to deliver a presentation'),
(1227, '4590', '1101190', '4.0', '4.0', '4.0', '4.0', '4.0', 'yes', 'adequate', 'Enjoyed the session', 'Nothing', 'How networking is important in todays world'),
(1228, '4417', '240625', '4.0', '4.0', '4.0', '4.0', '4.0', 'yes', 'adequate', 'best contents exist', 'i dont find any', 'self realization '),
(1229, '4418', '240625', '4.0', '4.0', '4.0', '4.0', '4.0', 'yes', 'adequate', '', '', 'Identify Stakeholders'),
(1230, '4419', '240625', '4.0', '4.0', '4.0', '4.0', '4.0', 'yes', 'adequate', '', '', '20:20:20 to implement'),
(1231, '4550', '454267', '4.0', '4.0', '4.0', '4.0', '4.0', 'yes', 'adequate', 'NA', 'NA', 'All'),
(1232, '4551', '454267', '4.0', '4.0', '4.0', '4.0', '4.0', 'yes', 'adequate', 'NA', 'NA', 'All'),
(1233, '4750', '376742', '4.0', '4.0', '4.0', '4.0', '4.0', 'yes', 'adequate', 'right now no idea.', 'course is good', 'leading change'),
(1234, '4673', '527025', '4.0', '3.0', '3.0', '3.0', '4.0', 'yes', 'adequate', 'nothing as of now', 'everything felt relevant', 'everything'),
(1235, '4724', '306464', '4.0', '4.0', '4.0', '4.0', '4.0', 'yes', 'adequate', 'nil', 'nil', 'Have a self time,take a pause before taking up choices,take up mew challenges,stakeholder identification and management'),
(1236, '4712', '241471', '3.0', '3.0', '3.0', '3.0', '3.0', 'yes', 'insufficient', 'nil', 'ok', 'all'),
(1237, '4724', '389886', '4.0', '4.0', '4.0', '4.0', '4.0', 'yes', 'adequate', 'None', 'None', 'Communication Plan. Respond and Not react. Pause before you  react'),
(1238, '4713', '241471', '3.0', '3.0', '3.0', '3.0', '3.0', 'yes', 'adequate', 'ok', 'ok', 'all'),
(1239, '4715', '241471', '3.0', '3.0', '3.0', '3.0', '3.0', 'yes', 'adequate', 'ok', 'ok', 'all'),
(1240, '4716', '241471', '3.0', '3.0', '3.0', '3.0', '3.0', 'yes', 'adequate', 'ok', 'ok', 'all'),
(1241, '4718', '241471', '3.0', '3.0', '3.0', '3.0', '3.0', 'yes', 'adequate', 'ok', 'ok', 'all'),
(1242, '4719', '241471', '3.0', '4.0', '4.0', '4.0', '0.0', 'yes', 'adequate', 'ok', 'ok', 'all'),
(1243, '4721', '241471', '3.0', '4.0', '4.0', '4.0', '3.0', 'yes', 'adequate', 'ok', 'ok', 'all'),
(1244, '4722', '241471', '3.0', '4.0', '3.0', '3.0', '3.0', 'yes', 'adequate', 'ok', 'ok', 'all'),
(1245, '4591', '848764', '2.0', '2.0', '2.0', '2.0', '2.0', 'yes', 'too long', 'more interactive', 'more interactive ', 'more interactive '),
(1246, '4592', '848764', '2.0', '2.0', '2.0', '2.0', '2.0', 'yes', 'too long', 'more interactive ', 'more interactive ', 'more interactive '),
(1247, '4594', '848764', '3.0', '3.0', '3.0', '3.0', '3.0', 'yes', 'adequate', 'NA', 'NA', 'NA'),
(1248, '4595', '848764', '3.0', '3.0', '3.0', '3.0', '3.0', 'yes', 'adequate', 'NA', 'NA', 'NA'),
(1249, '4598', '848764', '4.0', '4.0', '4.0', '4.0', '4.0', 'yes', 'adequate', 'NA', 'NA', 'NA'),
(1250, '4599', '848764', '4.0', '3.0', '4.0', '4.0', '3.0', 'yes', 'adequate', 'NA', 'NA', 'Na'),
(1251, '4602', '848764', '4.0', '4.0', '4.0', '4.0', '4.0', 'yes', 'adequate', 'NA', 'NA', 'NA'),
(1252, '4604', '848764', '3.0', '3.0', '4.0', '4.0', '3.0', 'yes', 'adequate', 'NA', 'NA', 'NA'),
(1253, '4884', '848764', '3.0', '3.0', '3.0', '3.0', '3.0', 'yes', 'adequate', 'NA', 'NA', 'Na'),
(1254, '4724', '514944', '4.0', '4.0', '4.0', '4.0', '3.0', 'yes', 'adequate', 'no', 'no', 'no'),
(1255, '4470', '453460', '3.0', '3.0', '3.0', '3.0', '4.0', 'yes', 'adequate', 'it was great', 'it was great', 'it was great'),
(1256, '4471', '453460', '3.0', '3.0', '3.0', '3.0', '4.0', 'yes', 'adequate', 'it was great', 'it was great', 'it was great'),
(1257, '4473', '453460', '3.0', '3.0', '3.0', '3.0', '4.0', 'yes', 'adequate', 'it was great', 'it was great', 'it was great'),
(1258, '4475', '453460', '3.0', '3.0', '3.0', '3.0', '4.0', 'yes', 'adequate', 'it was great', 'it was great', 'it was great'),
(1259, '4476', '453460', '4.0', '4.0', '4.0', '4.0', '4.0', 'yes', 'adequate', 'it was great', 'it was great', 'it was great'),
(1260, '4477', '453460', '4.0', '4.0', '4.0', '4.0', '4.0', 'yes', 'adequate', 'it was great', 'it was great', 'it was great'),
(1261, '4479', '453460', '4.0', '4.0', '4.0', '4.0', '4.0', 'yes', 'adequate', 'it was great', 'it was great', 'it was great'),
(1262, '4480', '453460', '4.0', '4.0', '4.0', '4.0', '4.0', 'yes', 'adequate', 'it was great', 'it was great', 'it was great'),
(1263, '4481', '453460', '4.0', '4.0', '4.0', '4.0', '4.0', 'yes', 'adequate', 'it was great', 'it was great', 'it was great'),
(1264, '4482', '453460', '3.0', '3.0', '3.0', '3.0', '4.0', 'yes', 'adequate', 'it was great', 'it was great', 'it was great'),
(1265, '4484', '453460', '3.0', '3.0', '3.0', '3.0', '4.0', 'yes', 'adequate', 'it was great', 'it was great', 'it was great'),
(1266, '4486', '453460', '3.0', '3.0', '3.0', '3.0', '4.0', 'yes', 'adequate', 'it was great', 'it was great', 'it was great'),
(1267, '4488', '453460', '3.0', '3.0', '3.0', '3.0', '4.0', 'yes', 'adequate', 'it was great', 'it was great', 'it was great'),
(1268, '4490', '453460', '4.0', '4.0', '4.0', '4.0', '4.0', 'yes', 'adequate', 'it was great', 'it was great', 'it was great'),
(1269, '4489', '453460', '4.0', '4.0', '4.0', '4.0', '4.0', 'yes', 'adequate', 'it was great', 'it was great', 'it was great'),
(1270, '4491', '453460', '4.0', '4.0', '4.0', '4.0', '4.0', 'yes', 'adequate', 'it was great', 'it was great', 'it was great'),
(1271, '4501', '453460', '4.0', '4.0', '4.0', '4.0', '4.0', 'yes', 'adequate', 'it was great', 'it was great', 'it was great'),
(1272, '4500', '453460', '4.0', '4.0', '4.0', '4.0', '4.0', 'yes', 'adequate', 'it was great', 'it was great', 'it was great'),
(1273, '4499', '453460', '4.0', '4.0', '4.0', '4.0', '4.0', 'yes', 'adequate', 'it was great', 'it was great', 'it was great'),
(1274, '4497', '453460', '4.0', '4.0', '4.0', '4.0', '4.0', 'yes', 'adequate', 'it was great', 'it was great', 'it was great'),
(1275, '4495', '453460', '3.0', '3.0', '3.0', '3.0', '4.0', 'yes', 'adequate', 'it was great', 'it was great', 'it was great'),
(1276, '4493', '453460', '3.0', '3.0', '3.0', '3.0', '4.0', 'yes', 'adequate', 'it was great', 'it was great', 'it was great'),
(1277, '4496', '453460', '4.0', '4.0', '4.0', '4.0', '4.0', 'yes', 'adequate', 'it was great', 'it was great', 'it was great'),
(1278, '4502', '453460', '4.0', '4.0', '4.0', '4.0', '4.0', 'yes', 'adequate', 'it was great', 'it was great', 'it was great'),
(1279, '4504', '453460', '4.0', '4.0', '4.0', '4.0', '4.0', 'yes', 'adequate', 'it was great', 'it was great', 'it was great'),
(1280, '4506', '453460', '4.0', '4.0', '4.0', '4.0', '4.0', 'yes', 'adequate', 'it was great', 'it was great', 'it was great'),
(1281, '4508', '453460', '4.0', '4.0', '4.0', '4.0', '4.0', 'yes', 'adequate', 'it was great', 'it was great', 'it was great'),
(1282, '4509', '453460', '4.0', '4.0', '4.0', '4.0', '4.0', 'yes', 'adequate', 'it was great', 'it was great', 'it was great'),
(1283, '4712', '514944', '3.0', '4.0', '4.0', '4.0', '3.0', 'yes', 'adequate', 'no', 'no', 'no'),
(1284, '4713', '514944', '4.0', '3.0', '3.0', '4.0', '3.0', 'yes', 'adequate', 'no', 'no', 'no'),
(1285, '4716', '514944', '0.0', '1.0', '0.0', '0.0', '3.0', 'yes', 'adequate', 'no', 'mo', 'no'),
(1286, '4827', '740102', '4.0', '4.0', '4.0', '4.0', '4.0', 'yes', 'adequate', '', 'none', 'implementing all the key points from ascent will play very vital role. also any extra analysis will drivund the project'),
(1287, '4719', '308314', '4.0', '4.0', '4.0', '4.0', '4.0', 'yes', 'adequate', 'interact with each and every individual', 'avoid long ppts', '20 20 20 and respond instead of react'),
(1288, '4877', '517884', '4.0', '3.0', '4.0', '4.0', '4.0', 'yes', 'adequate', 'more examples', 'clear examples', 'good communication'),
(1289, '4880', '517884', '4.0', '4.0', '3.0', '4.0', '4.0', 'yes', 'adequate', 'more examples', 'clear examples', 'effective negotioan'),
(1290, '4884', '517884', '4.0', '3.0', '3.0', '3.0', '3.0', 'yes', 'adequate', 'more examples', 'clear examples', 'effective planning'),
(1291, '4828', '778913', '4.0', '4.0', '4.0', '4.0', '4.0', 'yes', 'too long', 'self learning', '20:20:20', 'self management'),
(1292, '4727', '514944', '4.0', '3.0', '4.0', '3.0', '3.0', 'yes', 'adequate', 'nill', 'nill', 'nill'),
(1293, '4726', '514944', '3.0', '4.0', '4.0', '3.0', '3.0', 'yes', 'adequate', 'nill', 'nill', 'nill'),
(1294, '4729', '514944', '3.0', '4.0', '3.0', '4.0', '4.0', 'yes', 'adequate', 'nill', 'nill', 'nill'),
(1295, '4731', '514944', '3.0', '4.0', '3.0', '3.0', '4.0', 'yes', 'adequate', 'na', 'na', 'ns'),
(1296, '4865', '474548', '4.0', '3.0', '4.0', '3.0', '4.0', 'yes', 'adequate', 'NA', 'NA', 'To be a better Project Manager'),
(1297, '4364', '1031910', '4.0', '3.0', '3.0', '3.0', '3.0', 'yes', 'adequate', '      .', '      .', '       .'),
(1298, '4365', '1031910', '4.0', '4.0', '3.0', '4.0', '3.0', 'yes', 'adequate', '    .', '    .', '      .'),
(1299, '4810', '243785', '4.0', '4.0', '4.0', '4.0', '4.0', 'yes', 'adequate', 'nil', 'nil', 'few '),
(1300, '4810', '532392', '4.0', '4.0', '4.0', '4.0', '4.0', 'yes', 'adequate', 'ok', 'ok', 'ok'),
(1301, '4812', '532392', '4.0', '4.0', '4.0', '4.0', '4.0', 'yes', 'adequate', 'ok', 'ok', 'ok'),
(1302, '4814', '532392', '4.0', '4.0', '4.0', '4.0', '4.0', 'yes', 'adequate', 'ok', 'ok', 'ok'),
(1303, '4816', '532392', '4.0', '4.0', '4.0', '4.0', '4.0', 'yes', 'adequate', 'ok', 'ok', 'ok'),
(1304, '4817', '532392', '4.0', '4.0', '4.0', '4.0', '4.0', 'yes', 'adequate', 'ok', 'ok', 'ok'),
(1305, '4818', '532392', '4.0', '4.0', '4.0', '4.0', '4.0', 'yes', 'adequate', 'ok', 'ok', 'ok'),
(1306, '5041', '532392', '4.0', '4.0', '4.0', '4.0', '4.0', 'yes', 'adequate', 'ok', 'ok', 'ok'),
(1307, '4810', '544442', '4.0', '4.0', '4.0', '4.0', '4.0', 'yes', 'insufficient', 'define the task, Explain the reason', 'na', 'agree to deadlines'),
(1308, '5043', '532392', '4.0', '4.0', '4.0', '4.0', '4.0', 'yes', 'adequate', 'ok', 'ok', 'ok'),
(1309, '5045', '532392', '4.0', '4.0', '4.0', '4.0', '4.0', 'yes', 'adequate', 'ok', 'ok', 'ok'),
(1310, '5049', '532392', '4.0', '4.0', '4.0', '4.0', '4.0', 'yes', 'adequate', 'ok', 'ok', 'ok'),
(1311, '5048', '532392', '4.0', '4.0', '4.0', '4.0', '4.0', 'yes', 'adequate', 'ok', 'ok', 'ok'),
(1312, '5047', '532392', '4.0', '4.0', '4.0', '4.0', '4.0', 'yes', 'adequate', 'ok', 'ok', 'ok'),
(1313, '4801', '532392', '4.0', '4.0', '4.0', '4.0', '4.0', 'yes', 'adequate', 'ok', 'ok', 'ok'),
(1314, '4803', '532392', '4.0', '4.0', '4.0', '4.0', '4.0', 'yes', 'adequate', 'ok', 'ok', 'ok'),
(1315, '4804', '532392', '4.0', '4.0', '4.0', '4.0', '4.0', 'yes', 'adequate', 'ok', 'ok', 'ok'),
(1316, '4806', '532392', '4.0', '4.0', '4.0', '4.0', '4.0', 'yes', 'adequate', 'ok', 'ok', 'ok'),
(1317, '4808', '532392', '4.0', '4.0', '4.0', '4.0', '4.0', 'yes', 'adequate', 'ok', 'ok', 'ok'),
(1318, '4809', '532392', '4.0', '4.0', '4.0', '4.0', '4.0', 'yes', 'adequate', 'ok', 'ok', 'ok'),
(1319, '5032', '532392', '4.0', '4.0', '4.0', '4.0', '4.0', 'yes', 'adequate', 'ok', 'ok', 'ok'),
(1320, '5034', '532392', '4.0', '4.0', '4.0', '4.0', '4.0', 'yes', 'adequate', 'ok', 'ok', 'ok'),
(1321, '5035', '532392', '4.0', '4.0', '4.0', '4.0', '4.0', 'yes', 'adequate', 'ok', 'ok', 'ok'),
(1322, '5037', '532392', '4.0', '4.0', '4.0', '4.0', '4.0', 'yes', 'adequate', 'ok', 'ok', 'ok'),
(1323, '5039', '532392', '4.0', '4.0', '4.0', '4.0', '4.0', 'yes', 'adequate', 'ok', 'ok', 'ok'),
(1324, '5040', '532392', '4.0', '4.0', '4.0', '4.0', '4.0', 'yes', 'adequate', 'ok', 'ok', 'ok'),
(1325, '4789', '532392', '4.0', '4.0', '4.0', '4.0', '4.0', 'yes', 'adequate', 'ok', 'ok', 'ok'),
(1326, '4790', '532392', '4.0', '4.0', '4.0', '4.0', '4.0', 'yes', 'adequate', 'ok', 'ok', 'ok'),
(1327, '4792', '532392', '4.0', '4.0', '4.0', '4.0', '4.0', 'yes', 'adequate', 'ok', 'ok', 'ok'),
(1328, '4793', '532392', '4.0', '4.0', '4.0', '4.0', '4.0', 'yes', 'adequate', 'ok', 'ok', 'ok'),
(1329, '4795', '532392', '4.0', '4.0', '4.0', '4.0', '4.0', 'yes', 'adequate', 'ok', 'ok', 'ok'),
(1330, '4796', '532392', '4.0', '4.0', '4.0', '4.0', '4.0', 'yes', 'adequate', 'ok', 'ok', 'ok'),
(1331, '4798', '532392', '4.0', '4.0', '4.0', '4.0', '4.0', 'yes', 'adequate', 'ok', 'ok', 'ok'),
(1332, '4799', '532392', '4.0', '4.0', '4.0', '4.0', '4.0', 'yes', 'adequate', 'ok', 'ok', 'ok'),
(1333, '4800', '532392', '4.0', '4.0', '4.0', '4.0', '4.0', 'yes', 'adequate', 'ok', 'ok', 'ok'),
(1334, '5020', '532392', '4.0', '4.0', '4.0', '4.0', '4.0', 'yes', 'adequate', 'ok', 'ok', 'ok'),
(1335, '5021', '532392', '4.0', '4.0', '4.0', '4.0', '4.0', 'yes', 'adequate', 'ok', 'ok', 'ok'),
(1336, '5024', '532392', '4.0', '4.0', '4.0', '4.0', '4.0', 'yes', 'adequate', 'ok', 'ok', 'ok'),
(1337, '5023', '532392', '4.0', '4.0', '4.0', '4.0', '4.0', 'yes', 'adequate', 'ok', 'ok', 'ok'),
(1338, '5026', '532392', '4.0', '4.0', '4.0', '4.0', '4.0', 'yes', 'adequate', 'ok', 'ok', 'ok'),
(1339, '5031', '532392', '4.0', '4.0', '4.0', '4.0', '4.0', 'yes', 'adequate', 'ok', 'ok', 'ok'),
(1340, '5030', '532392', '4.0', '4.0', '4.0', '4.0', '4.0', 'yes', 'adequate', 'ok', 'ok', 'ok'),
(1341, '5029', '532392', '4.0', '4.0', '4.0', '4.0', '4.0', 'yes', 'adequate', 'ok', 'ok', 'ok'),
(1342, '5027', '532392', '4.0', '4.0', '4.0', '4.0', '4.0', 'yes', 'adequate', 'ok', 'ok', 'ok'),
(1343, '4810', '205789', '4.0', '4.0', '4.0', '4.0', '3.0', 'yes', 'adequate', 'Budget control,', 'Nothing', 'Tcs values, planning and organizing ,delegation'),
(1344, '4812', '243785', '4.0', '4.0', '4.0', '4.0', '4.0', 'yes', 'adequate', '-', '-', '-'),
(1345, '4814', '243785', '4.0', '4.0', '4.0', '4.0', '4.0', 'yes', 'adequate', '-', '-', '-'),
(1346, '4816', '243785', '4.0', '4.0', '4.0', '4.0', '4.0', 'yes', 'adequate', '-', '-', '-'),
(1347, '5047', '243785', '4.0', '4.0', '4.0', '4.0', '4.0', 'yes', 'adequate', '-', '-', '-'),
(1348, '5048', '243785', '3.0', '3.0', '3.0', '3.0', '3.0', 'yes', 'insufficient', '-', '-', '-'),
(1349, '5049', '243785', '4.0', '4.0', '4.0', '4.0', '4.0', 'yes', 'adequate', '-', '-', '-'),
(1350, '4817', '243785', '4.0', '4.0', '4.0', '4.0', '4.0', 'yes', 'adequate', '-', '-', '-'),
(1351, '4789', '243785', '4.0', '4.0', '4.0', '4.0', '4.0', 'yes', 'adequate', '-', '-', '-'),
(1352, '4790', '243785', '4.0', '4.0', '4.0', '4.0', '4.0', 'yes', 'adequate', '-', '-', '-'),
(1353, '4792', '243785', '4.0', '4.0', '4.0', '4.0', '4.0', 'yes', 'adequate', '-', '-', '-'),
(1354, '4793', '243785', '4.0', '4.0', '4.0', '4.0', '4.0', 'yes', 'adequate', '-', '-', '-'),
(1355, '4795', '243785', '4.0', '4.0', '4.0', '4.0', '4.0', 'yes', 'adequate', '-', '-', '-'),
(1356, '4796', '243785', '4.0', '4.0', '4.0', '4.0', '4.0', 'yes', 'adequate', '-', '-', '-'),
(1357, '5029', '243785', '4.0', '4.0', '4.0', '4.0', '4.0', 'yes', 'adequate', '-', '-', '-'),
(1358, '5030', '243785', '4.0', '4.0', '4.0', '4.0', '4.0', 'yes', 'adequate', '-', '-', '-'),
(1359, '5031', '243785', '4.0', '4.0', '4.0', '4.0', '4.0', 'yes', 'adequate', '-', '-', '-'),
(1360, '5027', '243785', '4.0', '4.0', '4.0', '4.0', '4.0', 'yes', 'adequate', '-', '-', '-'),
(1361, '5021', '243785', '4.0', '4.0', '4.0', '4.0', '4.0', 'yes', 'adequate', '-', '-', '-'),
(1362, '4798', '243785', '4.0', '4.0', '4.0', '4.0', '4.0', 'yes', 'adequate', '-', '-', '-'),
(1363, '5023', '243785', '4.0', '4.0', '4.0', '4.0', '4.0', 'yes', 'adequate', '-', '-', '-'),
(1364, '4799', '243785', '4.0', '4.0', '4.0', '4.0', '4.0', 'yes', 'adequate', '-', '-', '-'),
(1365, '5026', '243785', '4.0', '4.0', '4.0', '4.0', '4.0', 'yes', 'adequate', '-', '-', '-'),
(1366, '4800', '243785', '4.0', '4.0', '4.0', '4.0', '4.0', 'yes', 'adequate', '-', '-', '-'),
(1367, '4817', '205789', '4.0', '4.0', '4.0', '4.0', '0.0', 'yes', 'insufficient', 'this should be a separate session as lot more detailed discussion are required', 'no', 'Finance has more role'),
(1368, '4810', '927136', '4.0', '4.0', '4.0', '4.0', '4.0', 'yes', 'adequate', 'NA', 'NA', 'NA'),
(1369, '4814', '927136', '4.0', '4.0', '4.0', '4.0', '4.0', 'yes', 'adequate', 'NA', 'NA', 'NA'),
(1370, '4816', '927136', '4.0', '4.0', '4.0', '4.0', '4.0', 'yes', 'adequate', 'NA', 'NA', 'NA'),
(1371, '4817', '927136', '4.0', '4.0', '4.0', '4.0', '4.0', 'yes', 'adequate', 'NA', 'NA', 'NA'),
(1372, '5041', '927136', '4.0', '4.0', '4.0', '4.0', '4.0', 'yes', 'adequate', 'NA', 'NA', 'NA'),
(1373, '4818', '927136', '4.0', '4.0', '4.0', '4.0', '4.0', 'yes', 'adequate', 'NA', 'NA', 'NA'),
(1374, '4789', '876953', '4.0', '4.0', '4.0', '4.0', '3.0', 'yes', 'adequate', 'na', 'na', 'na'),
(1375, '4790', '876953', '4.0', '4.0', '4.0', '3.0', '3.0', 'yes', 'adequate', 'na', 'na', 'na'),
(1376, '4741', '868889', '4.0', '4.0', '4.0', '4.0', '4.0', 'yes', 'adequate', 'As a learner I found this course very effective', 'na', 'almost everthing'),
(1377, '4789', '684281', '4.0', '4.0', '4.0', '4.0', '0.0', 'yes', 'adequate', 'NA', 'NA', 'NA'),
(1378, '4790', '684281', '4.0', '4.0', '4.0', '4.0', '4.0', 'yes', 'adequate', 'NA', 'NA', 'NA'),
(1379, '4792', '684281', '4.0', '4.0', '4.0', '4.0', '4.0', 'yes', 'adequate', 'NA', 'NA', 'NA'),
(1380, '4793', '684281', '4.0', '4.0', '4.0', '4.0', '4.0', 'yes', 'adequate', 'na', 'na', 'na'),
(1381, '4795', '684281', '4.0', '4.0', '4.0', '4.0', '4.0', 'yes', 'adequate', 'na', 'na', 'na'),
(1382, '4796', '684281', '4.0', '4.0', '4.0', '4.0', '4.0', 'yes', 'adequate', 'na', 'na', 'na'),
(1383, '4798', '684281', '4.0', '4.0', '4.0', '4.0', '4.0', 'yes', 'adequate', 'na', 'na', 'na'),
(1384, '4799', '684281', '4.0', '4.0', '4.0', '4.0', '4.0', 'yes', 'adequate', 'na', 'na', 'na'),
(1385, '4800', '684281', '4.0', '4.0', '4.0', '4.0', '4.0', 'yes', 'adequate', 'na', 'na', 'na'),
(1386, '5020', '684281', '4.0', '4.0', '4.0', '4.0', '4.0', 'yes', 'adequate', 'na', 'na', 'na'),
(1387, '5029', '684281', '4.0', '4.0', '4.0', '4.0', '4.0', 'yes', 'adequate', 'na', 'na', 'na'),
(1388, '5021', '684281', '4.0', '4.0', '4.0', '4.0', '4.0', 'yes', 'adequate', 'na', 'na', 'na'),
(1389, '5023', '684281', '4.0', '4.0', '4.0', '4.0', '4.0', 'yes', 'adequate', 'na', 'na', 'na'),
(1390, '5024', '684281', '4.0', '4.0', '4.0', '4.0', '4.0', 'yes', 'adequate', 'na', 'na', 'na'),
(1391, '5026', '684281', '4.0', '4.0', '4.0', '4.0', '4.0', 'yes', 'adequate', 'na', 'na', 'na'),
(1392, '5027', '684281', '4.0', '4.0', '4.0', '4.0', '4.0', 'yes', 'adequate', 'na', 'na', 'na'),
(1393, '5031', '684281', '4.0', '4.0', '4.0', '4.0', '4.0', 'yes', 'adequate', 'na', 'na', 'na'),
(1394, '5030', '684281', '4.0', '4.0', '4.0', '4.0', '4.0', 'yes', 'adequate', 'na', 'na', 'na'),
(1395, '4801', '684281', '4.0', '4.0', '4.0', '4.0', '4.0', 'yes', 'adequate', 'na', 'na', 'how to communicate with stakeholders'),
(1396, '4792', '876953', '4.0', '4.0', '4.0', '4.0', '4.0', 'yes', 'adequate', 'na', 'na', 'na'),
(1397, '4793', '876953', '4.0', '4.0', '4.0', '3.0', '3.0', 'yes', 'adequate', 'na', 'na', 'na'),
(1398, '5031', '876953', '2.0', '2.0', '2.0', '2.0', '2.0', 'yes', 'adequate', 'na', 'na', 'na'),
(1399, '5030', '876953', '4.0', '4.0', '4.0', '4.0', '4.0', 'yes', 'adequate', 'na', 'na', 'na'),
(1400, '4795', '876953', '4.0', '4.0', '4.0', '4.0', '3.0', 'yes', 'adequate', 'na', 'na', 'na'),
(1401, '5027', '876953', '4.0', '4.0', '4.0', '4.0', '4.0', 'yes', 'adequate', 'na', 'na', 'na'),
(1402, '5020', '876953', '4.0', '4.0', '4.0', '4.0', '4.0', 'yes', 'adequate', 'na', 'na', 'na'),
(1403, '5029', '876953', '4.0', '4.0', '4.0', '4.0', '3.0', 'yes', 'adequate', 'na', 'na', 'na'),
(1404, '5026', '876953', '4.0', '3.0', '4.0', '4.0', '4.0', 'yes', 'adequate', 'na', 'na', 'na'),
(1405, '5024', '876953', '4.0', '4.0', '4.0', '4.0', '4.0', 'yes', 'adequate', 'na', 'na', 'na'),
(1406, '4810', '460252', '4.0', '4.0', '4.0', '4.0', '4.0', 'yes', 'adequate', 'na', 'na', 'how to delegate tasks effectively'),
(1407, '4812', '460252', '4.0', '4.0', '4.0', '4.0', '4.0', 'yes', 'adequate', 'na', 'na', 'na'),
(1408, '4780', '388232', '4.0', '4.0', '4.0', '4.0', '4.0', 'yes', 'adequate', 'not sure of the things which could be added. But this was a very good exercise indeed and very different from our routine tasks that we perform in our job roles.', 'Again, not sure if we can drop something out of the course.', 'I definitely can see a bigger picture here. I know about the overall picture of TCS. Very well put course on interpersonal as well as professional skills.'),
(1409, '4789', '354584', '3.0', '3.0', '3.0', '3.0', '3.0', 'yes', 'adequate', 'NA', 'NA', 'leadership '),
(1410, '4790', '354584', '4.0', '4.0', '4.0', '4.0', '4.0', 'yes', 'adequate', 'NA', 'NA', 'NA'),
(1411, '4865', '328177', '4.0', '4.0', '4.0', '4.0', '3.0', 'yes', 'adequate', 'na', 'na', 'intro was good and motivated myself to start'),
(1412, '4819', '243785', '4.0', '4.0', '4.0', '4.0', '4.0', 'yes', 'adequate', '-', '-', '-'),
(1413, '4818', '243785', '4.0', '4.0', '4.0', '4.0', '4.0', 'yes', 'adequate', '-', '-', '-'),
(1414, '5045', '243785', '4.0', '4.0', '4.0', '4.0', '4.0', 'yes', 'adequate', '-', '-', '-'),
(1415, '5043', '243785', '4.0', '4.0', '4.0', '4.0', '4.0', 'yes', 'adequate', '-', '-', '-'),
(1416, '4810', '199154', '3.0', '3.0', '3.0', '4.0', '3.0', 'yes', 'adequate', 'na', 'na', 'na'),
(1417, '5041', '243785', '4.0', '4.0', '4.0', '4.0', '4.0', 'yes', 'adequate', '-', '-', '-'),
(1418, '4817', '199154', '4.0', '4.0', '4.0', '4.0', '4.0', 'yes', 'adequate', 'na', 'na', 'na'),
(1419, '4821', '243785', '4.0', '4.0', '4.0', '4.0', '4.0', 'yes', 'adequate', '-', '-', '-'),
(1420, '4819', '354584', '4.0', '4.0', '4.0', '4.0', '4.0', 'yes', 'adequate', 'NA ', 'NA', 'NA'),
(1421, '4821', '354584', '4.0', '4.0', '4.0', '4.0', '4.0', 'yes', 'adequate', 'NA', 'NA', 'NA'),
(1422, '4810', '354584', '4.0', '4.0', '4.0', '4.0', '4.0', 'yes', 'adequate', 'NA', 'NA', 'NA'),
(1423, '4812', '354584', '4.0', '4.0', '4.0', '4.0', '4.0', 'yes', 'adequate', 'NA', 'NA', 'NA'),
(1424, '4814', '354584', '4.0', '4.0', '4.0', '4.0', '4.0', 'yes', 'adequate', 'NA', 'NA', 'NA'),
(1425, '4816', '354584', '4.0', '4.0', '4.0', '4.0', '4.0', 'yes', 'adequate', 'NA', 'NA', 'NA'),
(1426, '4817', '354584', '4.0', '4.0', '4.0', '4.0', '4.0', 'yes', 'adequate', 'NA', 'NA', 'NA'),
(1427, '4818', '354584', '4.0', '4.0', '4.0', '4.0', '4.0', 'yes', 'adequate', 'NA', 'NA', 'NA'),
(1428, '5049', '354584', '4.0', '4.0', '4.0', '4.0', '4.0', 'yes', 'adequate', 'NA', 'NA', 'NA'),
(1429, '5041', '354584', '4.0', '4.0', '4.0', '4.0', '4.0', 'yes', 'adequate', 'NA', 'NA', 'NA'),
(1430, '5043', '354584', '4.0', '4.0', '4.0', '4.0', '4.0', 'yes', 'adequate', 'NA', 'NA', 'NA'),
(1431, '4792', '354584', '4.0', '4.0', '4.0', '4.0', '4.0', 'yes', 'adequate', 'NA', 'NA', 'NA'),
(1432, '4793', '354584', '4.0', '4.0', '4.0', '4.0', '4.0', 'yes', 'adequate', 'NA', 'NA', 'NA'),
(1433, '4795', '354584', '4.0', '4.0', '4.0', '4.0', '4.0', 'yes', 'adequate', 'NA', 'NA', 'NA'),
(1434, '4796', '354584', '4.0', '4.0', '4.0', '4.0', '4.0', 'yes', 'adequate', 'NA', 'NA', 'NA'),
(1435, '4798', '354584', '4.0', '4.0', '4.0', '4.0', '4.0', 'yes', 'adequate', 'NA', 'NA', 'NA'),
(1436, '4799', '354584', '4.0', '4.0', '4.0', '4.0', '4.0', 'yes', 'adequate', 'NA', 'NA', 'NA'),
(1437, '4800', '354584', '4.0', '4.0', '4.0', '4.0', '4.0', 'yes', 'adequate', 'NA', 'NA', 'NA'),
(1438, '5031', '354584', '4.0', '4.0', '4.0', '4.0', '4.0', 'yes', 'adequate', 'NA', 'NA', 'NA'),
(1439, '4819', '532392', '4.0', '4.0', '4.0', '4.0', '4.0', 'yes', 'adequate', 'ok', 'ok', 'ok'),
(1440, '4821', '532392', '4.0', '4.0', '4.0', '4.0', '4.0', 'yes', 'adequate', 'ok', 'ok', 'ok'),
(1441, '4823', '532392', '4.0', '4.0', '4.0', '4.0', '4.0', 'yes', 'adequate', 'ok', 'okok', 'ok'),
(1442, '4825', '532392', '4.0', '4.0', '4.0', '4.0', '4.0', 'yes', 'adequate', 'ok', 'ok', 'ok'),
(1443, '4826', '532392', '4.0', '4.0', '4.0', '4.0', '4.0', 'yes', 'adequate', 'ok', 'ok', 'ok'),
(1444, '5050', '532392', '4.0', '4.0', '4.0', '4.0', '4.0', 'yes', 'adequate', 'ok', 'okok', 'ok'),
(1445, '5052', '532392', '4.0', '4.0', '4.0', '4.0', '4.0', 'yes', 'adequate', 'ok', 'ok', 'ok'),
(1446, '5054', '532392', '4.0', '4.0', '4.0', '4.0', '4.0', 'yes', 'adequate', 'ok', 'ok', 'ok'),
(1447, '5056', '532392', '4.0', '4.0', '4.0', '4.0', '4.0', 'yes', 'adequate', 'ok', 'ok', 'ok'),
(1448, '5057', '532392', '4.0', '4.0', '4.0', '4.0', '4.0', 'yes', 'adequate', 'ok', 'ok', 'ok'),
(1449, '5281', '532392', '4.0', '4.0', '4.0', '4.0', '4.0', 'yes', 'adequate', 'ok', 'ok', 'ok'),
(1450, '5283', '532392', '4.0', '4.0', '4.0', '4.0', '4.0', 'yes', 'adequate', 'ok', 'ok', 'ok'),
(1451, '5285', '532392', '4.0', '4.0', '4.0', '4.0', '4.0', 'yes', 'adequate', 'ok', 'OK ', 'ok'),
(1452, '5287', '532392', '4.0', '4.0', '4.0', '4.0', '4.0', 'yes', 'adequate', 'ok', 'ok', 'ok'),
(1453, '5288', '532392', '4.0', '4.0', '4.0', '4.0', '4.0', 'yes', 'adequate', 'ok', 'ok', 'ok'),
(1454, '4819', '355870', '4.0', '4.0', '4.0', '4.0', '4.0', 'yes', 'adequate', 'ok', 'ok', 'ok'),
(1455, '4821', '355870', '4.0', '4.0', '4.0', '4.0', '4.0', 'yes', 'adequate', 'ok', 'ok', 'ok'),
(1456, '4823', '355870', '4.0', '4.0', '4.0', '4.0', '4.0', 'yes', 'adequate', 'ok', 'ok', 'ok'),
(1457, '4825', '355870', '4.0', '4.0', '4.0', '4.0', '4.0', 'yes', 'adequate', 'ok', 'ok', 'ok'),
(1458, '4826', '355870', '4.0', '4.0', '4.0', '4.0', '4.0', 'yes', 'adequate', 'ok', 'ok', 'ok'),
(1459, '5050', '355870', '4.0', '4.0', '4.0', '4.0', '4.0', 'yes', 'adequate', 'ok', 'ok', 'ok'),
(1460, '5052', '355870', '4.0', '4.0', '4.0', '4.0', '4.0', 'yes', 'adequate', 'ok', 'ok', 'ok'),
(1461, '5054', '355870', '4.0', '4.0', '4.0', '4.0', '4.0', 'yes', 'adequate', 'ok', 'ok', 'ok'),
(1462, '5056', '355870', '4.0', '4.0', '4.0', '4.0', '4.0', 'yes', 'adequate', 'ok', 'ok', 'ok'),
(1463, '5057', '355870', '4.0', '4.0', '4.0', '4.0', '4.0', 'yes', 'adequate', 'ok', 'ok', 'ok'),
(1464, '5281', '355870', '4.0', '4.0', '4.0', '4.0', '4.0', 'yes', 'adequate', 'ok', 'ok', 'ok'),
(1465, '5283', '355870', '4.0', '4.0', '4.0', '4.0', '4.0', 'yes', 'adequate', 'ok', 'ok', 'ok'),
(1466, '5285', '355870', '4.0', '4.0', '4.0', '4.0', '4.0', 'yes', 'adequate', 'ok', 'ok', 'ok'),
(1467, '5287', '355870', '4.0', '4.0', '4.0', '4.0', '4.0', 'yes', 'adequate', 'ok', 'ok', 'ok'),
(1468, '5288', '355870', '4.0', '4.0', '4.0', '4.0', '4.0', 'yes', 'adequate', 'ok', 'ok', 'ok'),
(1469, '4857', '1068681', '4.0', '4.0', '4.0', '4.0', '4.0', 'yes', 'adequate', 'NA', 'NA', 'NA'),
(1470, '4857', '740102', '4.0', '4.0', '4.0', '4.0', '4.0', 'yes', 'adequate', 'na', 'na', 'na'),
(1471, '4859', '740102', '4.0', '4.0', '4.0', '4.0', '4.0', 'yes', 'adequate', 'na', 'nA', 'na'),
(1472, '4859', '361108', '4.0', '4.0', '4.0', '4.0', '4.0', 'yes', 'adequate', 'na', 'na', 'soft communication skills and self motivated'),
(1473, '5325', '361108', '4.0', '4.0', '4.0', '4.0', '4.0', 'yes', 'adequate', 'na', 'na', 'effective presentation skills'),
(1474, '4825', '205789', '4.0', '4.0', '4.0', '4.0', '4.0', 'yes', 'adequate', 'more activity', 'nothing much', 'leadership skills'),
(1475, '5326', '893002', '4.0', '4.0', '4.0', '4.0', '4.0', 'yes', 'adequate', '', '', 'self management and focusing on the TCSQ in every project'),
(1476, '4857', '1034146', '4.0', '4.0', '4.0', '4.0', '4.0', 'yes', 'adequate', 'pictorial diagrams of bhavioural persons', 'examples.', 'collaboration..'),
(1477, '5325', '1034146', '4.0', '4.0', '4.0', '4.0', '4.0', 'yes', 'adequate', 'please add presentations on web link meetings', 'no drops', 'presentations'),
(1478, '4823', '927136', '4.0', '4.0', '4.0', '4.0', '4.0', 'yes', 'adequate', 'na', 'na', 'na'),
(1479, '4821', '927136', '4.0', '4.0', '4.0', '4.0', '4.0', 'yes', 'adequate', 'na', 'na', ' na'),
(1480, '4825', '927136', '4.0', '4.0', '4.0', '4.0', '4.0', 'yes', 'adequate', 'na', 'na', 'na'),
(1481, '4826', '927136', '4.0', '4.0', '4.0', '4.0', '4.0', 'yes', 'adequate', 'na', 'na', 'na'),
(1482, '5050', '927136', '4.0', '4.0', '4.0', '4.0', '4.0', 'yes', 'adequate', 'na', 'na', 'na'),
(1483, '5285', '927136', '4.0', '4.0', '4.0', '4.0', '4.0', 'yes', 'adequate', 'na', 'na', 'na'),
(1484, '4857', '244560', '4.0', '4.0', '4.0', '4.0', '3.0', 'yes', 'adequate', 'more of animated videos and any inspiring stories of tcsers', 'na', 'na'),
(1485, '4859', '244560', '4.0', '4.0', '4.0', '4.0', '3.0', 'yes', 'adequate', 'ok', 'ok', 'ok'),
(1486, '4861', '244560', '4.0', '4.0', '4.0', '4.0', '3.0', 'yes', 'adequate', 'ok', 'ok', 'ok'),
(1487, '4863', '244560', '4.0', '4.0', '4.0', '4.0', '3.0', 'yes', 'adequate', 'ok', 'ok', 'ok'),
(1488, '4864', '244560', '4.0', '4.0', '4.0', '4.0', '3.0', 'yes', 'adequate', 'ok', 'ok', 'ok'),
(1489, '4827', '244560', '4.0', '4.0', '4.0', '4.0', '3.0', 'yes', 'adequate', 'ok', 'ok', 'ok'),
(1490, '4828', '244560', '4.0', '4.0', '4.0', '4.0', '3.0', 'yes', 'adequate', 'ok', 'ok', 'ok'),
(1491, '4830', '244560', '4.0', '4.0', '4.0', '4.0', '3.0', 'yes', 'adequate', 'ok', 'ok', 'ok'),
(1492, '4831', '244560', '4.0', '4.0', '4.0', '4.0', '3.0', 'yes', 'adequate', 'ok', 'ok', 'ok'),
(1493, '4833', '244560', '4.0', '4.0', '4.0', '4.0', '3.0', 'yes', 'adequate', 'ok', 'ok', 'ok'),
(1494, '4834', '244560', '4.0', '4.0', '4.0', '4.0', '3.0', 'yes', 'adequate', 'ok', 'ok', 'ok'),
(1495, '4836', '244560', '4.0', '4.0', '4.0', '4.0', '3.0', 'yes', 'adequate', 'ok', 'ok', 'ok'),
(1496, '4838', '244560', '4.0', '4.0', '4.0', '4.0', '3.0', 'yes', 'adequate', 'ok', 'ok', 'ok'),
(1497, '4839', '244560', '4.0', '4.0', '4.0', '4.0', '3.0', 'yes', 'adequate', 'ok', 'ok', 'ok'),
(1498, '4841', '244560', '4.0', '4.0', '4.0', '4.0', '3.0', 'yes', 'adequate', 'ok', 'ok', 'ok'),
(1499, '4842', '244560', '4.0', '4.0', '4.0', '4.0', '3.0', 'yes', 'adequate', 'ok', 'ok', 'ok'),
(1500, '4844', '244560', '4.0', '4.0', '4.0', '4.0', '3.0', 'yes', 'adequate', 'ok', 'ok', 'ok'),
(1501, '4826', '205789', '4.0', '4.0', '4.0', '4.0', '4.0', 'yes', 'adequate', 'presentation skills more details', 'nothing', 'How to lead a team and present a presentation with senior management when ever required'),
(1502, '4846', '244560', '4.0', '4.0', '4.0', '4.0', '3.0', 'yes', 'adequate', 'ok', 'ok', 'ok'),
(1503, '4847', '244560', '4.0', '4.0', '4.0', '4.0', '3.0', 'yes', 'adequate', 'ok', 'ok', 'ok'),
(1504, '4848', '244560', '4.0', '4.0', '4.0', '4.0', '3.0', 'yes', 'adequate', 'ok', 'ok', 'ok'),
(1505, '4742', '238931', '4.0', '4.0', '4.0', '3.0', '4.0', 'yes', 'adequate', 'none', 'none', 'Building motivated team to drive results'),
(1506, '4850', '244560', '4.0', '4.0', '4.0', '4.0', '3.0', 'yes', 'adequate', 'ok', 'ok', 'ok'),
(1507, '4852', '244560', '4.0', '4.0', '4.0', '4.0', '3.0', 'yes', 'adequate', 'ok', 'ok', 'ok'),
(1508, '4854', '244560', '4.0', '4.0', '4.0', '4.0', '3.0', 'yes', 'adequate', 'ok', 'ok', 'ok'),
(1509, '4712', '371098', '4.0', '4.0', '4.0', '4.0', '3.0', 'yes', 'adequate', 'good', 'no', 'project planning'),
(1510, '4855', '244560', '4.0', '3.0', '3.0', '3.0', '3.0', 'yes', 'adequate', 'ok', 'ok', 'ok'),
(1511, '4856', '244560', '4.0', '4.0', '4.0', '4.0', '3.0', 'yes', 'adequate', 'ok', 'ok', 'ok'),
(1512, '4713', '371098', '4.0', '4.0', '4.0', '4.0', '3.0', 'yes', 'adequate', 'good', 'no', 'identifying stakeholders'),
(1513, '4716', '371098', '4.0', '4.0', '4.0', '4.0', '3.0', 'yes', 'adequate', 'good', 'no', 'stakeholders management'),
(1514, '4719', '371098', '3.0', '4.0', '3.0', '4.0', '3.0', 'yes', 'adequate', 'good', 'no', 'Self control'),
(1515, '5250', '203025', '4.0', '4.0', '4.0', '4.0', '4.0', 'yes', 'adequate', 'all courses are adequate and clear', 'nothing', 'in tough situation, take a pause and then response'),
(1516, '5249', '203025', '4.0', '4.0', '4.0', '4.0', '4.0', 'yes', 'too long', 'nothing ', 'nothing ', 'prepare presentation to involve all types of audience '),
(1517, '4902', '222587', '4.0', '4.0', '4.0', '4.0', '4.0', 'yes', 'adequate', 'A', 'A', 'A'),
(1518, '4886', '222587', '4.0', '4.0', '4.0', '4.0', '4.0', 'yes', 'adequate', 'a', 'a', 'a'),
(1519, '5094', '203025', '4.0', '4.0', '4.0', '4.0', '4.0', 'yes', 'adequate', 'nothing ', 'nothing ', 'prepare ppt to cover all types of audience '),
(1520, '4803', '684281', '4.0', '4.0', '4.0', '4.0', '4.0', 'yes', 'adequate', 'na', 'na', 'na'),
(1521, '5079', '203025', '4.0', '4.0', '4.0', '4.0', '4.0', 'yes', 'adequate', 'all content perfect ', 'all content perfect', 'identify what my reportees are strong at and then delegate '),
(1522, '4819', '684281', '4.0', '4.0', '4.0', '4.0', '4.0', 'yes', 'adequate', 'na', 'na', 'na'),
(1523, '4821', '684281', '4.0', '4.0', '4.0', '4.0', '4.0', 'yes', 'adequate', 'na', 'na', 'na'),
(1524, '4823', '684281', '4.0', '4.0', '4.0', '4.0', '4.0', 'yes', 'adequate', 'na', 'na', 'na'),
(1525, '4825', '684281', '4.0', '4.0', '4.0', '4.0', '4.0', 'yes', 'adequate', 'na', 'na', 'na'),
(1526, '4826', '684281', '4.0', '4.0', '4.0', '4.0', '4.0', 'yes', 'adequate', 'na', 'na', 'na'),
(1527, '5129', '388232', '4.0', '4.0', '4.0', '4.0', '4.0', 'yes', 'adequate', 'I think grammatical mistakes that normally people do', 'not sure', 'I sure did enjoy the overall impact that the course has on me. Very lucidly explained by Amit sir. I will definitely improve my teaming up skills and adjust my behavioural styles depending upon the situations.'),
(1528, '5252', '876953', '4.0', '4.0', '4.0', '4.0', '4.0', 'yes', 'adequate', 'na', 'na', 'na'),
(1529, '4796', '876953', '4.0', '4.0', '4.0', '4.0', '4.0', 'yes', 'adequate', 'na', 'na', 'na'),
(1530, '4798', '876953', '4.0', '4.0', '4.0', '4.0', '4.0', 'yes', 'adequate', 'na', 'na', 'na'),
(1531, '4799', '876953', '4.0', '4.0', '4.0', '4.0', '4.0', 'yes', 'adequate', 'na', 'na', 'na'),
(1532, '5262', '876953', '4.0', '4.0', '4.0', '4.0', '3.0', 'yes', 'adequate', 'na', 'na', 'na'),
(1533, '4673', '235444', '3.0', '4.0', '3.0', '3.0', '3.0', 'yes', 'adequate', 'Role of HR in an organisation', 'No comments . All were relevant', 'Introduction'),
(1534, '5261', '876953', '4.0', '4.0', '4.0', '4.0', '4.0', 'yes', 'adequate', 'na', 'na', 'na'),
(1535, '5260', '876953', '4.0', '4.0', '4.0', '4.0', '4.0', 'yes', 'adequate', 'na', 'na', 'na'),
(1536, '5258', '876953', '4.0', '4.0', '4.0', '4.0', '4.0', 'yes', 'adequate', 'na', 'na', 'na'),
(1537, '5257', '876953', '4.0', '4.0', '4.0', '4.0', '4.0', 'yes', 'adequate', 'na', 'na', 'na'),
(1538, '5255', '876953', '4.0', '4.0', '4.0', '4.0', '4.0', 'yes', 'adequate', 'na', 'na', 'na'),
(1539, '4865', '190881', '4.0', '3.0', '4.0', '3.0', '4.0', 'yes', 'adequate', 'None', 'None', 'Nome'),
(1540, '4866', '190881', '4.0', '3.0', '4.0', '3.0', '4.0', 'yes', 'adequate', 'None', 'None', 'None'),
(1541, '4868', '190881', '4.0', '3.0', '4.0', '3.0', '4.0', 'yes', 'adequate', 'None', 'None', 'None'),
(1542, '4869', '190881', '4.0', '3.0', '4.0', '3.0', '4.0', 'yes', 'adequate', 'None', 'None', 'None'),
(1543, '4872', '190881', '4.0', '4.0', '4.0', '4.0', '4.0', 'yes', 'adequate', 'None', 'None', 'None'),
(1544, '4871', '190881', '4.0', '3.0', '4.0', '3.0', '4.0', 'yes', 'adequate', 'None', 'None', 'None'),
(1545, '4874', '190881', '4.0', '4.0', '4.0', '4.0', '4.0', 'yes', 'adequate', 'None', 'None', 'None'),
(1546, '4876', '190881', '4.0', '4.0', '4.0', '4.0', '4.0', 'yes', 'adequate', 'None', 'None', 'None'),
(1547, '4877', '190881', '3.0', '3.0', '4.0', '3.0', '4.0', 'yes', 'adequate', 'None ', 'None ', 'None '),
(1548, '4879', '190881', '3.0', '3.0', '4.0', '3.0', '4.0', 'yes', 'adequate', 'None', 'None', 'None '),
(1549, '4880', '190881', '4.0', '4.0', '4.0', '4.0', '4.0', 'yes', 'adequate', 'None ', 'None ', 'None '),
(1550, '4882', '190881', '4.0', '4.0', '4.0', '4.0', '4.0', 'yes', 'adequate', 'None', 'None', 'None '),
(1551, '5154', '190881', '4.0', '4.0', '4.0', '4.0', '4.0', 'yes', 'adequate', 'None ', 'None ', 'None '),
(1552, '5481', '535983', '4.0', '4.0', '4.0', '4.0', '4.0', 'yes', 'insufficient', 'The time allocated to presentation could be more.', 'None', 'Proper Presentaion skill'),
(1553, '4935', '535983', '4.0', '3.0', '4.0', '3.0', '4.0', 'yes', 'insufficient', 'The time could increased a little more for the topic as it is a vast topic and needs more duration for establishing the link between subtopics.', 'None', 'Situational leadership'),
(1554, '4925', '535983', '4.0', '4.0', '4.0', '4.0', '4.0', 'yes', 'adequate', 'The material was adequate.', 'None', 'Effective delegation'),
(1555, '4933', '535983', '4.0', '4.0', '4.0', '4.0', '4.0', 'yes', 'adequate', 'Although the couse met its objective, some information regarding finance of TCS at higher level could be more benificial. ', 'None.I loved the course ..very intresting and very well explained by the faculty.', 'Skills req for driving results such s cross skill develppment etc.'),
(1556, '4911', '535983', '4.0', '4.0', '4.0', '4.0', '4.0', 'yes', 'adequate', 'One should be given more time to acess his behavioral style. Although I understand that it was the knowledge and skills ,which we were equipped  in the course and can use it in our day to day life, but this info( eg DISC type) was used in later sessons at day 4; one can more relate to it.', 'None', 'hpmc technique.'),
(1557, '4904', '535983', '4.0', '4.0', '4.0', '4.0', '4.0', 'yes', 'adequate', 'Well articulated.', 'none', '......'),
(1558, '4894', '222587', '4.0', '3.0', '2.0', '3.0', '3.0', 'yes', 'insufficient', 'Only concepts were touched upon. Please increase the duration of this section to enable the facilitator to have a detailed session. ', 'a', 'a'),
(1559, '5158', '222587', '4.0', '2.0', '3.0', '2.0', '3.0', 'yes', 'adequate', 'A', 'a', 'a'),
(1560, '4880', '222587', '4.0', '4.0', '4.0', '4.0', '4.0', 'yes', 'adequate', 'Thanks Kaustubh.  Keep up the good work ', 'a', 'a'),
(1561, '4882', '222587', '4.0', '4.0', '4.0', '4.0', '4.0', 'yes', 'adequate', 'a', 'a', 'a'),
(1562, '5385', '222587', '4.0', '4.0', '4.0', '4.0', '4.0', 'yes', 'adequate', 'a', 'a', 'a'),
(1563, '4877', '222587', '4.0', '3.0', '4.0', '3.0', '3.0', 'yes', 'adequate', 'Hi Abhishek. You keep moving while speaking and the camera keeps following you. This confuses the audience from other locations and they are unable to concentrate on what you are saying. l', 'a', 'a'),
(1564, '4865', '222587', '4.0', '3.0', '4.0', '4.0', '4.0', 'yes', 'adequate', 'a', 'a', 'a'),
(1565, '4872', '222587', '4.0', '4.0', '4.0', '4.0', '4.0', 'yes', 'adequate', 'a', 'a', 'a'),
(1566, '4875', '222587', '4.0', '4.0', '4.0', '4.0', '4.0', 'yes', 'adequate', 'a', 'a', 'a'),
(1567, '4876', '222587', '4.0', '4.0', '4.0', '4.0', '4.0', 'yes', 'adequate', 'a', 'a', 'a'),
(1568, '4673', '1225849', '4.0', '4.0', '4.0', '4.0', '4.0', 'yes', 'adequate', 'nothing', 'nothing', 'good leader'),
(1569, '4680', '1225849', '4.0', '4.0', '4.0', '4.0', '4.0', 'yes', 'adequate', 'NA', 'NA', 'should look into ourselves and learn'),
(1570, '4684', '1225849', '4.0', '4.0', '4.0', '4.0', '4.0', 'yes', 'adequate', 'na', 'na', 'na'),
(1571, '4685', '1225849', '4.0', '4.0', '4.0', '4.0', '4.0', 'yes', 'adequate', 'Nothing', 'nothing', 'different type of communication styles'),
(1572, '4688', '1225849', '4.0', '4.0', '4.0', '4.0', '4.0', 'yes', 'adequate', 'na', 'na', 'the art of negotiations'),
(1573, '4692', '1225849', '4.0', '4.0', '4.0', '4.0', '4.0', 'yes', 'adequate', 'na', 'na', 'organize and plan all my activities'),
(1574, '4704', '1225849', '4.0', '4.0', '4.0', '4.0', '4.0', 'yes', 'adequate', 'na', 'na', 'situational leadership'),
(1575, '4694', '1225849', '4.0', '4.0', '4.0', '4.0', '4.0', 'yes', 'adequate', 'na', 'na', 'delegation '),
(1576, '4696', '1225849', '4.0', '2.0', '2.0', '2.0', '2.0', 'yes', 'too long', 'preparation of risk and mitigation plan in real project scenario', '', 'proper identification of risks'),
(1577, '4972', '1225849', '4.0', '4.0', '3.0', '3.0', '0.0', 'yes', 'too long', 'na', 'na', 'financial planning'),
(1578, '4701', '1225849', '4.0', '4.0', '4.0', '4.0', '4.0', 'yes', 'adequate', 'na', 'na', 'great motivation from bala'),
(1579, '4827', '197622', '4.0', '4.0', '4.0', '4.0', '4.0', 'yes', 'adequate', '', '', 'identifying & categorizing stakeholders'),
(1580, '4828', '197622', '4.0', '4.0', '4.0', '4.0', '4.0', 'yes', 'adequate', '', '', 'need to change mindset'),
(1581, '4781', '377090', '4.0', '4.0', '3.0', '4.0', '4.0', 'yes', 'insufficient', 'difficulties we might face changing how we work after ascent', 'na', 'team management and stakeholder communication'),
(1582, '4771', '377090', '3.0', '4.0', '3.0', '4.0', '4.0', 'yes', 'insufficient', 'since the concepts discussed are new, a detailed information should be given.', '', 'risk management and categorization as whole'),
(1583, '4712', '529884', '4.0', '4.0', '4.0', '4.0', '0.0', 'yes', 'adequate', 'none', 'none', 'na'),
(1584, '4713', '529884', '4.0', '4.0', '4.0', '4.0', '4.0', 'yes', 'adequate', 'none', 'nonr', 'identify the stakeholders.analyze and place stakeholders in power grid and revisit it from time to tine and work as per the placements '),
(1585, '4715', '529884', '4.0', '4.0', '4.0', '4.0', '4.0', 'yes', 'adequate', 'none', 'nonr', 'place appropriate strategy to manage stakeholders '),
(1586, '4716', '529884', '4.0', '4.0', '4.0', '4.0', '4.0', 'yes', 'adequate', 'none', 'nonr', 'same learning as from previous session'),
(1587, '4718', '529884', '4.0', '4.0', '4.0', '4.0', '4.0', 'yes', 'adequate', 'na', 'na', 'na'),
(1588, '4719', '529884', '4.0', '4.0', '4.0', '4.0', '4.0', 'yes', 'adequate', 'none', 'none', 'try to put myself in the other persons shoes rather than reacting immediately '),
(1589, '4721', '529884', '4.0', '4.0', '4.0', '4.0', '4.0', 'yes', 'adequate', 'none', 'none', 'try to respond instead of reacting'),
(1590, '4722', '529884', '4.0', '4.0', '4.0', '4.0', '4.0', 'yes', 'adequate', 'none', 'none', 'identifying the behavioural style of the person I am interacting with to use it to respond to various situations '),
(1591, '4724', '529884', '4.0', '4.0', '4.0', '4.0', '4.0', 'yes', 'adequate', 'none', 'none', 'try to end my mail with what i want the receiver to do with he info provided'),
(1592, '4726', '529884', '4.0', '4.0', '4.0', '4.0', '4.0', 'yes', 'adequate', 'none', 'none', 'be an active listener'),
(1593, '4727', '529884', '4.0', '4.0', '4.0', '4.0', '4.0', 'yes', 'adequate', 'none', 'none', 'start negotiations  with whats favourable for both parties to buildtrut'),
(1594, '4731', '529884', '4.0', '4.0', '4.0', '4.0', '4.0', 'yes', 'adequate', 'no e', 'none', 'not to rush through the planning phase'),
(1595, '5079', '529884', '4.0', '4.0', '4.0', '4.0', '4.0', 'yes', 'adequate', 'none ', 'none', 'not to dump work on team members. instead define task n select an individual based on interest n ability '),
(1596, '4827', '307493', '4.0', '4.0', '4.0', '4.0', '4.0', 'yes', 'adequate', 'Present material is fine', 'Present material is fine', 'self motivation'),
(1597, '4823', '243785', '4.0', '4.0', '4.0', '4.0', '4.0', 'yes', 'adequate', '-', '-', '-'),
(1598, '4680', '484166', '4.0', '4.0', '4.0', '4.0', '3.0', 'yes', 'insufficient', 'more on practical end', 'nothing', '20 20 20 funda'),
(1599, '4789', '221693', '3.0', '3.0', '3.0', '3.0', '3.0', 'yes', 'adequate', 'no suggestion', 'no suggestion', 'which are relevant to my project'),
(1600, '4801', '221693', '3.0', '3.0', '4.0', '4.0', '2.0', 'yes', 'adequate', 'no suggestion', 'no idea', 'will implement'),
(1601, '4810', '221693', '3.0', '3.0', '3.0', '3.0', '2.0', 'yes', 'adequate', 'no idea', 'no idea', 'few'),
(1602, '4825', '221693', '3.0', '3.0', '3.0', '3.0', '2.0', 'yes', 'adequate', 'no idea', 'no idea', 'few'),
(1603, '4819', '221693', '3.0', '3.0', '3.0', '4.0', '2.0', 'yes', 'adequate', 'no idEa', 'no idea', 'few'),
(1604, '4712', '332147', '4.0', '4.0', '4.0', '4.0', '3.0', 'yes', 'adequate', 'na', 'na', 'na'),
(1605, '4712', '514772', '4.0', '4.0', '4.0', '4.0', '0.0', 'yes', 'adequate', '', '', 'shift in mind set'),
(1606, '4713', '514772', '4.0', '4.0', '4.0', '4.0', '0.0', 'yes', 'adequate', '', '', 'Prepare my self to handle the Project Manager role'),
(1607, '5094', '228435', '4.0', '4.0', '4.0', '4.0', '4.0', 'yes', 'adequate', 'all covered', 'all covered', 'how to interact with people of disc pattern'),
(1608, '5090', '228435', '4.0', '4.0', '4.0', '4.0', '4.0', 'yes', 'adequate', 'all covered', 'all covered', 'all covered'),
(1609, '5079', '228435', '4.0', '4.0', '4.0', '4.0', '4.0', 'yes', 'adequate', 'all covered', 'all covered', 'all covered'),
(1610, '5086', '228435', '2.0', '2.0', '2.0', '2.0', '3.0', 'no', 'adequate', 'all covered', 'all covered', 'to know project finance'),
(1611, '4712', '225913', '4.0', '4.0', '4.0', '4.0', '3.0', 'yes', 'adequate', 'Nil', 'Nil', 'Introduced to the team'),
(1612, '4865', '1214371', '3.0', '3.0', '3.0', '3.0', '3.0', 'yes', 'adequate', 'a', 'b', 'c'),
(1613, '4866', '1214371', '3.0', '3.0', '3.0', '3.0', '3.0', 'yes', 'adequate', 'x', 'y', 'z'),
(1614, '4868', '1214371', '3.0', '3.0', '3.0', '3.0', '3.0', 'yes', 'adequate', 'a', 'b', 'c'),
(1615, '4871', '1214371', '3.0', '3.0', '3.0', '3.0', '3.0', 'yes', 'adequate', 'q', 'w', 'e'),
(1616, '4869', '1214371', '3.0', '3.0', '3.0', '3.0', '3.0', 'yes', 'adequate', 'd', 's', 'a'),
(1617, '4872', '1214371', '3.0', '3.0', '3.0', '3.0', '3.0', 'yes', 'adequate', 'l', 'k', 'j'),
(1618, '4874', '1214371', '3.0', '3.0', '3.0', '3.0', '3.0', 'yes', 'adequate', 'a', 's', 'd'),
(1619, '4875', '1214371', '3.0', '3.0', '3.0', '3.0', '3.0', 'yes', 'adequate', 'z', 'y', 'x'),
(1620, '4876', '1214371', '3.0', '3.0', '3.0', '3.0', '3.0', 'yes', 'adequate', 'a', 'b', 'c'),
(1621, '5088', '529884', '4.0', '4.0', '4.0', '4.0', '4.0', 'yes', 'adequate', 'none ', 'none ', 'na'),
(1622, '5090', '529884', '4.0', '4.0', '4.0', '4.0', '4.0', 'yes', 'adequate', 'none ', 'none', 'try not to delegate things i dont wanna do');
INSERT INTO `feed` (`feedid`, `scheduleid`, `employeeid`, `knowledge`, `articulation`, `time_management`, `interaction`, `quality_of_course`, `course_objective`, `time`, `toadd`, `toremove`, `willimplement`) VALUES
(1623, '5092', '529884', '4.0', '4.0', '4.0', '4.0', '4.0', 'yes', 'adequate', 'none ', 'none ', 'use disc patterns to work closely with the team '),
(1624, '5094', '529884', '4.0', '4.0', '4.0', '4.0', '4.0', 'yes', 'adequate', 'none', 'none', 'videotape my presentation to help me improve '),
(1625, '4724', '241471', '3.0', '3.0', '3.0', '3.0', '3.0', 'yes', 'adequate', 'stakeholders management ', 'nil', 'yes'),
(1626, '4726', '241471', '3.0', '3.0', '4.0', '4.0', '3.0', 'yes', 'adequate', 'all', 'nil', 'yes'),
(1627, '4727', '241471', '3.0', '3.0', '4.0', '3.0', '3.0', 'yes', 'adequate', 'negotiation techniques ', 'nil', 'negotiations '),
(1628, '4729', '241471', '3.0', '3.0', '4.0', '3.0', '3.0', 'yes', 'adequate', 'all', 'nil', 'yes'),
(1629, '4731', '241471', '3.0', '2.0', '2.0', '3.0', '3.0', 'yes', 'adequate', 'nil', 'nil', 'all'),
(1630, '4732', '241471', '4.0', '4.0', '4.0', '4.0', '3.0', 'yes', 'adequate', 'nil', 'nil', 'yes'),
(1631, '5079', '241471', '3.0', '3.0', '3.0', '3.0', '3.0', 'yes', 'adequate', 'more practice exercises ', 'nil', 'delegation techniques '),
(1632, '5081', '241471', '3.0', '3.0', '3.0', '3.0', '3.0', 'yes', 'adequate', 'nil', 'nil', 'yes'),
(1633, '5083', '241471', '3.0', '2.0', '3.0', '3.0', '3.0', 'yes', 'adequate', 'nil', 'nil', 'risk register '),
(1634, '5085', '241471', '3.0', '3.0', '3.0', '3.0', '3.0', 'yes', 'adequate', 'nil', 'nil', 'identity behavioural styles '),
(1635, '5086', '241471', '3.0', '4.0', '2.0', '4.0', '3.0', 'yes', 'adequate', 'nil', 'nil', 'identify project cost part '),
(1636, '5087', '241471', '3.0', '4.0', '4.0', '3.0', '3.0', 'yes', 'adequate', 'nil', 'nil', 'ok'),
(1637, '5088', '241471', '3.0', '4.0', '4.0', '3.0', '3.0', 'yes', 'adequate', 'nil', 'nil', 'ok'),
(1638, '5090', '241471', '3.0', '4.0', '3.0', '3.0', '3.0', 'yes', 'adequate', 'nil', 'nil', 'ok'),
(1639, '5092', '241471', '4.0', '3.0', '4.0', '3.0', '3.0', 'yes', 'adequate', 'nil', 'nil', 'ok'),
(1640, '5094', '241471', '3.0', '4.0', '4.0', '3.0', '3.0', 'yes', 'adequate', 'nil', 'nil', 'ok'),
(1641, '5095', '241471', '3.0', '3.0', '3.0', '3.0', '3.0', 'yes', 'adequate', 'nil', 'nil', 'ok'),
(1642, '4866', '385335', '3.0', '4.0', '3.0', '3.0', '4.0', 'yes', 'adequate', '', '', '.'),
(1643, '4868', '385335', '3.0', '4.0', '3.0', '3.0', '4.0', 'yes', 'adequate', '', '', '.'),
(1644, '4869', '385335', '4.0', '4.0', '3.0', '3.0', '4.0', 'yes', 'adequate', '', '', '.'),
(1645, '4871', '385335', '3.0', '4.0', '3.0', '4.0', '4.0', 'yes', 'adequate', '', '', '.'),
(1646, '4872', '385335', '3.0', '4.0', '4.0', '4.0', '4.0', 'yes', 'insufficient', '', '', '.'),
(1647, '4874', '385335', '4.0', '3.0', '4.0', '4.0', '4.0', 'yes', 'insufficient', '', '', '.'),
(1648, '4875', '385335', '4.0', '3.0', '4.0', '4.0', '4.0', 'yes', 'adequate', '', '', '.'),
(1649, '4876', '385335', '4.0', '3.0', '4.0', '4.0', '4.0', 'yes', 'adequate', '', '', '.'),
(1650, '4877', '385335', '4.0', '3.0', '4.0', '4.0', '4.0', 'yes', 'adequate', '', '', '.'),
(1651, '4879', '385335', '4.0', '3.0', '4.0', '4.0', '4.0', 'yes', 'adequate', '', '', '.'),
(1652, '4880', '385335', '4.0', '4.0', '4.0', '4.0', '4.0', 'yes', 'adequate', '', '', '.'),
(1653, '4882', '385335', '3.0', '3.0', '4.0', '4.0', '4.0', 'yes', 'adequate', '', '', '.'),
(1654, '4884', '385335', '3.0', '4.0', '3.0', '4.0', '4.0', 'yes', 'adequate', '', '', '.'),
(1655, '4885', '385335', '3.0', '4.0', '4.0', '3.0', '4.0', 'yes', 'adequate', '', '', '.'),
(1656, '4886', '385335', '3.0', '4.0', '4.0', '3.0', '3.0', 'yes', 'adequate', '', '', '.'),
(1657, '4888', '385335', '3.0', '2.0', '4.0', '3.0', '3.0', 'yes', 'adequate', '', '', '.'),
(1658, '4890', '385335', '3.0', '3.0', '4.0', '3.0', '4.0', 'yes', 'adequate', '', '', '.'),
(1659, '4891', '385335', '4.0', '3.0', '4.0', '4.0', '0.0', 'yes', 'adequate', '', '', '.'),
(1660, '4893', '385335', '3.0', '4.0', '3.0', '4.0', '4.0', 'yes', 'adequate', '', '', '.'),
(1661, '4894', '385335', '4.0', '3.0', '3.0', '4.0', '4.0', 'yes', 'insufficient', '', '', '.'),
(1662, '4896', '385335', '4.0', '3.0', '4.0', '4.0', '4.0', 'yes', 'adequate', '', '', '.'),
(1663, '4898', '385335', '3.0', '3.0', '4.0', '4.0', '3.0', 'yes', 'insufficient', '', '', '.'),
(1664, '4900', '385335', '3.0', '3.0', '3.0', '4.0', '4.0', 'yes', 'insufficient', '', '', '.'),
(1665, '4902', '385335', '4.0', '4.0', '4.0', '3.0', '3.0', 'no', 'insufficient', '', '', '.'),
(1666, '5540', '521427', '4.0', '4.0', '4.0', '4.0', '4.0', 'yes', 'too long', 'none', 'none', 'have learnt about stakeholders and how to augment capabilities '),
(1667, '5541', '521427', '4.0', '4.0', '4.0', '4.0', '4.0', 'yes', 'adequate', 'none', 'none', 'how to mange stakeholders '),
(1668, '5542', '521427', '4.0', '4.0', '4.0', '4.0', '4.0', 'yes', 'adequate', 'none', 'none', 'self regulation and self awareness '),
(1669, '5540', '465597', '4.0', '4.0', '4.0', '4.0', '4.0', 'yes', 'adequate', 'I found the course to cover all the aspects.', 'All the topics covered in the course were excellent and should not be dropped.', 'Managing stakeholders.'),
(1670, '5541', '465597', '4.0', '4.0', '4.0', '4.0', '4.0', 'yes', 'adequate', 'Found the course to cover almost all aspects of the topic.', 'All the concepts were important for the topic and need not be dropped.', 'Managing the high power and low interest stakeholders.'),
(1671, '5540', '710909', '4.0', '3.0', '4.0', '3.0', '3.0', 'yes', 'adequate', 'the session could have been more interactive and examples driven', '', 'I will plan to implement the lesson learned from this session into myself to be able to manage projects successfully in future '),
(1672, '5542', '465597', '4.0', '4.0', '4.0', '4.0', '4.0', 'yes', 'adequate', 'I found the course to be covering almost all the aspects.', 'All the concepts were quite good and need not be dropped.', 'PMC i.e. 20/20/20 rule.'),
(1673, '5541', '710909', '4.0', '4.0', '3.0', '4.0', '4.0', 'yes', 'adequate', 'the session should have provided some links / book reference in order to make further studies on the contents ', '', 'I will try implement the lesson learned from this session into myself in order to manage a project successfully in future '),
(1674, '5540', '202600', '4.0', '3.0', '4.0', '4.0', '4.0', 'yes', 'adequate', 'course was good', 'none', 'have more focus on customer, team, external team as a whole'),
(1675, '5542', '710909', '4.0', '4.0', '4.0', '4.0', '4.0', 'yes', 'adequate', '', '', 'It was an wonderful interactive session, I am really looking forward to implement the lesson learned into myself not just to manage project but also for self awareness and self regulation'),
(1676, '5540', '686867', '4.0', '4.0', '4.0', '4.0', '4.0', 'yes', 'adequate', 'none', 'none', 'conflict handling'),
(1677, '5541', '686867', '4.0', '4.0', '4.0', '4.0', '4.0', 'yes', 'adequate', 'none', 'none', 'resource handling'),
(1678, '5542', '686867', '4.0', '4.0', '4.0', '4.0', '4.0', 'yes', 'adequate', 'none', 'none', 'stakeholder and resources'),
(1679, '5529', '1127374', '4.0', '4.0', '4.0', '4.0', '4.0', 'yes', 'adequate', 'This was  sufficent', 'N/A', 'Disc analysis'),
(1680, '5528', '1127374', '4.0', '4.0', '4.0', '4.0', '4.0', 'yes', 'adequate', 'more emphasis on communication ', 'n/a', 'handling stake holders'),
(1681, '5527', '1127374', '4.0', '4.0', '4.0', '4.0', '4.0', 'yes', 'adequate', 'N/a', 'N/a', 'Tcs values'),
(1682, '5541', '327840', '4.0', '4.0', '4.0', '4.0', '4.0', 'yes', 'adequate', 'tackling non English speaking customer ', 'nothing', 'understand customer behaviour and communicate accordingly '),
(1683, '5540', '327840', '3.0', '3.0', '4.0', '2.0', '3.0', 'yes', 'adequate', 'na', 'na', 'na'),
(1684, '5542', '327840', '4.0', '4.0', '4.0', '4.0', '0.0', 'yes', 'adequate', 'na', 'na', 'na'),
(1685, '5540', '591087', '4.0', '3.0', '4.0', '4.0', '3.0', 'yes', 'adequate', 'na', 'na', 'Learning and collaborations'),
(1686, '5541', '591087', '4.0', '4.0', '4.0', '4.0', '4.0', 'yes', 'adequate', 'na', 'na', 'Behaviourally skill ln interaction with stakeholders'),
(1687, '5542', '591087', '4.0', '4.0', '4.0', '4.0', '4.0', 'yes', 'adequate', 'na', 'na', 'How to balance IQ and EQ'),
(1688, '5541', '202600', '4.0', '4.0', '4.0', '4.0', '4.0', 'yes', 'adequate', 'none', 'none', 'build a stakeholder matrix and prioritize them and manage them'),
(1689, '5542', '202600', '4.0', '4.0', '4.0', '4.0', '4.0', 'yes', 'adequate', 'none', 'none', 'look into individuals and interact with them as per their personality type'),
(1690, '5541', '525319', '4.0', '4.0', '4.0', '4.0', '3.0', 'yes', 'adequate', 'Behavior of senior managers vs Behavior of first time manager, How to avoid irrelevant things/persons during the course of action ?', 'No', 'Will implement all the things mentioned in the course, may be in the project if I get the opportunity but definitely implement for personal improvements.'),
(1691, '5540', '525319', '4.0', '4.0', '4.0', '4.0', '3.0', 'yes', 'adequate', 'Personal Relationship vs Professional Relationship', 'No', 'Everything is needed and worthy.'),
(1692, '5542', '525319', '4.0', '4.0', '4.0', '4.0', '3.0', 'yes', 'adequate', 'Work life vs Personal life time management ', 'No', 'Everything is precious and will be implemented.'),
(1693, '5540', '566893', '4.0', '4.0', '3.0', '2.0', '3.0', 'yes', 'insufficient', 'nond', 'none', 'time management is very essential'),
(1694, '5542', '188398', '4.0', '4.0', '4.0', '4.0', '4.0', 'yes', 'adequate', 'None. Its adequate.', 'None ', 'Understanding the personality of others and customising communication accordingly.'),
(1695, '5541', '566893', '4.0', '4.0', '4.0', '4.0', '0.0', 'yes', 'adequate', 'none', 'none', 'stakeholder analysis and its importance '),
(1696, '5527', '559598', '4.0', '3.0', '3.0', '4.0', '4.0', 'yes', 'adequate', 'interactive session and activities are good ', 'nothing ', 'plan to implement the leadership level activities to my own team '),
(1697, '5542', '566893', '4.0', '4.0', '4.0', '4.0', '4.0', 'yes', 'adequate', 'none', 'none', 'self awareness and finding ones strength and weakness '),
(1698, '5528', '559598', '4.0', '3.0', '3.0', '4.0', '4.0', 'yes', 'adequate', 'session is very nice with full of jokes that boosted us and we participated as learners now feel like a leader.. awesome activities ', 'nothing ', 'planning to implement how we need to groom myself with leader ship activities '),
(1699, '5541', '188398', '4.0', '4.0', '4.0', '4.0', '4.0', 'yes', 'adequate', 'It was adequate.', 'None.', 'Managing stakeholders in my project better using the stakeholder management strategies.'),
(1700, '5529', '559598', '4.0', '4.0', '4.0', '4.0', '4.0', 'yes', 'adequate', 'really good session and learnt a lot from you... interactive session ', 'nothing ', 'I plan to implement what type of leadership I have to implement in my team.. now I feel like leadership level with in one day.. awesome.. thank you :)'),
(1701, '5540', '188398', '4.0', '3.0', '4.0', '4.0', '4.0', 'yes', 'adequate', 'None.', 'None', 'Make my team members more aware about TCS values as it is reflected in all our interactions with the client.'),
(1702, '5540', '337116', '4.0', '4.0', '4.0', '4.0', '4.0', 'yes', 'adequate', 'All concepts explained through examples', 'All concepts explained through examples', 'planning proper transition from IC to FTM'),
(1703, '5541', '337116', '4.0', '4.0', '4.0', '4.0', '4.0', 'yes', 'adequate', 'Stakeholder behaviour clearly explained.', 'Stakeholder behaviour clearly explained.', 'taking note of stakeholder behaviour while communicating'),
(1704, '5542', '337116', '4.0', '4.0', '4.0', '4.0', '4.0', 'yes', 'adequate', 'awesome explanation of inner self', 'awesome explanation of inner self', 'implement the concept of PMC to calm down inner self'),
(1705, '5540', '336856', '4.0', '4.0', '4.0', '4.0', '4.0', 'yes', 'adequate', 'it is adequate ', 'nothing, it is good as it is', 'a few thongs definitely '),
(1706, '5541', '336856', '4.0', '4.0', '4.0', '4.0', '4.0', 'yes', 'insufficient', 'the course is thoroughly enjoyable, a little mote time scheduled would have made less rush towards end', 'nothing to drop', 'the stakeholder classification '),
(1707, '5542', '336856', '4.0', '4.0', '4.0', '4.0', '4.0', 'yes', 'adequate', 'it is adequate ', 'nothing, it is good ', 'self management techniques '),
(1708, '5540', '332909', '4.0', '4.0', '4.0', '4.0', '4.0', 'yes', 'adequate', 'NA', 'NA. ', '1. Prioritize problems/milestones. '),
(1709, '5541', '332909', '4.0', '4.0', '4.0', '4.0', '4.0', 'yes', 'adequate', '1. More examples to identify Project Stake Holders. 2. Detail how to closely manage all four kinds of stake holders.', 'Not as such.', 'Want to implement stake holder concept in personal life also for different events of life.'),
(1710, '5542', '332909', '4.0', '4.0', '4.0', '4.0', '4.0', 'yes', 'adequate', 'NA', 'NA', 'PMC concept'),
(1711, '5542', '345026', '3.0', '4.0', '3.0', '4.0', '3.0', 'yes', 'adequate', 'Pls add few more real life scenarios', 'NA', 'I would exercise most of the course in my day to day activity'),
(1712, '5541', '345026', '3.0', '3.0', '3.0', '3.0', '3.0', 'yes', 'insufficient', 'We need to have more details in the topics and some more real life scenarios to be doscussed', 'NA', 'I would like use the stakeholder management skills in my managerial role.'),
(1713, '5540', '345026', '3.0', '3.0', '3.0', '3.0', '3.0', 'yes', 'adequate', 'We need to have more details discussed from Johns and Deepaks perspective.', 'NA', 'I would like to have similar transition from TM to manager role.'),
(1714, '5543', '591087', '4.0', '4.0', '4.0', '3.0', '3.0', 'yes', 'adequate', 'na', 'na', 'How to communicate properly and key equalities for good communication.'),
(1715, '5544', '591087', '4.0', '4.0', '4.0', '4.0', '4.0', 'yes', 'adequate', 'na', 'na', 'Key qualities for negotiation and different approaches to handle the different situations.'),
(1716, '5545', '591087', '4.0', '4.0', '4.0', '4.0', '4.0', 'yes', 'adequate', 'na', 'na', 'How to be good planner and how to delegate works among team members and Drawing WBS..'),
(1717, '5543', '353745', '3.0', '3.0', '3.0', '3.0', '3.0', 'yes', 'adequate', 'all ok', 'allok', 'all things'),
(1718, '5544', '353745', '3.0', '3.0', '3.0', '3.0', '3.0', 'yes', 'adequate', 'all ok', 'all ok', 'everything'),
(1719, '5545', '353745', '3.0', '3.0', '3.0', '3.0', '3.0', 'yes', 'adequate', 'all ok', 'all ok', 'everything'),
(1720, '5540', '353745', '3.0', '3.0', '3.0', '3.0', '3.0', 'yes', 'adequate', 'all ok', 'all ok', 'everything '),
(1721, '5541', '353745', '3.0', '3.0', '3.0', '3.0', '3.0', 'yes', 'adequate', 'al ok', 'all ok', 'everything '),
(1722, '5542', '353745', '3.0', '3.0', '3.0', '3.0', '3.0', 'yes', 'adequate', 'all ok', 'all ok', 'everything '),
(1723, '5543', '525319', '3.0', '3.0', '4.0', '4.0', '3.0', 'yes', 'adequate', 'OK', 'No', 'All things are important, may be at different points of time. '),
(1724, '5544', '525319', '4.0', '4.0', '3.0', '3.0', '3.0', 'yes', 'adequate', 'OK, may be more examples of experience during negotiations', 'No', 'It is definitely needed.'),
(1725, '5545', '525319', '3.0', '4.0', '4.0', '4.0', '3.0', 'yes', 'adequate', 'OK', 'No', 'Planning w.r.t time'),
(1726, '5530', '559598', '4.0', '3.0', '3.0', '4.0', '4.0', 'yes', 'adequate', 'sessions are very interesting and interactive ', 'nothing ', 'plan to implement the way of communication you taught to my team too'),
(1727, '5531', '559598', '4.0', '3.0', '3.0', '4.0', '4.0', 'yes', 'adequate', 'the concept of role play very good ', 'nothing ', 'plan to implement the concept when I am in dealers call '),
(1728, '5532', '559598', '4.0', '3.0', '4.0', '4.0', '4.0', 'yes', 'adequate', 'the way of identify activities and deliverables and sub deliverables are really good part to implement this in my projects too ', 'nothing ', 'plan to implement the concept in day to day life in team '),
(1729, '5543', '337116', '4.0', '4.0', '4.0', '4.0', '4.0', 'yes', 'adequate', 'importance of clear communication', 'none', 'clearly communicate with stakeholders'),
(1730, '5544', '337116', '4.0', '4.0', '4.0', '4.0', '4.0', 'yes', 'adequate', 'zopa,batna', 'none', 'proper negotiation skills'),
(1731, '5545', '337116', '4.0', '4.0', '4.0', '4.0', '4.0', 'yes', 'too long', 'none', 'none', 'importance of organization and proper planning'),
(1732, '5530', '490388', '4.0', '4.0', '3.0', '3.0', '4.0', 'yes', 'adequate', 'looks good ', 'nothing much ', 'effective communication '),
(1733, '5531', '490388', '4.0', '4.0', '4.0', '4.0', '4.0', 'yes', 'adequate', 'looks good ', 'nothing much', 'develop negotiation skills '),
(1734, '5532', '490388', '4.0', '4.0', '4.0', '4.0', '4.0', 'yes', 'adequate', 'looks good ', 'nothing much', 'effective project planning '),
(1735, '5527', '490388', '4.0', '4.0', '4.0', '4.0', '4.0', 'yes', 'adequate', 'looks good ', 'nothing much ', 'learn about project management  skills'),
(1736, '5528', '490388', '4.0', '4.0', '4.0', '4.0', '4.0', 'yes', 'adequate', 'looks good ', 'nothing much', 'handle and manage stakeholders '),
(1737, '5529', '490388', '4.0', '4.0', '4.0', '4.0', '4.0', 'yes', 'adequate', 'looks good ', 'nothing much ', 'manage self and manage team'),
(1738, '5543', '521427', '4.0', '4.0', '4.0', '4.0', '4.0', 'yes', 'too long', 'please reduce timings ', 'none', 'proper communication '),
(1739, '5544', '521427', '4.0', '4.0', '4.0', '4.0', '4.0', 'yes', 'adequate', 'none', 'none', 'how to get good negotiation skills'),
(1740, '5545', '521427', '4.0', '4.0', '4.0', '4.0', '4.0', 'yes', 'adequate', 'none', 'none', 'how to plan better'),
(1741, '5543', '566893', '4.0', '4.0', '4.0', '4.0', '4.0', 'yes', 'adequate', 'na', 'na', 'communication is key to any project'),
(1742, '5544', '566893', '4.0', '4.0', '4.0', '4.0', '4.0', 'yes', 'adequate', 'na', 'na', 'finding the acceptable buying or selling rate'),
(1743, '5545', '566893', '4.0', '4.0', '4.0', '4.0', '4.0', 'yes', 'adequate', 'na', 'na', 'planning is crucial for project success'),
(1744, '5543', '188398', '4.0', '4.0', '4.0', '4.0', '4.0', 'yes', 'adequate', 'Its adequate.', 'None', 'Listening skills and cross cultural communication learnings could be implemented '),
(1745, '5544', '188398', '4.0', '4.0', '4.0', '4.0', '4.0', 'yes', 'adequate', 'Its adequate ', 'None', 'Use concepts of ZOPA & BATNA while negotiating with client and team members '),
(1746, '5545', '188398', '3.0', '3.0', '4.0', '3.0', '3.0', 'yes', 'adequate', 'Exposure to sub- plans like risk management plan.', 'WBS could be handled more consisely', 'WBS to ensure the scope includes all the sub parts'),
(1747, '5543', '336856', '4.0', '3.0', '3.0', '4.0', '4.0', 'yes', 'too long', 'nothing more us needed', 'nothing here either ', 'a few '),
(1748, '5544', '336856', '4.0', '4.0', '4.0', '0.0', '4.0', 'yes', 'adequate', 'nothing ', 'nothing ', 'a few great '),
(1749, '5545', '336856', '4.0', '3.0', '3.0', '3.0', '4.0', 'yes', 'too long', 'nothing', 'nothing ', 'a few'),
(1750, '5543', '345026', '3.0', '3.0', '3.0', '2.0', '2.0', 'yes', 'insufficient', 'More time is needed so we can better understand the existing topics', 'NA', 'Implement all the tips of communication in my work schedule'),
(1751, '5544', '345026', '3.0', '3.0', '3.0', '3.0', '3.0', 'yes', 'adequate', 'Need to have more realistic and tough scenarios of negotiation discussed', 'NA', 'ZOPA is something which i would prefer to implement'),
(1752, '5545', '345026', '3.0', '3.0', '3.0', '3.0', '3.0', 'yes', 'adequate', 'Planning the activities for not only project but also interpersonal planning in the team', 'NA', 'Trying to understand the concerns of the team members'),
(1753, '5543', '332909', '4.0', '4.0', '4.0', '4.0', '4.0', 'yes', 'adequate', 'NA', 'NA', 'Needs to improve my communication by following the steps learned from this session.'),
(1754, '5540', '238912', '4.0', '4.0', '4.0', '4.0', '4.0', 'yes', 'adequate', 'na', 'na', 'learnt how to augmenting capability'),
(1755, '5541', '238912', '4.0', '4.0', '4.0', '4.0', '4.0', 'yes', 'adequate', 'na', 'na', 'to improve the capabilities'),
(1756, '5542', '238912', '4.0', '4.0', '4.0', '4.0', '4.0', 'yes', 'adequate', 'na', 'na', 'to improve the my self capabilities'),
(1757, '5553', '150923', '3.0', '3.0', '2.0', '3.0', '3.0', 'yes', 'adequate', 'ok', 'Not required', 'checking my capabilities'),
(1758, '5554', '150923', '3.0', '4.0', '4.0', '4.0', '3.0', 'yes', 'adequate', 'ok', 'not required', 'identity stakeholders'),
(1759, '5555', '150923', '4.0', '4.0', '4.0', '4.0', '3.0', 'yes', 'adequate', 'ok', 'not required', 'taking care of self'),
(1760, '5556', '150923', '3.0', '4.0', '3.0', '4.0', '3.0', 'yes', 'adequate', 'ok', 'not required', 'communication will be appropriate'),
(1761, '5557', '150923', '3.0', '3.0', '4.0', '3.0', '3.0', 'yes', 'adequate', 'ok', 'not required', 'negotiations should require preparation'),
(1762, '5558', '150923', '3.0', '2.0', '3.0', '3.0', '3.0', 'yes', 'adequate', 'ok', 'not required', 'need to plan before any project'),
(1763, '5543', '238912', '4.0', '4.0', '4.0', '4.0', '4.0', 'yes', 'adequate', 'na', 'na', 'improved the communication skill'),
(1764, '5544', '238912', '4.0', '4.0', '4.0', '4.0', '4.0', 'yes', 'adequate', 'na', 'na', 'leanrt about the negotiation skills'),
(1765, '5545', '238912', '4.0', '4.0', '4.0', '4.0', '4.0', 'yes', 'adequate', 'na', 'na', 'learnt about planning'),
(1766, '5540', '201760', '3.0', '3.0', '4.0', '4.0', '4.0', 'yes', 'adequate', 'it was fine', 'na', 'ASI, Motivation, Values, CSI'),
(1767, '5541', '201760', '4.0', '4.0', '4.0', '4.0', '4.0', 'yes', 'adequate', 'it was already great learning', 'na', 'Stakeholder Analysis, power vs interest, different phases'),
(1768, '5542', '201760', '4.0', '4.0', '4.0', '4.0', '4.0', 'yes', 'adequate', 'it is already great learning', 'na', 'Self regulation using emotional intelligence,  PMC, Breathing exercise'),
(1769, '5543', '201760', '3.0', '3.0', '4.0', '4.0', '4.0', 'yes', 'adequate', 'Communication management ', ' na', 'Communication style, effective listening '),
(1770, '5544', '201760', '4.0', '4.0', '4.0', '4.0', '4.0', 'yes', 'adequate', 'it was already a good learning but associates should know the difference between bargaining and negotiation ', 'na', 'ZOPA'),
(1771, '5545', '201760', '3.0', '3.0', '4.0', '4.0', '4.0', 'yes', 'adequate', 'it was fine', 'na', 'triple constraint,  PDCA'),
(1772, '5559', '150923', '3.0', '2.0', '3.0', '2.0', '2.0', 'yes', 'adequate', 'ok', 'not required', 'delegation is required'),
(1773, '5546', '686867', '4.0', '4.0', '3.0', '2.0', '4.0', 'no', 'insufficient', 'none', 'none', 'na'),
(1774, '5545', '686867', '3.0', '3.0', '3.0', '2.0', '4.0', 'no', 'insufficient', 'none', 'none', 'na'),
(1775, '5546', '223042', '3.0', '2.0', '3.0', '3.0', '4.0', 'yes', 'too long', 'audio video example', '', 'effective delegation techniques'),
(1776, '5540', '223042', '3.0', '3.0', '3.0', '4.0', '4.0', 'yes', 'adequate', 'nothing to add', '..', '..'),
(1777, '5541', '223042', '4.0', '4.0', '4.0', '4.0', '4.0', 'yes', 'adequate', 'nothing more thanks', '..', 'real life example for stockholder management helps to visualize and implement'),
(1778, '5542', '223042', '4.0', '4.0', '4.0', '4.0', '4.0', 'yes', 'adequate', 'nothing more should be added its excellent', 'nothing', 'every thing i heard and experienced will help me to become highly effective'),
(1779, '5543', '223042', '4.0', '4.0', '4.0', '4.0', '4.0', 'yes', 'adequate', '..', '..', 'all points are important'),
(1780, '5544', '223042', '4.0', '4.0', '4.0', '4.0', '4.0', 'yes', 'adequate', '..', '..', 'love the role play events took place'),
(1781, '5545', '223042', '2.0', '2.0', '2.0', '2.0', '4.0', 'yes', 'too long', '..', '..', '..'),
(1782, '5547', '223042', '3.0', '2.0', '2.0', '2.0', '4.0', 'yes', 'adequate', '..', '..', '..'),
(1783, '5544', '332909', '4.0', '4.0', '4.0', '4.0', '4.0', 'yes', 'adequate', 'NA', 'NA', 'Negotiation is a big part of making a deal. So we need to plan and with proper information we should make negotiation.'),
(1784, '5545', '332909', '4.0', '4.0', '4.0', '4.0', '4.0', 'yes', 'adequate', 'NA', 'NA', 'Organizing and planning are most important aspect for any kind of daily life activities as well. So we need to plan well before taking any steps to reach our goal.'),
(1785, '5559', '563160', '3.0', '3.0', '3.0', '3.0', '3.0', 'yes', 'adequate', 'sufficient content on the topic', 'nothing', 'identify more tasks and appropriate resources for delegation'),
(1786, '5546', '229948', '3.0', '2.0', '3.0', '2.0', '2.0', 'yes', 'adequate', 'more interaction with real time example. ', 'should be good if the lecture can be in more interactive way. ', 'ok'),
(1787, '5540', '229948', '4.0', '4.0', '4.0', '4.0', '3.0', 'yes', 'adequate', 'ok good presenter. ', 'ok', 'ok'),
(1788, '5543', '327840', '3.0', '3.0', '3.0', '3.0', '3.0', 'yes', 'adequate', 'na', 'na', 'na'),
(1789, '5544', '327840', '4.0', '4.0', '4.0', '4.0', '4.0', 'yes', 'adequate', 'na', 'na', 'na'),
(1790, '5541', '229948', '3.0', '4.0', '3.0', '4.0', '3.0', 'yes', 'adequate', 'okay good delivery of lecture. ', 'ok', 'ok'),
(1791, '5545', '327840', '3.0', '2.0', '3.0', '2.0', '3.0', 'no', 'adequate', 'na', 'na', 'na'),
(1792, '5546', '327840', '4.0', '3.0', '4.0', '2.0', '3.0', 'yes', 'adequate', 'na', 'na', 'na'),
(1793, '5542', '229948', '4.0', '4.0', '4.0', '4.0', '3.0', 'yes', 'adequate', 'too good lecture and very interactive.  it would be good if he was allowed to take more lecture. ', 'ok', 'ok'),
(1794, '5547', '327840', '3.0', '1.0', '3.0', '2.0', '3.0', 'no', 'too long', 'live experience and examples ', 'na', 'na'),
(1795, '5543', '229948', '3.0', '3.0', '3.0', '3.0', '2.0', 'yes', 'adequate', 'na', 'na', 'na'),
(1796, '5544', '229948', '3.0', '3.0', '3.0', '3.0', '2.0', 'yes', 'adequate', 'na', 'na', 'na'),
(1797, '5545', '229948', '3.0', '2.0', '3.0', '2.0', '2.0', 'yes', 'adequate', 'na', 'na', 'na'),
(1798, '5540', '157513', '4.0', '4.0', '4.0', '4.0', '4.0', 'yes', 'adequate', 'NA', 'NA', 'in my team'),
(1799, '5541', '157513', '4.0', '4.0', '4.0', '4.0', '4.0', 'yes', 'adequate', 'NA', 'NA', 'in my team'),
(1800, '5542', '157513', '4.0', '4.0', '4.0', '4.0', '4.0', 'yes', 'adequate', 'NA', 'NA', 'in ny team'),
(1801, '5543', '157513', '4.0', '4.0', '4.0', '4.0', '4.0', 'yes', 'adequate', 'NA', 'NA', 'in my tean'),
(1802, '5544', '157513', '4.0', '4.0', '4.0', '4.0', '4.0', 'yes', 'adequate', 'NA', 'NA', 'in my tean'),
(1803, '5545', '157513', '2.0', '2.0', '2.0', '1.0', '3.0', 'yes', 'adequate', 'NA', 'NA', 'in my team'),
(1804, '5546', '157513', '2.0', '2.0', '1.0', '1.0', '1.0', 'yes', 'too long', 'na', 'ns', 'in my team'),
(1805, '5543', '710909', '4.0', '4.0', '4.0', '4.0', '4.0', 'yes', 'adequate', 'nothing ', 'nothing ', 'the session was good, I have learned a couple of areas of communication where I will have to develop my skills through a lot of practice '),
(1806, '5544', '710909', '4.0', '4.0', '4.0', '4.0', '4.0', 'yes', 'adequate', 'nothing ', 'nothing ', 'a no of methods to enhance negotiation skills were taught in the session, I really look forward to adopt the skills through a lot of practice'),
(1807, '5545', '710909', '4.0', '3.0', '3.0', '3.0', '4.0', 'yes', 'adequate', 'nothing ', 'nothing ', 'a wonderful activity was played in the session which helps to learn how to convert the customers requirement into successful deliverables '),
(1808, '5559', '546410', '3.0', '3.0', '3.0', '3.0', '3.0', 'yes', 'adequate', 'NA', 'NA', 'delegating properly to team members'),
(1809, '5546', '201760', '4.0', '3.0', '3.0', '3.0', '4.0', 'yes', 'adequate', 'it was a good course.', 'na', 'what to delegate and what not to?'),
(1810, '5547', '201760', '4.0', '2.0', '3.0', '3.0', '3.0', 'yes', 'adequate', 'course was fine', 'na', 'risk register'),
(1811, '5560', '150923', '3.0', '2.0', '2.0', '3.0', '2.0', 'yes', 'adequate', 'ok', 'not required', 'risk register'),
(1812, '5561', '150923', '2.0', '2.0', '2.0', '3.0', '2.0', 'yes', 'adequate', 'ok', 'not required', 'driving results');

-- --------------------------------------------------------

--
-- Table structure for table `feedback`
--

CREATE TABLE IF NOT EXISTS `feedback` (
  `feed_id` int(11) NOT NULL AUTO_INCREMENT,
  `feed_date` datetime DEFAULT NULL,
  `feed_sched` int(11) DEFAULT NULL,
  `feed_emp` int(11) DEFAULT NULL,
  `feed_rating` smallint(1) DEFAULT NULL,
  `feed_comment` varchar(256) DEFAULT NULL,
  PRIMARY KEY (`feed_id`),
  KEY `fk_feedsched_idx` (`feed_sched`),
  KEY `fk_feedemp_idx` (`feed_emp`)
) ENGINE=InnoDB  DEFAULT CHARSET=latin1 AUTO_INCREMENT=23 ;

--
-- Dumping data for table `feedback`
--

INSERT INTO `feedback` (`feed_id`, `feed_date`, `feed_sched`, `feed_emp`, `feed_rating`, `feed_comment`) VALUES
(1, '2016-04-20 09:47:25', 4367, 373759, 5, 'Excellent '),
(2, '2016-04-20 09:48:03', 4368, 373759, 5, 'Excellent presentation '),
(3, '2016-04-20 09:48:44', 4369, 373759, 5, 'Excellent presentation '),
(4, '2016-04-20 09:49:38', 4370, 373759, 5, 'Superb teaching '),
(5, '2016-04-21 19:56:20', 4435, 891111, 5, 'The session was good helping me to identify what all is required for a first time manager '),
(6, '2016-04-21 19:57:30', 4436, 891111, 5, 'Helped me in understanding how to handle stakeholders with the quadrant graphs and the need to have a stakeholder matrix'),
(7, '2016-04-21 19:59:46', 4437, 891111, 5, 'The 20:20:20 concept and thought o meter helped me in understanding my metal traps and helped me in moving forward to think positive '),
(8, '2016-05-04 09:26:28', 4592, 512043, 5, 'Knowledgeable session '),
(9, '2016-05-04 09:27:09', 4594, 512043, 5, 'Knowledgeable session'),
(10, '2016-05-04 09:28:05', 4595, 512043, 5, 'Very interesting , full of knowledge that will help us all being a good manager'),
(11, '2016-05-04 09:29:31', 4597, 512043, 5, 'Very interesting, full of knowledge which will help us to become a good leader'),
(12, '2016-05-04 09:30:50', 4598, 512043, 5, 'Superb personality, very influencing, looking forward to hear from you again..cheers '),
(13, '2016-05-04 09:31:10', 4599, 512043, 5, 'Superb personality, very influencing, looking forward to hear from you again..cheers '),
(14, '2016-05-04 09:31:32', 4601, 512043, 5, 'Superb personality, very influencing, looking forward to hear from you again..cheers '),
(15, '2016-05-04 09:31:45', 4602, 512043, 5, 'Superb personality, very influencing, looking forward to hear from you again..cheers '),
(16, '2016-05-04 09:32:01', 4603, 512043, 5, 'Knowledgeable session'),
(17, '2016-05-04 09:37:23', 4604, 512043, 5, 'Very nice delivery of content, gained a lot of skills related to communication and how to handle tricky situation'),
(18, '2016-05-04 09:37:35', 4606, 512043, 5, 'Very nice delivery of content, gained a lot of skills related to communication and how to handle tricky situation'),
(19, '2016-05-04 09:39:10', 4608, 512043, 5, 'Learnt a lot about negotiation skills, undergone various exercises'),
(20, '2016-05-04 09:39:28', 4610, 512043, 5, 'Learnt a lot about negotiation skills, undergone various exercises'),
(21, '2016-05-04 09:39:58', 4611, 512043, 5, 'Learnt a lot about organizing and planning, undergone various exercises'),
(22, '2016-05-04 09:40:07', 4612, 512043, 5, 'Learnt a lot about negotiation skills, undergone various exercises');

-- --------------------------------------------------------

--
-- Stand-in structure for view `feedbacks`
--
CREATE TABLE IF NOT EXISTS `feedbacks` (
`emp_id` int(11)
,`emp_name` varchar(100)
,`emp_email` varchar(110)
,`emp_region` int(11)
,`sched_id` int(11)
,`sched_date` date
,`sched_time` varchar(50)
,`sched_activity` varchar(256)
,`sched_faculty` varchar(100)
,`sched_region` int(11)
,`region_name` varchar(50)
,`feedid` int(11)
,`knowledge` text
,`articulation` text
,`time_management` text
,`interaction` text
,`quality_of_course` text
,`course_objective` text
,`time` text
,`toadd` text
,`toremove` text
,`willimplement` text
);
-- --------------------------------------------------------

--
-- Table structure for table `region`
--

CREATE TABLE IF NOT EXISTS `region` (
  `region_id` int(11) NOT NULL AUTO_INCREMENT,
  `region_name` varchar(50) NOT NULL,
  PRIMARY KEY (`region_id`)
) ENGINE=InnoDB  DEFAULT CHARSET=latin1 AUTO_INCREMENT=15 ;

--
-- Dumping data for table `region`
--

INSERT INTO `region` (`region_id`, `region_name`) VALUES
(1, 'Kochi'),
(2, 'Trivandrum'),
(3, 'Hyderabad'),
(4, 'Chennai'),
(5, 'Bangalore'),
(6, 'Noida'),
(7, 'Gurgaon'),
(8, 'Ahmedabad'),
(9, 'Kolkata'),
(10, 'Bhubaneswar'),
(11, 'Mumbai'),
(12, 'Pune'),
(13, 'Lucknow'),
(14, 'Overseas');

-- --------------------------------------------------------

--
-- Stand-in structure for view `report_view`
--
CREATE TABLE IF NOT EXISTS `report_view` (
`sched_id` int(11)
,`sched_region` int(11)
,`sched_date` date
,`region_name` varchar(50)
,`sched_activity` varchar(256)
,`sched_faculty` varchar(100)
,`emp_id` int(11)
,`emp_name` varchar(100)
,`feed_rating` smallint(1)
,`feed_comment` varchar(256)
);
-- --------------------------------------------------------

--
-- Table structure for table `schedule`
--

CREATE TABLE IF NOT EXISTS `schedule` (
  `sched_id` int(11) NOT NULL AUTO_INCREMENT,
  `sched_date` date DEFAULT NULL,
  `sched_time` varchar(50) DEFAULT NULL,
  `sched_activity` varchar(256) DEFAULT NULL,
  `sched_faculty` varchar(100) DEFAULT NULL,
  `sched_region` int(11) DEFAULT NULL,
  PRIMARY KEY (`sched_id`),
  KEY `fk_schedregion_idx` (`sched_region`)
) ENGINE=InnoDB  DEFAULT CHARSET=latin1 AUTO_INCREMENT=5579 ;

--
-- Dumping data for table `schedule`
--

INSERT INTO `schedule` (`sched_id`, `sched_date`, `sched_time`, `sched_activity`, `sched_faculty`, `sched_region`) VALUES
(532, '2016-02-16', '9:30 AM to 10:00 AM', 'Welcome Address and Introduction', 'Dharshana, LM (Chennai)', 2),
(533, '2016-02-16', '10:00 AM to 11:20 AM', 'Transition from IC to FTM', 'Suraj', 2),
(534, '2016-02-16', '11:20 AM to 11:30 AM', 'Break', '', 2),
(535, '2016-02-16', '11:30 AM to 12:30 PM', 'Stakeholder Management', 'Suraj', 2),
(536, '2016-02-16', '12:30 PM to 1:10 PM', 'Lunch', '', 2),
(537, '2016-02-16', '1:10 PM to 1:20 PM', 'Energizer', 'Gurpreet', 2),
(538, '2016-02-16', '1:30 PM to3:30 PM', 'Self-Management', 'Gurpreet', 2),
(539, '2016-02-16', '3:30 PM to 3:40 PM', 'Break', '', 2),
(540, '2016-02-16', '3:40 PM to 4:30 PM', 'Self-Management', 'Gurpreet', 2),
(541, '2016-02-16', '4:30 PM to 6:00 PM', 'Behavior Styles', 'Sanjukta', 2),
(542, '2016-02-16', '6:00 PM to 6:30 PM', 'Reflection time', '', 2),
(543, '2016-02-17', '9:30 AM to 11:00 AM', 'The Art of Communication', 'Sanjukta', 2),
(544, '2016-02-17', '11:00 AM to 11:10 AM', 'Break', '', 2),
(545, '2016-02-17', '11:10 AM to 12 PM', 'Art of Communication', 'Sanjukta', 2),
(546, '2016-02-17', '12PM to 12.30 PM', 'Negotiation Skills', 'Sanghamitra', 2),
(547, '2016-02-17', '12:30 PM to 1:10 PM', 'Lunch', '', 2),
(548, '2016-02-17', '1:10 AM to 2:40 PM', 'Performance Mgmt', 'Sravanthi Nayani (Chennai)', 2),
(549, '2016-02-17', '2:40 PM to 3:30 PM', 'Negotiation Skills', 'Sanghamitra', 2),
(550, '2016-02-17', '3:30 PM to 3:40 PM', 'Break', '', 2),
(551, '2016-02-17', '3:40 PM to 4:30 PM', 'Organizing and Planning', 'Usha', 2),
(552, '2016-02-17', '4:30 PM to 6:00 PM', 'Organizing and Planning', 'Usha', 2),
(553, '2016-02-17', '6:00 PM to 6:30 PM', 'Reflection time', '', 2),
(554, '2016-02-18', '9:30 PM to 11:00 PM', 'Delegation', 'Venkat', 2),
(555, '2016-02-18', '11:00 AM to 11:10 AM', 'Break', '', 2),
(556, '2016-02-18', '11:10 AM to 12:10 PM', 'Risk Management', 'Usha', 2),
(557, '2016-02-18', '12.10 AM to 12.45 Noon', 'Leadership Mentor', 'TBD', 2),
(558, '2016-02-18', '12:30 PM to 1:10 PM', 'Lunch', '', 2),
(559, '2016-02-18', '1:10 PM to 3.00 PM', 'Project Finance', 'Surajit R (Kolkata)', 2),
(560, '2016-02-18', '3.00 PM to 3.10 PM', 'Break', '', 2),
(561, '2016-02-18', '3.10 PM to 5.00 PM', 'Risk Management', 'Usha', 2),
(562, '2016-02-18', '5.00 PM to 6.00 PM', 'Driving Results', 'Venkat', 2),
(563, '2016-02-18', '6:00 PM to 6:30 PM', 'Reflection time', '', 2),
(564, '2016-02-19', '9:30 AM to 11 AM', 'Leadership & Impact and Influence', 'Gurpreet', 2),
(565, '2016-02-19', '11:00 AM to 11:10 AM', 'Break', '', 2),
(566, '2016-02-19', '11:10 AM to 12:30 PM', 'Leadership & Impact and Influence', 'Gurpreet', 2),
(567, '2016-02-19', '12:30 PM to 1:10 PM', 'Lunch', '', 2),
(568, '2016-02-19', '1:10 PM to 3 PM', 'Teaming Up', 'Sanjukta', 2),
(569, '2016-02-19', '3 PM to 3:10 PM', 'Break', '', 2),
(570, '2016-02-19', '3.10 to 5.30 PM', 'Debriefing of Presentation skills', 'Regional level', 2),
(571, '2016-02-19', '5.30 PM to 6 PM', 'Valediction', 'Regional level', 2),
(4127, '2016-02-25', '12:30 PM to 1:10 PM', 'Lunch', '', 2),
(4128, '2016-02-25', '1:10 PM to 1:20 PM', 'Energizer', 'Gurpreet', 2),
(4129, '2016-02-25', '1:30 PM to3:30 PM', 'Self-Management', 'Gurpreet', 2),
(4130, '2016-02-25', '3:30 PM to 3:40 PM', 'Break', '', 2),
(4131, '2016-02-25', '3:40 PM to 4:30 PM', 'Self-Management', 'Gurpreet', 2),
(4132, '2016-02-25', '4:30 PM to 6:00 PM', 'Behavior Styles', 'Sanjukta', 2),
(4133, '2016-02-25', '5:00 PM to 5:30 PM', 'Reflection time', '', 2),
(4134, '2016-03-01', '9:15 AM to 10:10 AM ', 'Welcome Address and Introduction', '', 3),
(4135, '2016-03-01', '10:10 AM to 11:00 AM', 'Transition from IC to FTM/ Stakeholder Management', 'Usha Bharathi', 3),
(4136, '2016-03-01', '13:10 PM to 14:30 PM', 'Stakeholder Management', 'Usha Bharathi', 3),
(4137, '2016-03-01', '14:45 PM to 15:30 PM', 'Self-Management', 'Gurpreet Kalra', 3),
(4138, '2016-03-02', '9:30 AM to 11:00 AM', 'The Art of Communication', 'Gurpreet Kalra', 3),
(4139, '2016-03-02', '12PM to 12.30 PM', 'Negotiation Skills', 'Aparna Nanoti', 3),
(4140, '2016-03-02', '2:40 PM to 3:30 PM', 'Performance Mgmt', 'Swathi Dutt', 3),
(4141, '2016-03-02', '4:30 PM to 6 PM', 'Delegation', 'Aparna Nanoti', 3),
(4142, '2016-03-03', '9:30 AM to 11:00 AM', 'Organizing and Planning', 'Usha Bharathi', 3),
(4143, '2016-03-03', '11:10 AM to 12:30 AM', 'Risk Management', 'Usha Bharathi', 3),
(4144, '2016-03-03', '1:30 PM to 3:00 PM', 'Project Finance', 'Subhra Arabinda Mohanty', 3),
(4145, '2016-03-03', '4 PM to 6 PM', 'Driving Results', 'Aparna Nanoti', 3),
(4146, '2016-03-04', '9:30 AM to 11 AM', 'Leadership & Impact and Influence', 'Gurpreet Kalra', 3),
(4147, '2016-03-04', '1:10 PM to 3 PM', 'Teaming Up', 'Gurpreet Kalra', 3),
(4148, '2016-03-04', '3.10 to 5.30 PM', 'Debriefing of Presentation skills', 'Local Faculty', 3),
(4149, '2016-03-01', '9:15 AM to 10:10 AM ', 'Welcome Address and Introduction', '', 4),
(4150, '2016-03-01', '10:10 AM to 11:00 AM', 'Transition from IC to FTM/ Stakeholder Management', 'Sanghamitra Ghosh', 4),
(4151, '2016-03-01', '13:10 PM to 14:30 PM', 'Stakeholder Management', 'Sanghamitra Ghosh', 4),
(4152, '2016-03-01', '14:45 PM to 15:30 PM', 'Self-Management', 'kaustubh Poojari', 4),
(4153, '2016-03-02', '9:30 AM to 11:00 AM', 'The Art of Communication', 'kaustubh Poojari', 4),
(4154, '2016-03-02', '12PM to 12.30 PM', 'Negotiation Skills', 'Sanghamitra Ghosh', 4),
(4155, '2016-03-02', '2:40 PM to 3:30 PM', 'Performance Mgmt', 'Swathi Dutt', 4),
(4156, '2016-03-02', '4:30 PM to 6 PM', 'Delegation', 'Sanghamitra Ghosh', 4),
(4157, '2016-03-03', '9:30 AM to 11:00 AM', 'Organizing and Planning', 'Sanghamitra Ghosh', 4),
(4158, '2016-03-03', '11:10 AM to 12:30 AM', 'Risk Management', 'Sanghamitra Ghosh', 4),
(4159, '2016-03-03', '1:30 PM to 3:00 PM', 'Project Finance', 'Subhra Arabinda Mohanty', 4),
(4160, '2016-03-03', '4 PM to 6 PM', 'Driving Results', 'Sanghamitra Ghosh', 4),
(4161, '2016-03-04', '9:30 AM to 11 AM', 'Leadership & Impact and Influence', 'kaustubh Poojari', 4),
(4162, '2016-03-04', '1:10 PM to 3 PM', 'Teaming Up', 'kaustubh Poojari', 4),
(4163, '2016-03-04', '3.10 to 5.30 PM', 'Debriefing of Presentation skills', 'Local Faculty', 4),
(4164, '2016-03-15', '9:15 AM to 10:10 AM ', 'Welcome Address and Introduction', '', 3),
(4165, '2016-03-15', '10:10 AM to 11:00 AM', 'Transition from IC to FTM/ Stakeholder Management', 'Amit Patil', 3),
(4166, '2016-03-15', '13:10 PM to 14:30 PM', 'Stakeholder Management', 'Amit Patil', 3),
(4167, '2016-03-15', '14:45 PM to 15:30 PM', 'Self-Management', 'Sanjukta Acharya', 3),
(4168, '2016-03-16', '9:30 AM to 11:00 AM', 'The Art of Communication', 'Kaustubh Pujari', 3),
(4169, '2016-03-16', '12PM to 12.30 PM', 'Negotiation Skills', 'Sanjukta Acharya', 3),
(4170, '2016-03-16', '2:40 PM to 3:30 PM', 'Performance Mgmt', 'Tamalika', 3),
(4171, '2016-03-16', '4:30 PM to 6 PM', 'Delegation', 'Amit Patil', 3),
(4172, '2016-03-17', '9:30 AM to 11:00 AM', 'Organizing and Planning', 'Usha Bharathi', 3),
(4173, '2016-03-17', '11:10 AM to 12:30 AM', 'Risk Management', 'Usha Bharathi', 3),
(4174, '2016-03-17', '1:30 PM to 3:00 PM', 'Project Finance', 'Subhra Arabinda Mohanty', 3),
(4175, '2016-03-17', '4 PM to 6 PM', 'Driving Results', 'Amit Patil', 3),
(4176, '2016-03-18', '9:30 AM to 11 AM', 'Leadership & Impact and Influence', 'Sanjukta Acharya', 3),
(4177, '2016-03-18', '1:10 PM to 3 PM', 'Teaming Up', 'Sanjukta Acharya', 3),
(4178, '2016-03-18', '3.10 to 5.30 PM', 'Debriefing of Presentation skills', 'Local Faculty', 3),
(4179, '2016-03-15', '9:15 AM to 10:10 AM ', 'Welcome Address and Introduction', '', 9),
(4180, '2016-03-15', '10:10 AM to 11:00 AM', 'Transition from IC to FTM/ Stakeholder Management', 'Sanghamitra Ghosh', 9),
(4181, '2016-03-15', '13:10 PM to 14:30 PM', 'Stakeholder Management', 'Sanghamitra Ghosh', 9),
(4182, '2016-03-15', '14:45 PM to 15:30 PM', 'Self-Management', 'Gurpreet Kalra', 9),
(4183, '2016-03-16', '9:30 AM to 11:00 AM', 'The Art of Communication', 'Gurpreet Kalra', 9),
(4184, '2016-03-16', '12PM to 12.30 PM', 'Negotiation Skills', 'Sanghamitra Ghosh', 9),
(4185, '2016-03-16', '2:40 PM to 3:30 PM', 'Performance Mgmt', 'Tamalika', 9),
(4186, '2016-03-16', '4:30 PM to 6 PM', 'Delegation', 'Venkataraman ', 9),
(4187, '2016-03-17', '9:30 AM to 11:00 AM', 'Organizing and Planning', 'Sanghamitra Ghosh', 9),
(4188, '2016-03-17', '11:10 AM to 12:30 AM', 'Risk Management', 'Srividhya Sankaran', 9),
(4189, '2016-03-17', '1:30 PM to 3:00 PM', 'Project Finance', 'Subhra Arabinda Mohanty', 9),
(4190, '2016-03-17', '4 PM to 6 PM', 'Driving Results', 'Sanghamitra Ghosh', 9),
(4191, '2016-03-18', '9:30 AM to 11 AM', 'Leadership & Impact and Influence', 'Gurpreet Kalra', 9),
(4192, '2016-03-18', '1:10 PM to 3 PM', 'Teaming Up', 'Gurpreet Kalra', 9),
(4193, '2016-03-18', '3.10 to 5.30 PM', 'Debriefing of Presentation skills', 'Local Faculty', 9),
(4194, '2016-03-15', '9:15 AM to 10:10 AM ', 'Welcome Address and Introduction', '', 4),
(4195, '2016-03-15', '10:10 AM to 11:00 AM', 'Transition from IC to FTM/ Stakeholder Management', 'Sanghamitra Ghosh', 4),
(4196, '2016-03-15', '13:10 PM to 14:30 PM', 'Stakeholder Management', 'Sanghamitra Ghosh', 4),
(4197, '2016-03-15', '14:45 PM to 15:30 PM', 'Self-Management', 'Gurpreet Kalra', 4),
(4198, '2016-03-16', '9:30 AM to 11:00 AM', 'The Art of Communication', 'Gurpreet Kalra', 4),
(4199, '2016-03-16', '12PM to 12.30 PM', 'Negotiation Skills', 'Sanghamitra Ghosh', 4),
(4200, '2016-03-16', '2:40 PM to 3:30 PM', 'Performance Mgmt', 'Tamalika', 4),
(4201, '2016-03-16', '4:30 PM to 6 PM', 'Delegation', 'Venkataraman ', 4),
(4202, '2016-03-17', '9:30 AM to 11:00 AM', 'Organizing and Planning', 'Sanghamitra Ghosh', 4),
(4203, '2016-03-17', '11:10 AM to 12:30 AM', 'Risk Management', 'Srividhya Sankaran', 4),
(4204, '2016-03-17', '1:30 PM to 3:00 PM', 'Project Finance', 'Subhra Arabinda Mohanty', 4),
(4205, '2016-03-17', '4 PM to 6 PM', 'Driving Results', 'Sanghamitra Ghosh', 4),
(4206, '2016-03-18', '9:30 AM to 11 AM', 'Leadership & Impact and Influence', 'Gurpreet Kalra', 4),
(4207, '2016-03-18', '1:10 PM to 3 PM', 'Teaming Up', 'Gurpreet Kalra', 4),
(4208, '2016-03-18', '3.10 to 5.30 PM', 'Debriefing of Presentation skills', 'Local Faculty', 4),
(4209, '2016-03-15', '9:15 AM to 10:10 AM ', 'Welcome Address and Introduction', '', 11),
(4210, '2016-03-15', '10:10 AM to 11:00 AM', 'Transition from IC to FTM/ Stakeholder Management', 'Sanghamitra Ghosh', 11),
(4211, '2016-03-15', '13:10 PM to 14:30 PM', 'Stakeholder Management', 'Sanghamitra Ghosh', 11),
(4212, '2016-03-15', '14:45 PM to 15:30 PM', 'Self-Management', 'Gurpreet Kalra', 11),
(4213, '2016-03-16', '9:30 AM to 11:00 AM', 'The Art of Communication', 'Gurpreet Kalra', 11),
(4214, '2016-03-16', '12PM to 12.30 PM', 'Negotiation Skills', 'Sanghamitra Ghosh', 11),
(4215, '2016-03-16', '2:40 PM to 3:30 PM', 'Performance Mgmt', 'Tamalika', 11),
(4216, '2016-03-16', '4:30 PM to 6 PM', 'Delegation', 'Venkataraman ', 11),
(4217, '2016-03-17', '9:30 AM to 11:00 AM', 'Organizing and Planning', 'Sanghamitra Ghosh', 11),
(4218, '2016-03-17', '11:10 AM to 12:30 AM', 'Risk Management', 'Srividhya Sankaran', 11),
(4219, '2016-03-17', '1:30 PM to 3:00 PM', 'Project Finance', 'Subhra Arabinda Mohanty', 11),
(4220, '2016-03-17', '4 PM to 6 PM', 'Driving Results', 'Sanghamitra Ghosh', 11),
(4221, '2016-03-18', '9:30 AM to 11 AM', 'Leadership & Impact and Influence', 'Gurpreet Kalra', 11),
(4222, '2016-03-18', '1:10 PM to 3 PM', 'Teaming Up', 'Gurpreet Kalra', 11),
(4223, '2016-03-18', '3.10 to 5.30 PM', 'Debriefing of Presentation skills', 'Local Faculty', 11),
(4224, '2016-03-15', '9:15 AM to 10:10 AM ', 'Welcome Address and Introduction', '', 12),
(4225, '2016-03-15', '10:10 AM to 11:00 AM', 'Transition from IC to FTM/ Stakeholder Management', 'Amit Patil', 12),
(4226, '2016-03-15', '13:10 PM to 14:30 PM', 'Stakeholder Management', 'Amit Patil', 12),
(4227, '2016-03-15', '14:45 PM to 15:30 PM', 'Self-Management', 'Sanjukta Acharya', 12),
(4228, '2016-03-16', '9:30 AM to 11:00 AM', 'The Art of Communication', 'Kaustubh Pujari', 12),
(4229, '2016-03-16', '12PM to 12.30 PM', 'Negotiation Skills', 'Sanjukta Acharya', 12),
(4230, '2016-03-16', '2:40 PM to 3:30 PM', 'Performance Mgmt', 'Tamalika', 12),
(4231, '2016-03-16', '4:30 PM to 6 PM', 'Delegation', 'Amit Patil', 12),
(4232, '2016-03-17', '9:30 AM to 11:00 AM', 'Organizing and Planning', 'Usha Bharathi', 12),
(4233, '2016-03-17', '11:10 AM to 12:30 AM', 'Risk Management', 'Usha Bharathi', 12),
(4234, '2016-03-17', '1:30 PM to 3:00 PM', 'Project Finance', 'Subhra Arabinda Mohanty', 12),
(4235, '2016-03-17', '4 PM to 6 PM', 'Driving Results', 'Amit Patil', 12),
(4236, '2016-03-18', '9:30 AM to 11 AM', 'Leadership & Impact and Influence', 'Sanjukta Acharya', 12),
(4237, '2016-03-18', '1:10 PM to 3 PM', 'Teaming Up', 'Sanjukta Acharya', 12),
(4238, '2016-03-18', '3.10 to 5.30 PM', 'Debriefing of Presentation skills', 'Local Faculty', 12),
(4239, '2016-03-15', '9:15 AM to 10:10 AM ', 'Welcome Address and Introduction', '', 6),
(4240, '2016-03-15', '10:10 AM to 11:00 AM', 'Transition from IC to FTM/ Stakeholder Management', 'Amit Patil', 6),
(4241, '2016-03-15', '13:10 PM to 14:30 PM', 'Stakeholder Management', 'Amit Patil', 6),
(4242, '2016-03-15', '14:45 PM to 15:30 PM', 'Self-Management', 'Sanjukta Acharya', 6),
(4243, '2016-03-16', '9:30 AM to 11:00 AM', 'The Art of Communication', 'Kaustubh Pujari', 6),
(4244, '2016-03-16', '12PM to 12.30 PM', 'Negotiation Skills', 'Sanjukta Acharya', 6),
(4245, '2016-03-16', '2:40 PM to 3:30 PM', 'Performance Mgmt', 'Tamalika', 6),
(4246, '2016-03-16', '4:30 PM to 6 PM', 'Delegation', 'Amit Patil', 6),
(4247, '2016-03-17', '9:30 AM to 11:00 AM', 'Organizing and Planning', 'Usha Bharathi', 6),
(4248, '2016-03-17', '11:10 AM to 12:30 AM', 'Risk Management', 'Usha Bharathi', 6),
(4249, '2016-03-17', '1:30 PM to 3:00 PM', 'Project Finance', 'Subhra Arabinda Mohanty', 6),
(4250, '2016-03-17', '4 PM to 6 PM', 'Driving Results', 'Amit Patil', 6),
(4251, '2016-03-18', '9:30 AM to 11 AM', 'Leadership & Impact and Influence', 'Sanjukta Acharya', 6),
(4252, '2016-03-18', '1:10 PM to 3 PM', 'Teaming Up', 'Sanjukta Acharya', 6),
(4253, '2016-03-18', '3.10 to 5.30 PM', 'Debriefing of Presentation skills', 'Local Faculty', 6),
(4254, '0000-00-00', 'Time', 'Activity', 'Faculty', 5),
(4255, '2016-04-04', '10:00 AM to 12:30 AM', 'Transition from IC to FTM', 'Ranjit Kumar Balakrishnan', 5),
(4256, '2016-04-04', '12:30 AM to 2:30 PM', 'Stakeholder Management', 'Ranjit Kumar Balakrishnan', 5),
(4257, '2016-04-04', '2:30 PM to 6 PM', 'Self-Management', 'Nithya', 5),
(4258, '0000-00-00', '', '', '', 5),
(4259, '2016-04-05', '9:30 AM to 12:00 ', 'The Art of Communication', 'Nithya', 5),
(4260, '2016-04-05', '12.00  to 3.30 PM', 'Negotiation Skills', 'Aparna', 5),
(4261, '2016-04-05', '3:40 PM to 5:00 PM', 'Organizing and Planning', 'Aparna', 5),
(4262, '2016-04-05', '5:00 PM to 6:00 PM', 'Delegation', 'Venkat', 5),
(4263, '0000-00-00', '', '', '', 5),
(4264, '2016-04-06', '9:30 PM to 11:30 PM', 'Project Finance', 'Sridhar Raju (Bangalore)', 5),
(4265, '2016-04-06', '11:30 AM to 12:30 PM', 'Driving Results', 'Venkat', 5),
(4266, '2016-04-06', '2:00 PM to 3.30 PM', 'Performance Mgmt', 'Sravanthi (Chennai)', 5),
(4267, '2016-04-06', '3.40 PM to 6.00 PM', 'Risk Management', 'Aparna Nanoti', 5),
(4268, '0000-00-00', '', '', '', 5),
(4269, '2016-04-07', '9:30 AM to 12:30 AM', 'Leadership & Impact and Influence', 'Nithya', 5),
(4270, '2016-04-07', '1:10 PM to 3 PM', 'Teaming Up', 'Nithya', 5),
(4271, '2016-04-07', '3.10 to 6.00 PM', 'Presentation skills', 'Ranjit Kumar Balakrishnan', 5),
(4272, '0000-00-00', 'Time', 'Activity', 'Faculty', 3),
(4273, '2016-04-04', '10:00 AM to 12:30 AM', 'Transition from IC to FTM', 'Sanghamitra Ghosh', 3),
(4274, '2016-04-04', '12:30 AM to 2:30 PM', 'Stakeholder Management', 'Sanghamitra Ghosh', 3),
(4275, '2016-04-04', '2:30 PM to 6 PM', 'Self-Management', 'Smitha Balakrishnan', 3),
(4276, '0000-00-00', '', '', '', 3),
(4277, '2016-04-05', '9:30 AM to 12:00 ', 'The Art of Communication', 'Kaustubh Pujari', 3),
(4278, '2016-04-05', '12.00  to 3.30 PM', 'Negotiation Skills', 'Amit Patil', 3),
(4279, '2016-04-05', '3:40 PM to 5:00 PM', 'Organizing and Planning', 'Usha Bharathi', 3),
(4280, '2016-04-05', '5:00 PM to 6:00 PM', 'Delegation', 'Usha Bharathi', 3),
(4281, '0000-00-00', '', '', '', 3),
(4282, '2016-04-06', '9:30 PM to 11:30 PM', 'Project Finance', 'Sridhar Raju (Bangalore)', 3),
(4283, '2016-04-06', '11:30 AM to 12:30 PM', 'Driving Results', 'Amit Patil', 3),
(4284, '2016-04-06', '2:00 PM to 3.30 PM', 'Performance Mgmt', 'Sravanthi (Chennai)', 3),
(4285, '2016-04-06', '3.40 PM to 6.00 PM', 'Risk Management', 'Usha Bharathi', 3),
(4286, '0000-00-00', '', '', '', 3),
(4287, '2016-04-07', '9:30 AM to 12:30 AM', 'Leadership & Impact and Influence', 'Gurpreet Kalra', 3),
(4288, '2016-04-07', '1:10 PM to 3 PM', 'Teaming Up', 'Kaustubh Pujari', 3),
(4289, '2016-04-07', '3.10 to 6.00 PM', 'Presentation skills', 'Usha Bharathi', 3),
(4290, '0000-00-00', 'Time', 'Activity', 'Faculty', 4),
(4291, '2016-04-04', '10:00 AM to 12:30 AM', 'Transition from IC to FTM', 'Ranjit Kumar Balakrishnan', 4),
(4292, '2016-04-04', '12:30 AM to 2:30 PM', 'Stakeholder Management', 'Ranjit Kumar Balakrishnan', 4),
(4293, '2016-04-04', '2:30 PM to 6 PM', 'Self-Management', 'Nithya', 4),
(4294, '0000-00-00', '', '', '', 4),
(4295, '2016-04-05', '9:30 AM to 12:00 ', 'The Art of Communication', 'Nithya', 4),
(4296, '2016-04-05', '12.00  to 3.30 PM', 'Negotiation Skills', 'Aparna', 4),
(4297, '2016-04-05', '3:40 PM to 5:00 PM', 'Organizing and Planning', 'Aparna', 4),
(4298, '2016-04-05', '5:00 PM to 6:00 PM', 'Delegation', 'Venkat', 4),
(4299, '0000-00-00', '', '', '', 4),
(4300, '2016-04-06', '9:30 PM to 11:30 PM', 'Project Finance', 'Sridhar Raju (Bangalore)', 4),
(4301, '2016-04-06', '11:30 AM to 12:30 PM', 'Driving Results', 'Venkat', 4),
(4302, '2016-04-06', '2:00 PM to 3.30 PM', 'Performance Mgmt', 'Sravanthi (Chennai)', 4),
(4303, '2016-04-06', '3.40 PM to 6.00 PM', 'Risk Management', 'Aparna Nanoti', 4),
(4304, '0000-00-00', '', '', '', 4),
(4305, '2016-04-07', '9:30 AM to 12:30 AM', 'Leadership & Impact and Influence', 'Nithya', 4),
(4306, '2016-04-07', '1:10 PM to 3 PM', 'Teaming Up', 'Nithya', 4),
(4307, '2016-04-07', '3.10 to 6.00 PM', 'Presentation skills', 'Venkataraman', 4),
(4308, '0000-00-00', 'Time', 'Activity', 'Faculty', 11),
(4309, '2016-04-04', '10:00 AM to 12:30 AM', 'Transition from IC to FTM', 'Ranjit Kumar Balakrishnan', 11),
(4310, '2016-04-04', '12:30 AM to 2:30 PM', 'Stakeholder Management', 'Ranjit Kumar Balakrishnan', 11),
(4311, '2016-04-04', '2:30 PM to 6 PM', 'Self-Management', 'Nithya', 11),
(4312, '0000-00-00', '', '', '', 11),
(4313, '2016-04-05', '9:30 AM to 12:00 ', 'The Art of Communication', 'Nithya', 11),
(4314, '2016-04-05', '12.00  to 3.30 PM', 'Negotiation Skills', 'Aparna', 11),
(4315, '2016-04-05', '3:40 PM to 5:00 PM', 'Organizing and Planning', 'Aparna', 11),
(4316, '2016-04-05', '5:00 PM to 6:00 PM', 'Delegation', 'Venkat', 11),
(4317, '0000-00-00', '', '', '', 11),
(4318, '2016-04-06', '9:30 PM to 11:30 PM', 'Project Finance', 'Sridhar Raju (Bangalore)', 11),
(4319, '2016-04-06', '11:30 AM to 12:30 PM', 'Driving Results', 'Venkat', 11),
(4320, '2016-04-06', '2:00 PM to 3.30 PM', 'Performance Mgmt', 'Sravanthi (Chennai)', 11),
(4321, '2016-04-06', '3.40 PM to 6.00 PM', 'Risk Management', 'Aparna Nanoti', 11),
(4322, '0000-00-00', '', '', '', 11),
(4323, '2016-04-07', '9:30 AM to 12:30 AM', 'Leadership & Impact and Influence', 'Nithya', 11),
(4324, '2016-04-07', '1:10 PM to 3 PM', 'Teaming Up', 'Nithya', 11),
(4325, '2016-04-07', '3.10 to 6.00 PM', 'Presentation skills', 'Aparna Nanoti', 11),
(4326, '0000-00-00', 'Time', 'Activity', 'Faculty', 12),
(4327, '2016-04-04', '10:00 AM to 12:30 AM', 'Transition from IC to FTM', 'Sanghamitra Ghosh', 12),
(4328, '2016-04-04', '12:30 AM to 2:30 PM', 'Stakeholder Management', 'Sanghamitra Ghosh', 12),
(4329, '2016-04-04', '2:30 PM to 6 PM', 'Self-Management', 'Smitha Balakrishnan', 12),
(4330, '0000-00-00', '', '', '', 12),
(4331, '2016-04-05', '9:30 AM to 12:00 ', 'The Art of Communication', 'Kaustubh Pujari', 12),
(4332, '2016-04-05', '12.00  to 3.30 PM', 'Negotiation Skills', 'Amit Patil', 12),
(4333, '2016-04-05', '3:40 PM to 5:00 PM', 'Organizing and Planning', 'Usha Bharathi', 12),
(4334, '2016-04-05', '5:00 PM to 6:00 PM', 'Delegation', 'Usha Bharathi', 12),
(4335, '0000-00-00', '', '', '', 12),
(4336, '2016-04-06', '9:30 PM to 11:30 PM', 'Project Finance', 'Sridhar Raju (Bangalore)', 12),
(4337, '2016-04-06', '11:30 AM to 12:30 PM', 'Driving Results', 'Amit Patil', 12),
(4338, '2016-04-06', '2:00 PM to 3.30 PM', 'Performance Mgmt', 'Sravanthi (Chennai)', 12),
(4339, '2016-04-06', '3.40 PM to 6.00 PM', 'Risk Management', 'Usha Bharathi', 12),
(4340, '0000-00-00', '', '', '', 12),
(4341, '2016-04-07', '9:30 AM to 12:30 AM', 'Leadership & Impact and Influence', 'Gurpreet Kalra', 12),
(4342, '2016-04-07', '1:10 PM to 3 PM', 'Teaming Up', 'Kaustubh Pujari', 12),
(4343, '2016-04-07', '3.10 to 6.00 PM', 'Presentation skills', 'Kaustubh Pujari', 12),
(4344, '0000-00-00', 'Time', 'Activity', 'Faculty', 9),
(4345, '2016-04-04', '10:00 AM to 12:30 AM', 'Transition from IC to FTM', 'Sanghamitra Ghosh', 9),
(4346, '2016-04-04', '12:30 AM to 2:30 PM', 'Stakeholder Management', 'Sanghamitra Ghosh', 9),
(4347, '2016-04-04', '2:30 PM to 6 PM', 'Self-Management', 'Smitha Balakrishnan', 9),
(4348, '0000-00-00', '', '', '', 9),
(4349, '2016-04-05', '9:30 AM to 12:00 ', 'The Art of Communication', 'Kaustubh Pujari', 9),
(4350, '2016-04-05', '12.00  to 3.30 PM', 'Negotiation Skills', 'Amit Patil', 9),
(4351, '2016-04-05', '3:40 PM to 5:00 PM', 'Organizing and Planning', 'Usha Bharathi', 9),
(4352, '2016-04-05', '5:00 PM to 6:00 PM', 'Delegation', 'Usha Bharathi', 9),
(4353, '0000-00-00', '', '', '', 9),
(4354, '2016-04-06', '9:30 PM to 11:30 PM', 'Project Finance', 'Sridhar Raju (Bangalore)', 9),
(4355, '2016-04-06', '11:30 AM to 12:30 PM', 'Driving Results', 'Amit Patil', 9),
(4356, '2016-04-06', '2:00 PM to 3.30 PM', 'Performance Mgmt', 'Sravanthi (Chennai)', 9),
(4357, '2016-04-06', '3.40 PM to 6.00 PM', 'Risk Management', 'Usha Bharathi', 9),
(4358, '0000-00-00', '', '', '', 9),
(4359, '2016-04-07', '9:30 AM to 12:30 AM', 'Leadership & Impact and Influence', 'Gurpreet Kalra', 9),
(4360, '2016-04-07', '1:10 PM to 3 PM', 'Teaming Up', 'Kaustubh Pujari', 9),
(4361, '2016-04-07', '3.10 to 6.00 PM', 'Presentation skills', 'Gurpreet Kalra', 9),
(4362, '0000-00-00', 'Time', 'Activity', 'Faculty', 3),
(4363, '2016-04-19', '10:00 AM to 12:30 AM', 'Transition from IC to FTM', 'Usha Bharathi', 3),
(4364, '2016-04-19', '12:30 AM to 2:30 PM', 'Stakeholder Management', 'Usha Bharathi', 3),
(4365, '2016-04-19', '2:30 PM to 6 PM', 'Self-Management', 'Gurpreet Kalra', 3),
(4366, '0000-00-00', '', '', '', 3),
(4367, '2016-04-20', '9:30 AM to 12:00 ', 'The Art of Communication', 'Kaustubh Pujari', 3),
(4368, '2016-04-20', '12.00  to 3.30 PM', 'Negotiation Skills', 'Kaustubh Pujari', 3),
(4369, '2016-04-20', '3:40 PM to 5:00 PM', 'Organizing and Planning', 'Usha Bharathi', 3),
(4370, '2016-04-20', '5:00 PM to 6:00 PM', 'Delegation', 'Usha Bharathi', 3),
(4371, '0000-00-00', '', '', '', 3),
(4372, '2016-04-21', '9:30 PM to 11:30 PM', 'Project Finance', 'Subra Aurobindo Mohanty', 3),
(4373, '2016-04-21', '11:30 AM to 12:30 PM', 'Driving Results', 'Usha Bharathi', 3),
(4375, '2016-04-21', '3.40 PM to 6.00 PM', 'Risk Management', 'Usha Bharathi', 3),
(4376, '0000-00-00', '', '', '', 3),
(4377, '2016-04-22', '9:30 AM to 12:30 AM', 'Leadership & Impact and Influence', 'Gurpreet Kalra', 3),
(4378, '2016-04-22', '1:10 PM to 3 PM', 'Teaming Up', 'Kaustubh Pujari', 3),
(4379, '2016-04-22', '3.10 to 6.00 PM', 'Presentation skills', 'Abhishek Kumar', 3),
(4380, '0000-00-00', 'Time', 'Activity', 'Faculty', 1),
(4381, '2016-04-19', '10:00 AM to 12:30 AM', 'Transition from IC to FTM', 'Usha Bharathi', 1),
(4382, '2016-04-19', '12:30 AM to 2:30 PM', 'Stakeholder Management', 'Usha Bharathi', 1),
(4383, '2016-04-19', '2:30 PM to 6 PM', 'Self-Management', 'Gurpreet Kalra', 1),
(4384, '0000-00-00', '', '', '', 1),
(4385, '2016-04-20', '9:30 AM to 12:00 ', 'The Art of Communication', 'Kaustubh Pujari', 1),
(4386, '2016-04-20', '12.00  to 3.30 PM', 'Negotiation Skills', 'Kaustubh Pujari', 1),
(4387, '2016-04-20', '3:40 PM to 5:00 PM', 'Organizing and Planning', 'Usha Bharathi', 1),
(4388, '2016-04-20', '5:00 PM to 6:00 PM', 'Delegation', 'Usha Bharathi', 1),
(4389, '0000-00-00', '', '', '', 1),
(4390, '2016-04-21', '9:30 PM to 11:30 PM', 'Project Finance', 'Subra Aurobindo Mohanty', 1),
(4391, '2016-04-21', '11:30 AM to 12:30 PM', 'Driving Results', 'Usha Bharathi', 1),
(4393, '2016-04-21', '3.40 PM to 6.00 PM', 'Risk Management', 'Usha Bharathi', 1),
(4394, '0000-00-00', '', '', '', 1),
(4395, '2016-04-22', '9:30 AM to 12:30 AM', 'Leadership & Impact and Influence', 'Gurpreet Kalra', 1),
(4396, '2016-04-22', '1:10 PM to 3 PM', 'Teaming Up', 'Kaustubh Pujari', 1),
(4397, '2016-04-22', '3.10 to 6.00 PM', 'Presentation skills', 'Gurpreet Kalra', 1),
(4398, '0000-00-00', 'Time', 'Activity', 'Faculty', 12),
(4399, '2016-04-19', '10:00 AM to 12:30 AM', 'Transition from IC to FTM', 'Usha Bharathi', 12),
(4400, '2016-04-19', '12:30 AM to 2:30 PM', 'Stakeholder Management', 'Usha Bharathi', 12),
(4401, '2016-04-19', '2:30 PM to 6 PM', 'Self-Management', 'Gurpreet Kalra', 12),
(4402, '0000-00-00', '', '', '', 12),
(4403, '2016-04-20', '9:30 AM to 12:00 ', 'The Art of Communication', 'Kaustubh Pujari', 12),
(4404, '2016-04-20', '12.00  to 3.30 PM', 'Negotiation Skills', 'Kaustubh Pujari', 12),
(4405, '2016-04-20', '3:40 PM to 5:00 PM', 'Organizing and Planning', 'Usha Bharathi', 12),
(4406, '2016-04-20', '5:00 PM to 6:00 PM', 'Delegation', 'Usha Bharathi', 12),
(4407, '0000-00-00', '', '', '', 12),
(4408, '2016-04-21', '9:30 PM to 11:30 PM', 'Project Finance', 'Subra Aurobindo Mohanty', 12),
(4409, '2016-04-21', '11:30 AM to 12:30 PM', 'Driving Results', 'Usha Bharathi', 12),
(4411, '2016-04-21', '3.40 PM to 6.00 PM', 'Risk Management', 'Usha Bharathi', 12),
(4412, '0000-00-00', '', '', '', 12),
(4413, '2016-04-22', '9:30 AM to 12:30 AM', 'Leadership & Impact and Influence', 'Gurpreet Kalra', 12),
(4414, '2016-04-22', '1:10 PM to 3 PM', 'Teaming Up', 'Kaustubh Pujari', 12),
(4415, '2016-04-22', '3.10 to 6.00 PM', 'Presentation skills', 'Kaustubh Pujari', 12),
(4416, '0000-00-00', 'Time', 'Activity', 'Faculty', 4),
(4417, '2016-04-19', '10:00 AM to 12:30 AM', 'Transition from IC to FTM', 'Aparna Nanoti', 4),
(4418, '2016-04-19', '12:30 AM to 2:30 PM', 'Stakeholder Management', 'Aparna Nanoti', 4),
(4419, '2016-04-19', '2:30 PM to 6 PM', 'Self-Management', 'Pong Nithya', 4),
(4420, '0000-00-00', '', '', '', 4),
(4421, '2016-04-20', '9:30 AM to 12:00 ', 'The Art of Communication', 'Pong Nithya', 4),
(4422, '2016-04-20', '12.00  to 3.30 PM', 'Negotiation Skills', 'Sanjukta Acharya', 4),
(4423, '2016-04-20', '3:40 PM to 5:00 PM', 'Organizing and Planning', 'Aparna Nanoti', 4),
(4424, '2016-04-20', '5:00 PM to 6:00 PM', 'Delegation', 'Vs Venkataraman', 4),
(4425, '0000-00-00', '', '', '', 4),
(4426, '2016-04-21', '9:30 PM to 11:30 PM', 'Project Finance', 'Subra Aurobindo Mohanty', 4),
(4427, '2016-04-21', '11:30 AM to 12:30 PM', 'Driving Results', 'Aparna Nanoti', 4),
(4429, '2016-04-21', '3.40 PM to 6.00 PM', 'Risk Management', 'Aparna Nanoti', 4),
(4430, '0000-00-00', '', '', '', 4),
(4431, '2016-04-22', '9:30 AM to 12:30 AM', 'Leadership & Impact and Influence', 'Pong Nithya', 4),
(4432, '2016-04-22', '1:10 PM to 3 PM', 'Teaming Up', 'Sanjukta Acharya', 4),
(4433, '2016-04-22', '3.10 to 6.00 PM', 'Presentation skills', 'Vs Venkataraman', 4),
(4434, '0000-00-00', 'Time', 'Activity', 'Faculty', 11),
(4435, '2016-04-19', '10:00 AM to 12:30 AM', 'Transition from IC to FTM', 'Aparna Nanoti', 11),
(4436, '2016-04-19', '12:30 AM to 2:30 PM', 'Stakeholder Management', 'Aparna Nanoti', 11),
(4437, '2016-04-19', '2:30 PM to 6 PM', 'Self-Management', 'Pong Nithya', 11),
(4438, '0000-00-00', '', '', '', 11),
(4439, '2016-04-20', '9:30 AM to 12:00 ', 'The Art of Communication', 'Pong Nithya', 11),
(4440, '2016-04-20', '12.00  to 3.30 PM', 'Negotiation Skills', 'Sanjukta Acharya', 11),
(4441, '2016-04-20', '3:40 PM to 5:00 PM', 'Organizing and Planning', 'Aparna Nanoti', 11),
(4442, '2016-04-20', '5:00 PM to 6:00 PM', 'Delegation', 'Vs Venkataraman', 11),
(4443, '0000-00-00', '', '', '', 11),
(4444, '2016-04-21', '9:30 PM to 11:30 PM', 'Project Finance', 'Subra Aurobindo Mohanty', 11),
(4445, '2016-04-21', '11:30 AM to 12:30 PM', 'Driving Results', 'Aparna Nanoti', 11),
(4447, '2016-04-21', '3.40 PM to 6.00 PM', 'Risk Management', 'Aparna Nanoti', 11),
(4448, '0000-00-00', '', '', '', 11),
(4449, '2016-04-22', '9:30 AM to 12:30 AM', 'Leadership & Impact and Influence', 'Pong Nithya', 11),
(4450, '2016-04-22', '1:10 PM to 3 PM', 'Teaming Up', 'Sanjukta Acharya', 11),
(4451, '2016-04-22', '3.10 to 6.00 PM', 'Presentation skills', 'Aparna Nanoti', 11),
(4452, '0000-00-00', 'Time', 'Activity', 'Faculty', 6),
(4453, '2016-04-19', '10:00 AM to 12:30 AM', 'Transition from IC to FTM', 'Aparna Nanoti', 6),
(4454, '2016-04-19', '12:30 AM to 2:30 PM', 'Stakeholder Management', 'Aparna Nanoti', 6),
(4455, '2016-04-19', '2:30 PM to 6 PM', 'Self-Management', 'Pong Nithya', 6),
(4456, '0000-00-00', '', '', '', 6),
(4457, '2016-04-20', '9:30 AM to 12:00 ', 'The Art of Communication', 'Pong Nithya', 6),
(4458, '2016-04-20', '12.00  to 3.30 PM', 'Negotiation Skills', 'Sanjukta Acharya', 6),
(4459, '2016-04-20', '3:40 PM to 5:00 PM', 'Organizing and Planning', 'Aparna Nanoti', 6),
(4460, '2016-04-20', '5:00 PM to 6:00 PM', 'Delegation', 'Vs Venkataraman', 6),
(4461, '0000-00-00', '', '', '', 6),
(4462, '2016-04-21', '9:30 PM to 11:30 PM', 'Project Finance', 'Subra Aurobindo Mohanty', 6),
(4463, '2016-04-21', '11:30 AM to 12:30 PM', 'Driving Results', 'Aparna Nanoti', 6),
(4465, '2016-04-21', '3.40 PM to 6.00 PM', 'Risk Management', 'Aparna Nanoti', 6),
(4466, '0000-00-00', '', '', '', 6),
(4467, '2016-04-22', '9:30 AM to 12:30 AM', 'Leadership & Impact and Influence', 'Pong Nithya', 6),
(4468, '2016-04-22', '1:10 PM to 3 PM', 'Teaming Up', 'Sanjukta Acharya', 6),
(4469, '2016-04-22', '3.10 to 6.00 PM', 'Presentation skills', 'Sanjukta Acharya', 6),
(4470, '2016-05-03', '9:30 AM to 10:00 AM ', 'Welcome Address and Introduction', '', 4),
(4471, '2016-05-03', '10:00 AM to 11:20 AM', 'Transition from IC to FTM/ Stakeholder Management', 'Usha', 4),
(4472, '2016-05-03', '11:20 AM to 11:30 AM', 'Break', '', 4),
(4473, '2016-05-03', '11:30 AM to 12:30 PM', 'Stakeholder Management', 'Usha', 4),
(4474, '2016-05-03', '12:30 PM to 1:10 PM', 'Lunch', '', 4),
(4475, '2016-05-03', '1:10 PM to 2:30 PM', 'Stakeholder Management', 'Usha', 4),
(4476, '2016-05-03', '2:30 PM to 2:40 PM', 'Energizer', 'Sanjukta', 4),
(4477, '2016-05-03', '2:40 PM to 3:30 PM', 'Self-Management', 'Sanjukta', 4),
(4478, '2016-05-03', '3:30 PM to 3:40 PM', 'Break', '', 4),
(4479, '2016-05-03', '3:40 PM to 5:30 PM', 'Self-Management', 'Sanjukta', 4),
(4480, '2016-05-03', '5:30 PM to 6:00 PM', 'Behavior Styles', 'Sanjukta', 4),
(4481, '2016-05-03', '6:00 PM to 6:30 PM', 'Reflection time', 'VS Venkataraman', 4),
(4482, '2016-05-04', '9:30 AM to 11:00 AM', 'The Art of Communication', 'Abhishek', 4),
(4483, '2016-05-04', '11:00 AM to 11:10 AM', 'Break', '', 4),
(4484, '2016-05-04', '11:10 AM to 12:30 PM', 'Art of Communication', 'Abhishek', 4),
(4485, '2016-05-04', '12:30 PM to 1:10 PM', 'Lunch', '', 4),
(4486, '2016-05-04', '1:10 PM to 3:30 PM', 'Negotiation Skills', 'Sanjukta', 4),
(4487, '2016-05-04', '3:30 PM to 3:40 PM', 'Break', '', 4),
(4488, '2016-05-04', '3:40 PM to 4:30 PM', 'Negotiation Skills', 'Sanjukta', 4),
(4489, '2016-05-04', '4:30 PM to 6:00 PM', 'Organizing and Planning', 'Malar', 4),
(4490, '2016-05-04', '6:00 PM to 6:30 PM', 'Reflection time', 'VS Venkataraman', 4),
(4491, '2016-05-05', '9:30 AM to 11:00 AM', 'Delegation', 'VS Venkataraman', 4),
(4492, '2016-05-05', '11:00 AM to 11:10 AM', 'Break', '', 4),
(4493, '2016-05-05', '11:10 AM to 12:40 PM', 'Risk Management', 'Srividhya', 4),
(4494, '2016-05-05', '12:40 PM to 1:20 PM', 'Lunch', '', 4),
(4495, '2016-05-05', '1:20 PM to 2:00 PM', 'Risk Management', 'Srividhya', 4),
(4496, '2016-05-05', '2:00 PM to 2:40 PM', 'Leadership Mentoring Session', 'Mentor', 4),
(4497, '2016-05-05', '2:40 PM to 3:30 PM', 'Project Finance', 'Finance Faculty', 4),
(4498, '2016-05-05', '3:30 PM to 3:40 PM', 'Break', '', 4),
(4499, '2016-05-05', '3:40 PM to 5:00 PM', 'Project Finance', 'Finance Faculty', 4),
(4500, '2016-05-05', '5:00 PM to 6:00 PM', 'Driving Results', 'VS Venkataraman', 4),
(4501, '2016-05-05', '6:00 PM to 6:30 PM', 'Reflection time', 'VS Venkataraman', 4),
(4502, '2016-05-06', '9:30 AM to 11:00 AM', 'Leadership & Impact and Influence', 'Sanjukta', 4),
(4503, '2016-05-06', '11:00 AM to 11:10 AM', 'Break', '', 4),
(4504, '2016-05-06', '11:10 AM to 12:30 PM', 'Leadership & Impact and Influence', 'Sanjukta', 4),
(4505, '2016-05-06', '12:30 PM to 1:10 PM', 'Lunch', '', 4),
(4506, '2016-05-06', '1:10 PM to 3:00 PM', 'Teaming Up', 'Sanjukta', 4),
(4507, '2016-05-06', '3:00 PM to 3:10 PM', 'Break', '', 4),
(4508, '2016-05-06', '3.10 PM to 5.30 PM', 'Presentation skills', 'VS Venkataraman', 4),
(4509, '2016-05-06', '5.30 PM to 6:00 PM', 'Valediction', 'Chief Guest', 4),
(4510, '2016-05-03', '9:30 AM to 10:00 AM ', 'Welcome Address and Introduction', '', 3),
(4511, '2016-05-03', '10:00 AM to 11:20 AM', 'Transition from IC to FTM/ Stakeholder Management', 'Usha', 3),
(4512, '2016-05-03', '11:20 AM to 11:30 AM', 'Break', '', 3),
(4513, '2016-05-03', '11:30 AM to 12:30 PM', 'Stakeholder Management', 'Usha', 3),
(4514, '2016-05-03', '12:30 PM to 1:10 PM', 'Lunch', '', 3),
(4515, '2016-05-03', '1:10 PM to 2:30 PM', 'Stakeholder Management', 'Usha', 3),
(4516, '2016-05-03', '2:30 PM to 2:40 PM', 'Energizer', 'Sanjukta', 3),
(4517, '2016-05-03', '2:40 PM to 3:30 PM', 'Self-Management', 'Sanjukta', 3),
(4518, '2016-05-03', '3:30 PM to 3:40 PM', 'Break', '', 3),
(4519, '2016-05-03', '3:40 PM to 5:30 PM', 'Self-Management', 'Sanjukta', 3),
(4520, '2016-05-03', '5:30 PM to 6:00 PM', 'Behavior Styles', 'Sanjukta', 3),
(4521, '2016-05-03', '6:00 PM to 6:30 PM', 'Reflection time', 'Usha', 3),
(4522, '2016-05-04', '9:30 AM to 11:00 AM', 'The Art of Communication', 'Abhishek', 3),
(4523, '2016-05-04', '11:00 AM to 11:10 AM', 'Break', '', 3),
(4524, '2016-05-04', '11:10 AM to 12:30 PM', 'Art of Communication', 'Abhishek', 3),
(4525, '2016-05-04', '12:30 PM to 1:10 PM', 'Lunch', '', 3),
(4526, '2016-05-04', '1:10 PM to 3:30 PM', 'Negotiation Skills', 'Sanjukta', 3),
(4527, '2016-05-04', '3:30 PM to 3:40 PM', 'Break', '', 3),
(4528, '2016-05-04', '3:40 PM to 4:30 PM', 'Negotiation Skills', 'Sanjukta', 3),
(4529, '2016-05-04', '4:30 PM to 6:00 PM', 'Organizing and Planning', 'Malar', 3),
(4530, '2016-05-04', '6:00 PM to 6:30 PM', 'Reflection time', 'Usha', 3),
(4531, '2016-05-05', '9:30 AM to 11:00 AM', 'Delegation', 'VS Venkataraman', 3),
(4532, '2016-05-05', '11:00 AM to 11:10 AM', 'Break', '', 3),
(4533, '2016-05-05', '11:10 AM to 12:40 PM', 'Risk Management', 'Srividhya', 3),
(4534, '2016-05-05', '12:40 PM to 1:20 PM', 'Lunch', '', 3),
(4535, '2016-05-05', '1:20 PM to 2:00 PM', 'Risk Management', 'Srividhya', 3),
(4536, '2016-05-05', '2:00 PM to 2:40 PM', 'Leadership Mentoring Session', 'Mentor', 3),
(4537, '2016-05-05', '2:40 PM to 3:30 PM', 'Project Finance', 'Finance Faculty', 3),
(4538, '2016-05-05', '3:30 PM to 3:40 PM', 'Break', '', 3),
(4539, '2016-05-05', '3:40 PM to 5:00 PM', 'Project Finance', 'Finance Faculty', 3),
(4540, '2016-05-05', '5:00 PM to 6:00 PM', 'Driving Results', 'VS Venkataraman', 3),
(4541, '2016-05-05', '6:00 PM to 6:30 PM', 'Reflection time', 'Usha', 3),
(4542, '2016-05-06', '9:30 AM to 11:00 AM', 'Leadership & Impact and Influence', 'Sanjukta', 3),
(4543, '2016-05-06', '11:00 AM to 11:10 AM', 'Break', '', 3),
(4544, '2016-05-06', '11:10 AM to 12:30 PM', 'Leadership & Impact and Influence', 'Sanjukta', 3),
(4545, '2016-05-06', '12:30 PM to 1:10 PM', 'Lunch', '', 3),
(4546, '2016-05-06', '1:10 PM to 3:00 PM', 'Teaming Up', 'Sanjukta', 3),
(4547, '2016-05-06', '3:00 PM to 3:10 PM', 'Break', '', 3),
(4548, '2016-05-06', '3.10 PM to 5.30 PM', 'Presentation skills', 'Usha', 3),
(4549, '2016-05-06', '5.30 PM to 6:00 PM', 'Valediction', 'Chief Guest', 3),
(4550, '2016-05-03', '9:30 AM to 10:00 AM ', 'Welcome Address and Introduction', '', 9),
(4551, '2016-05-03', '10:00 AM to 11:20 AM', 'Transition from IC to FTM/ Stakeholder Management', 'Sanghamitra', 9),
(4552, '2016-05-03', '11:20 AM to 11:30 AM', 'Break', '', 9),
(4553, '2016-05-03', '11:30 AM to 12:00 PM', 'Transition from IC to FTM/ Stakeholder Management', 'Sanghamitra', 9),
(4554, '2016-05-03', '12:00 PM to 12:30 PM', 'Stakeholder Management', 'Aparna', 9),
(4555, '2016-05-03', '12:30 PM to 1:10 PM', 'Lunch', '', 9),
(4556, '2016-05-03', '1:10 PM to 2:30 PM', 'Stakeholder Management', 'Aparna', 9),
(4557, '2016-05-03', '2:30 PM to 2:40 PM', 'Energizer', 'Gurpreet', 9),
(4558, '2016-05-03', '2:40 PM to 3:30 PM', 'Self-Management', 'Gurpreet', 9),
(4559, '2016-05-03', '3:30 PM to 3:40 PM', 'Break', '', 9),
(4560, '2016-05-03', '3:40 PM to 5:30 PM', 'Self-Management', 'Gurpreet', 9),
(4561, '2016-05-03', '5:30 PM to 6:00 PM', 'Behavior Styles', 'Gurpreet', 9),
(4562, '2016-05-03', '6:00 PM to 6:30 PM', 'Reflection time', 'Gurpreet', 9),
(4563, '2016-05-04', '9:30 AM to 11:00 AM', 'The Art of Communication', 'Kaustubh', 9),
(4564, '2016-05-04', '11:00 AM to 11:10 AM', 'Break', '', 9),
(4565, '2016-05-04', '11:10 AM to 12:30 PM', 'Art of Communication', 'Kaustubh', 9),
(4566, '2016-05-04', '12:30 PM to 1:10 PM', 'Lunch', '', 9),
(4567, '2016-05-04', '1:10 PM to 3:30 PM', 'Negotiation Skills', 'Aparna', 9),
(4568, '2016-05-04', '3:30 PM to 3:40 PM', 'Break', '', 9),
(4569, '2016-05-04', '3:40 PM to 4:30 PM', 'Negotiation Skills', 'Aparna', 9),
(4570, '2016-05-04', '4:30 PM to 6:00 PM', 'Organizing and Planning', 'Aparna', 9),
(4571, '2016-05-04', '6:00 PM to 6:30 PM', 'Reflection time', 'Gurpreet', 9),
(4572, '2016-05-05', '9:30 AM to 11:00 AM', 'Delegation', 'Amit Patil', 9),
(4573, '2016-05-05', '11:00 AM to 11:10 AM', 'Break', '', 9),
(4574, '2016-05-05', '11:10 AM to 12:40 PM', 'Risk Management', 'Amit Patil', 9),
(4575, '2016-05-05', '12:40 PM to 1:20 PM', 'Lunch', '', 9),
(4576, '2016-05-05', '1:20 PM to 2:00 PM', 'Risk Management', 'Amit Patil', 9),
(4577, '2016-05-05', '2:00 PM to 2:40 PM', 'Leadership Mentoring Session', 'Mentor', 9),
(4578, '2016-05-05', '2:40 PM to 3:30 PM', 'Project Finance', 'Finance Faculty', 9),
(4579, '2016-05-05', '3:30 PM to 3:40 PM', 'Break', '', 9),
(4580, '2016-05-05', '3:40 PM to 5:00 PM', 'Project Finance', 'Finance Faculty', 9),
(4581, '2016-05-05', '5:00 PM to 6:00 PM', 'Driving Results', 'Sanghamitra', 9),
(4582, '2016-05-05', '6:00 PM to 6:30 PM', 'Reflection time', 'Gurpreet', 9),
(4583, '2016-05-06', '9:30 AM to 11:00 AM', 'Leadership & Impact and Influence', 'Gurpreet', 9),
(4584, '2016-05-06', '11:00 AM to 11:10 AM', 'Break', '', 9),
(4585, '2016-05-06', '11:10 AM to 12:30 PM', 'Leadership & Impact and Influence', 'Gurpreet', 9),
(4586, '2016-05-06', '12:30 PM to 1:10 PM', 'Lunch', '', 9),
(4587, '2016-05-06', '1:10 PM to 3:00 PM', 'Teaming Up', 'Kaustubh', 9),
(4588, '2016-05-06', '3:00 PM to 3:10 PM', 'Break', '', 9),
(4589, '2016-05-06', '3.10 PM to 5.30 PM', 'Presentation skills', 'Gurpreet', 9),
(4590, '2016-05-06', '5.30 PM to 6:00 PM', 'Valediction', 'Chief Guest', 9),
(4591, '2016-05-03', '9:30 AM to 10:00 AM ', 'Welcome Address and Introduction', '', 11),
(4592, '2016-05-03', '10:00 AM to 11:20 AM', 'Transition from IC to FTM/ Stakeholder Management', 'Sanghamitra', 11),
(4593, '2016-05-03', '11:20 AM to 11:30 AM', 'Break', '', 11),
(4594, '2016-05-03', '11:30 AM to 12:00 PM', 'Transition from IC to FTM/ Stakeholder Management', 'Sanghamitra', 11),
(4595, '2016-05-03', '12:00 PM to 12:30 PM', 'Stakeholder Management', 'Aparna', 11),
(4596, '2016-05-03', '12:30 PM to 1:10 PM', 'Lunch', '', 11),
(4597, '2016-05-03', '1:10 PM to 2:30 PM', 'Stakeholder Management', 'Aparna', 11),
(4598, '2016-05-03', '2:30 PM to 2:40 PM', 'Energizer', 'Gurpreet', 11),
(4599, '2016-05-03', '2:40 PM to 3:30 PM', 'Self-Management', 'Gurpreet', 11),
(4600, '2016-05-03', '3:30 PM to 3:40 PM', 'Break', '', 11),
(4601, '2016-05-03', '3:40 PM to 5:30 PM', 'Self-Management', 'Gurpreet', 11),
(4602, '2016-05-03', '5:30 PM to 6:00 PM', 'Behavior Styles', 'Gurpreet', 11),
(4603, '2016-05-03', '6:00 PM to 6:30 PM', 'Reflection time', 'Aparna', 11),
(4604, '2016-05-04', '9:30 AM to 11:00 AM', 'The Art of Communication', 'Kaustubh', 11),
(4605, '2016-05-04', '11:00 AM to 11:10 AM', 'Break', '', 11),
(4606, '2016-05-04', '11:10 AM to 12:30 PM', 'Art of Communication', 'Kaustubh', 11),
(4607, '2016-05-04', '12:30 PM to 1:10 PM', 'Lunch', '', 11),
(4608, '2016-05-04', '1:10 PM to 3:30 PM', 'Negotiation Skills', 'Aparna', 11),
(4609, '2016-05-04', '3:30 PM to 3:40 PM', 'Break', '', 11),
(4610, '2016-05-04', '3:40 PM to 4:30 PM', 'Negotiation Skills', 'Aparna', 11),
(4611, '2016-05-04', '4:30 PM to 6:00 PM', 'Organizing and Planning', 'Aparna', 11),
(4612, '2016-05-04', '6:00 PM to 6:30 PM', 'Reflection time', 'Aparna', 11),
(4613, '2016-05-05', '9:30 AM to 11:00 AM', 'Delegation', 'Amit Patil', 11),
(4614, '2016-05-05', '11:00 AM to 11:10 AM', 'Break', '', 11),
(4615, '2016-05-05', '11:10 AM to 12:40 PM', 'Risk Management', 'Amit Patil', 11),
(4616, '2016-05-05', '12:40 PM to 1:20 PM', 'Lunch', '', 11),
(4617, '2016-05-05', '1:20 PM to 2:00 PM', 'Risk Management', 'Amit Patil', 11),
(4618, '2016-05-05', '2:00 PM to 2:40 PM', 'Leadership Mentoring Session', 'Mentor', 11),
(4619, '2016-05-05', '2:40 PM to 3:30 PM', 'Project Finance', 'Finance Faculty', 11),
(4620, '2016-05-05', '3:30 PM to 3:40 PM', 'Break', '', 11),
(4621, '2016-05-05', '3:40 PM to 5:00 PM', 'Project Finance', 'Finance Faculty', 11),
(4622, '2016-05-05', '5:00 PM to 6:00 PM', 'Driving Results', 'Sanghamitra', 11),
(4623, '2016-05-05', '6:00 PM to 6:30 PM', 'Reflection time', 'Aparna', 11),
(4624, '2016-05-06', '9:30 AM to 11:00 AM', 'Leadership & Impact and Influence', 'Gurpreet', 11),
(4625, '2016-05-06', '11:00 AM to 11:10 AM', 'Break', '', 11),
(4626, '2016-05-06', '11:10 AM to 12:30 PM', 'Leadership & Impact and Influence', 'Gurpreet', 11),
(4627, '2016-05-06', '12:30 PM to 1:10 PM', 'Lunch', '', 11),
(4628, '2016-05-06', '1:10 PM to 3:00 PM', 'Teaming Up', 'Kaustubh', 11),
(4629, '2016-05-06', '3:00 PM to 3:10 PM', 'Break', '', 11),
(4630, '2016-05-06', '3.10 PM to 5.30 PM', 'Presentation skills', 'Aparna', 11),
(4631, '2016-05-06', '5.30 PM to 6:00 PM', 'Valediction', 'Chief Guest', 11),
(4632, '2016-05-03', '9:30 AM to 10:00 AM ', 'Welcome Address and Introduction', '', 12),
(4633, '2016-05-03', '10:00 AM to 11:20 AM', 'Transition from IC to FTM/ Stakeholder Management', 'Sanghamitra', 12),
(4634, '2016-05-03', '11:20 AM to 11:30 AM', 'Break', '', 12),
(4635, '2016-05-03', '11:30 AM to 12:00 PM', 'Transition from IC to FTM/ Stakeholder Management', 'Sanghamitra', 12),
(4636, '2016-05-03', '12:00 PM to 12:30 PM', 'Stakeholder Management', 'Aparna', 12),
(4637, '2016-05-03', '12:30 PM to 1:10 PM', 'Lunch', '', 12),
(4638, '2016-05-03', '1:10 PM to 2:30 PM', 'Stakeholder Management', 'Aparna', 12),
(4639, '2016-05-03', '2:30 PM to 2:40 PM', 'Energizer', 'Gurpreet', 12),
(4640, '2016-05-03', '2:40 PM to 3:30 PM', 'Self-Management', 'Gurpreet', 12),
(4641, '2016-05-03', '3:30 PM to 3:40 PM', 'Break', '', 12),
(4642, '2016-05-03', '3:40 PM to 5:30 PM', 'Self-Management', 'Gurpreet', 12),
(4643, '2016-05-03', '5:30 PM to 6:00 PM', 'Behavior Styles', 'Gurpreet', 12),
(4644, '2016-05-03', '6:00 PM to 6:30 PM', 'Reflection time', 'Kaustubh', 12),
(4645, '2016-05-04', '9:30 AM to 11:00 AM', 'The Art of Communication', 'Kaustubh', 12),
(4646, '2016-05-04', '11:00 AM to 11:10 AM', 'Break', '', 12),
(4647, '2016-05-04', '11:10 AM to 12:30 PM', 'Art of Communication', 'Kaustubh', 12),
(4648, '2016-05-04', '12:30 PM to 1:10 PM', 'Lunch', '', 12),
(4649, '2016-05-04', '1:10 PM to 3:30 PM', 'Negotiation Skills', 'Aparna', 12),
(4650, '2016-05-04', '3:30 PM to 3:40 PM', 'Break', '', 12),
(4651, '2016-05-04', '3:40 PM to 4:30 PM', 'Negotiation Skills', 'Aparna', 12),
(4652, '2016-05-04', '4:30 PM to 6:00 PM', 'Organizing and Planning', 'Aparna', 12),
(4653, '2016-05-04', '6:00 PM to 6:30 PM', 'Reflection time', 'Kaustubh', 12),
(4654, '2016-05-05', '9:30 AM to 11:00 AM', 'Delegation', 'Amit Patil', 12),
(4655, '2016-05-05', '11:00 AM to 11:10 AM', 'Break', '', 12),
(4656, '2016-05-05', '11:10 AM to 12:40 PM', 'Risk Management', 'Amit Patil', 12),
(4657, '2016-05-05', '12:40 PM to 1:20 PM', 'Lunch', '', 12),
(4658, '2016-05-05', '1:20 PM to 2:00 PM', 'Risk Management', 'Amit Patil', 12),
(4659, '2016-05-05', '2:00 PM to 2:40 PM', 'Leadership Mentoring Session', 'Mentor', 12),
(4660, '2016-05-05', '2:40 PM to 3:30 PM', 'Project Finance', 'Finance Faculty', 12),
(4661, '2016-05-05', '3:30 PM to 3:40 PM', 'Break', '', 12),
(4662, '2016-05-05', '3:40 PM to 5:00 PM', 'Project Finance', 'Finance Faculty', 12),
(4663, '2016-05-05', '5:00 PM to 6:00 PM', 'Driving Results', 'Sanghamitra', 12),
(4664, '2016-05-05', '6:00 PM to 6:30 PM', 'Reflection time', 'Kaustubh', 12),
(4665, '2016-05-06', '9:30 AM to 11:00 AM', 'Leadership & Impact and Influence', 'Gurpreet', 12),
(4666, '2016-05-06', '11:00 AM to 11:10 AM', 'Break', '', 12),
(4667, '2016-05-06', '11:10 AM to 12:30 PM', 'Leadership & Impact and Influence', 'Gurpreet', 12),
(4668, '2016-05-06', '12:30 PM to 1:10 PM', 'Lunch', '', 12),
(4669, '2016-05-06', '1:10 PM to 3:00 PM', 'Teaming Up', 'Kaustubh', 12),
(4670, '2016-05-06', '3:00 PM to 3:10 PM', 'Break', '', 12),
(4671, '2016-05-06', '3.10 PM to 5.30 PM', 'Presentation skills', 'Kaustubh', 12),
(4672, '2016-05-06', '5.30 PM to 6:00 PM', 'Valediction', 'Chief Guest', 12),
(4673, '2016-05-17', '9:30 AM to 10:00 AM ', 'Welcome Address and Introduction', 'Sachin', 1),
(4674, '2016-05-17', '10:00 AM to 11:20 AM', 'Transition from IC to FTM/ Stakeholder Management', 'Sachin', 1),
(4675, '2016-05-17', '11:20 AM to 11:30 AM', 'Break', '', 1),
(4676, '2016-05-17', '11:30 AM to 12:00 PM', 'Transition from IC to FTM/ Stakeholder Management', 'Sachin', 1),
(4677, '2016-05-17', '12:00 PM to 12:30 PM', 'Stakeholder Management', 'Sachin', 1),
(4678, '2016-05-17', '12:30 PM to 1:10 PM', 'Lunch', '', 1),
(4679, '2016-05-17', '1:10 PM to 2:45 PM', 'Stakeholder Management', 'Sachin', 1),
(4680, '2016-05-17', '2:45 PM to 3:30 PM', 'Self-Management', 'Kaustubh', 1),
(4681, '2016-05-17', '3:30 PM to 3:40 PM', 'Break', '', 1),
(4682, '2016-05-17', '3:40 PM to 5:30 PM', 'Self-Management', 'Kaustubh', 1),
(4683, '2016-05-17', '5:30 PM to 6:00 PM', 'Behavior Styles', 'Kaustubh', 1),
(4684, '2016-05-17', '6:00 PM to 6:30 PM', 'Reflection time', 'Abhishek', 1),
(4685, '2016-05-18', '9:30 AM to 11:00 AM', 'The Art of Communication', 'Abhishek', 1),
(4686, '2016-05-18', '11:00 AM to 11:10 AM', 'Break', '', 1),
(4687, '2016-05-18', '11:10 AM to 12:00 PM', 'Art of Communication', 'Abhishek', 1),
(4688, '2016-05-18', '12:00 PM to 12:30 PM', 'Negotiation Skills', 'Kaustubh', 1),
(4689, '2016-05-18', '12:30 PM to 1:15 PM', 'Lunch', '', 1),
(4690, '2016-05-18', '1:15 PM to 3:30 PM', 'Negotiation Skills', 'Kaustubh', 1),
(4691, '2016-05-18', '3:30 PM to 3:40 PM', 'Break', '', 1),
(4692, '2016-05-18', '3:40 PM to 6:00 PM', 'Organizing and Planning', 'Aparna', 1),
(4693, '2016-05-18', '6:00 PM to 6:30 PM', 'Reflection time', 'Abhishek', 1),
(4694, '2016-05-19', '9:30 AM to 11:00 AM', 'Delegation', 'Aparna', 1),
(4695, '2016-05-19', '11:00 AM to 11:10 AM', 'Break', '', 1),
(4696, '2016-05-19', '11:10 AM to 12:40 PM', 'Risk Management', 'Srividhya', 1),
(4697, '2016-05-19', '12:40 PM to 1:20 PM', 'Lunch', '', 1),
(4698, '2016-05-19', '1:20 PM to 2:30 PM', 'Risk Management', 'Srividhya', 1),
(4699, '2016-05-19', '2:30 PM to 3:20 PM', 'Driving Results', 'Aparna', 1),
(4700, '2016-05-19', '3:20 PM to 3:30 PM', 'Break', '', 1),
(4701, '2016-05-19', '3:30 PM to 4:00 PM', 'Leadership Mentor', 'Mentor', 1),
(4702, '2016-05-19', '4:00 PM to 6:00 PM', 'Project Finance', 'Finance Faculty', 1),
(4703, '2016-05-19', '6:00 PM to 6:30 PM', 'Reflection time', 'Abhishek', 1),
(4704, '2016-05-20', '9:30 AM to 11:00 AM', 'Leadership, Impact and Influence', 'Amit Mehan', 1),
(4705, '2016-05-20', '11:00 AM to 11:10 AM', 'Break', '', 1),
(4706, '2016-05-20', '11:10 AM to 12:30 PM', 'Leadership, Impact and Influence', 'Amit Mehan', 1),
(4707, '2016-05-20', '12:30 PM to 1:10 PM', 'Lunch', '', 1),
(4708, '2016-05-20', '1:10 PM to 3:30 PM', 'Teaming Up', 'Amit Mehan', 1),
(4709, '2016-05-20', '3:30 PM to 3:40 PM', 'Break', '', 1),
(4710, '2016-05-20', '3.40 PM to 5.30 PM', 'Presentation skills', 'Abhishek', 1),
(4711, '2016-05-20', '5.30 PM to 6:00 PM', 'Valediction', 'Chief Guest', 1),
(4712, '2016-05-17', '9:30 AM to 10:00 AM ', 'Welcome Address and Introduction', 'Usha Bharathi', 5),
(4713, '2016-05-17', '10:00 AM to 11:20 AM', 'Transition from IC to FTM/ Stakeholder Management', 'Usha Bharathi', 5),
(4714, '2016-05-17', '11:20 AM to 11:30 AM', 'Break', '', 5),
(4715, '2016-05-17', '11:30 AM to 12:00 PM', 'Transition from IC to FTM/ Stakeholder Management', 'Usha Bharathi', 5),
(4716, '2016-05-17', '12:00 PM to 12:30 PM', 'Stakeholder Management', 'Usha Bharathi', 5),
(4717, '2016-05-17', '12:30 PM to 1:10 PM', 'Lunch', '', 5),
(4718, '2016-05-17', '1:10 PM to 2:45 PM', 'Stakeholder Management', 'Usha Bharathi', 5),
(4719, '2016-05-17', '2:45 PM to 3:30 PM', 'Self-Management', 'Nithya', 5),
(4720, '2016-05-17', '3:30 PM to 3:40 PM', 'Break', '', 5),
(4721, '2016-05-17', '3:40 PM to 5:30 PM', 'Self-Management', 'Nithya', 5),
(4722, '2016-05-17', '5:30 PM to 6:00 PM', 'Behavior Styles', 'Nithya', 5),
(4723, '2016-05-17', '6:00 PM to 6:30 PM', 'Reflection time', 'Nithya', 5),
(4724, '2016-05-18', '9:30 AM to 11:00 AM', 'The Art of Communication', 'Nithya', 5),
(4725, '2016-05-18', '11:00 AM to 11:10 AM', 'Break', '', 5),
(4726, '2016-05-18', '11:10 AM to 12:00 PM', 'Art of Communication', 'Nithya', 5),
(4727, '2016-05-18', '12:00 PM to 12:30 PM', 'Negotiation Skills', 'Suraj Ramakrishnan', 5),
(4728, '2016-05-18', '12:30 PM to 1:15 PM', 'Lunch', '', 5),
(4729, '2016-05-18', '1:15 PM to 3:30 PM', 'Negotiation Skills', 'Suraj Ramakrishnan', 5),
(4730, '2016-05-18', '3:30 PM to 3:40 PM', 'Break', '', 5),
(4731, '2016-05-18', '3:40 PM to 6:00 PM', 'Organizing and Planning', 'Malar', 5),
(4732, '2016-05-18', '6:00 PM to 6:30 PM', 'Reflection time', 'Nithya', 5),
(4750, '2016-05-17', '9:30 AM to 10:00 AM ', 'Welcome Address and Introduction', 'Sachin', 6);
INSERT INTO `schedule` (`sched_id`, `sched_date`, `sched_time`, `sched_activity`, `sched_faculty`, `sched_region`) VALUES
(4751, '2016-05-17', '10:00 AM to 11:20 AM', 'Transition from IC to FTM/ Stakeholder Management', 'Sachin', 6),
(4752, '2016-05-17', '11:20 AM to 11:30 AM', 'Break', '', 6),
(4753, '2016-05-17', '11:30 AM to 12:00 PM', 'Transition from IC to FTM/ Stakeholder Management', 'Sachin', 6),
(4754, '2016-05-17', '12:00 PM to 12:30 PM', 'Stakeholder Management', 'Sachin', 6),
(4755, '2016-05-17', '12:30 PM to 1:10 PM', 'Lunch', '', 6),
(4756, '2016-05-17', '1:10 PM to 2:45 PM', 'Stakeholder Management', 'Sachin', 6),
(4757, '2016-05-17', '2:45 PM to 3:30 PM', 'Self-Management', 'Kaustubh', 6),
(4758, '2016-05-17', '3:30 PM to 3:40 PM', 'Break', '', 6),
(4759, '2016-05-17', '3:40 PM to 5:30 PM', 'Self-Management', 'Kaustubh', 6),
(4760, '2016-05-17', '5:30 PM to 6:00 PM', 'Behavior Styles', 'Kaustubh', 6),
(4761, '2016-05-17', '6:00 PM to 6:30 PM', 'Reflection time', 'Sachin', 6),
(4762, '2016-05-18', '9:30 AM to 11:00 AM', 'The Art of Communication', 'Abhishek', 6),
(4763, '2016-05-18', '11:00 AM to 11:10 AM', 'Break', '', 6),
(4764, '2016-05-18', '11:10 AM to 12:00 PM', 'Art of Communication', 'Abhishek', 6),
(4765, '2016-05-18', '12:00 PM to 12:30 PM', 'Negotiation Skills', 'Kaustubh', 6),
(4766, '2016-05-18', '12:30 PM to 1:15 PM', 'Lunch', '', 6),
(4767, '2016-05-18', '1:15 PM to 3:30 PM', 'Negotiation Skills', 'Kaustubh', 6),
(4768, '2016-05-18', '3:30 PM to 3:40 PM', 'Break', '', 6),
(4769, '2016-05-18', '3:40 PM to 6:00 PM', 'Organizing and Planning', 'Aparna', 6),
(4770, '2016-05-18', '6:00 PM to 6:30 PM', 'Reflection time', 'Sachin', 6),
(4771, '2016-05-19', '9:30 AM to 11:00 AM', 'Delegation', 'Aparna', 6),
(4772, '2016-05-19', '11:00 AM to 11:10 AM', 'Break', '', 6),
(4773, '2016-05-19', '11:10 AM to 12:40 PM', 'Risk Management', 'Srividhya', 6),
(4774, '2016-05-19', '12:40 PM to 1:20 PM', 'Lunch', '', 6),
(4775, '2016-05-19', '1:20 PM to 2:30 PM', 'Risk Management', 'Srividhya', 6),
(4776, '2016-05-19', '2:30 PM to 3:20 PM', 'Driving Results', 'Aparna', 6),
(4777, '2016-05-19', '3:20 PM to 3:30 PM', 'Break', '', 6),
(4778, '2016-05-19', '3:30 PM to 4:00 PM', 'Leadership Mentor', 'Mentor', 6),
(4779, '2016-05-19', '4:00 PM to 6:00 PM', 'Project Finance', 'Finance Faculty', 6),
(4780, '2016-05-19', '6:00 PM to 6:30 PM', 'Reflection time', 'Amit Mehan', 6),
(4781, '2016-05-20', '9:30 AM to 11:00 AM', 'Leadership, Impact and Influence', 'Amit Mehan', 6),
(4782, '2016-05-20', '11:00 AM to 11:10 AM', 'Break', '', 6),
(4783, '2016-05-20', '11:10 AM to 12:30 PM', 'Leadership, Impact and Influence', 'Amit Mehan', 6),
(4784, '2016-05-20', '12:30 PM to 1:10 PM', 'Lunch', '', 6),
(4785, '2016-05-20', '1:10 PM to 3:30 PM', 'Teaming Up', 'Amit Mehan', 6),
(4786, '2016-05-20', '3:30 PM to 3:40 PM', 'Break', '', 6),
(4787, '2016-05-20', '3.40 PM to 5.30 PM', 'Presentation skills', 'Sachin', 6),
(4788, '2016-05-20', '5.30 PM to 6:00 PM', 'Valediction', 'Chief Guest', 6),
(4789, '2016-05-17', '9:30 AM to 10:00 AM ', 'Welcome Address and Introduction', 'Usha Bharathi', 4),
(4790, '2016-05-17', '10:00 AM to 11:20 AM', 'Transition from IC to FTM/ Stakeholder Management', 'Usha Bharathi', 4),
(4791, '2016-05-17', '11:20 AM to 11:30 AM', 'Break', '', 4),
(4792, '2016-05-17', '11:30 AM to 12:00 PM', 'Transition from IC to FTM/ Stakeholder Management', 'Usha Bharathi', 4),
(4793, '2016-05-17', '12:00 PM to 12:30 PM', 'Stakeholder Management', 'Usha Bharathi', 4),
(4794, '2016-05-17', '12:30 PM to 1:10 PM', 'Lunch', '', 4),
(4795, '2016-05-17', '1:10 PM to 2:45 PM', 'Stakeholder Management', 'Usha Bharathi', 4),
(4796, '2016-05-17', '2:45 PM to 3:30 PM', 'Self-Management', 'Nithya', 4),
(4797, '2016-05-17', '3:30 PM to 3:40 PM', 'Break', '', 4),
(4798, '2016-05-17', '3:40 PM to 5:30 PM', 'Self-Management', 'Nithya', 4),
(4799, '2016-05-17', '5:30 PM to 6:00 PM', 'Behavior Styles', 'Nithya', 4),
(4800, '2016-05-17', '6:00 PM to 6:30 PM', 'Reflection time', 'VS Venkataraman', 4),
(4801, '2016-05-18', '9:30 AM to 11:00 AM', 'The Art of Communication', 'Nithya', 4),
(4802, '2016-05-18', '11:00 AM to 11:10 AM', 'Break', '', 4),
(4803, '2016-05-18', '11:10 AM to 12:00 PM', 'Art of Communication', 'Nithya', 4),
(4804, '2016-05-18', '12:00 PM to 12:30 PM', 'Negotiation Skills', 'Suraj Ramakrishnan', 4),
(4805, '2016-05-18', '12:30 PM to 1:15 PM', 'Lunch', '', 4),
(4806, '2016-05-18', '1:15 PM to 3:30 PM', 'Negotiation Skills', 'Suraj Ramakrishnan', 4),
(4807, '2016-05-18', '3:30 PM to 3:40 PM', 'Break', '', 4),
(4808, '2016-05-18', '3:40 PM to 6:00 PM', 'Organizing and Planning', 'Malar', 4),
(4809, '2016-05-18', '6:00 PM to 6:30 PM', 'Reflection time', 'VS Venkataraman', 4),
(4810, '2016-05-19', '9:30 AM to 11:00 AM', 'Delegation', 'Usha', 4),
(4811, '2016-05-19', '11:00 AM to 11:10 AM', 'Break', '', 4),
(4812, '2016-05-19', '11:10 AM to 12:30 PM', 'Driving Results', 'Usha', 4),
(4813, '2016-05-19', '12:30 PM to 1:10 PM', 'Lunch', '', 4),
(4814, '2016-05-19', '1:10 PM to 3:20 PM', 'Risk Management', 'Usha', 4),
(4815, '2016-05-19', '3:20 PM to 3:30 PM', 'Break', '', 4),
(4816, '2016-05-19', '3:30 PM to 4:00 PM', 'Leadership Mentor', 'Mentor', 4),
(4817, '2016-05-19', '4:00 PM to 6:00 PM', 'Project Finance', 'Finance Faculty', 4),
(4818, '2016-05-19', '6:00 PM to 6:30 PM', 'Reflection time', 'VS Venkataraman', 4),
(4819, '2016-05-20', '9:30 AM to 11:00 AM', 'Leadership, Impact and Influence', 'Nithya', 4),
(4820, '2016-05-20', '11:00 AM to 11:10 AM', 'Break', '', 4),
(4821, '2016-05-20', '11:10 AM to 12:30 PM', 'Leadership, Impact and Influence', 'Nithya', 4),
(4822, '2016-05-20', '12:30 PM to 1:10 PM', 'Lunch', '', 4),
(4823, '2016-05-20', '1:10 PM to 3:30 PM', 'Teaming Up', 'Nithya', 4),
(4824, '2016-05-20', '3:30 PM to 3:40 PM', 'Break', '', 4),
(4825, '2016-05-20', '3.40 PM to 5.30 PM', 'Presentation skills', 'VS Venkataraman', 4),
(4826, '2016-05-20', '5.30 PM to 6:00 PM', 'Valediction', 'Chief Guest', 4),
(4827, '2016-05-17', '9:30 AM to 10:00 AM ', 'Welcome Address and Introduction', 'Usha Bharathi', 3),
(4828, '2016-05-17', '10:00 AM to 11:20 AM', 'Transition from IC to FTM/ Stakeholder Management', 'Usha Bharathi', 3),
(4829, '2016-05-17', '11:20 AM to 11:30 AM', 'Break', '', 3),
(4830, '2016-05-17', '11:30 AM to 12:00 PM', 'Transition from IC to FTM/ Stakeholder Management', 'Usha Bharathi', 3),
(4831, '2016-05-17', '12:00 PM to 12:30 PM', 'Stakeholder Management', 'Usha Bharathi', 3),
(4832, '2016-05-17', '12:30 PM to 1:10 PM', 'Lunch', '', 3),
(4833, '2016-05-17', '1:10 PM to 2:45 PM', 'Stakeholder Management', 'Usha Bharathi', 3),
(4834, '2016-05-17', '2:45 PM to 3:30 PM', 'Self-Management', 'Nithya', 3),
(4835, '2016-05-17', '3:30 PM to 3:40 PM', 'Break', '', 3),
(4836, '2016-05-17', '3:40 PM to 5:30 PM', 'Self-Management', 'Nithya', 3),
(4837, '2016-05-17', '5:30 PM to 6:00 PM', 'Behavior Styles', 'Nithya', 3),
(4838, '2016-05-17', '6:00 PM to 6:30 PM', 'Reflection time', 'Usha Bharathi', 3),
(4839, '2016-05-18', '9:30 AM to 11:00 AM', 'The Art of Communication', 'Nithya', 3),
(4840, '2016-05-18', '11:00 AM to 11:10 AM', 'Break', '', 3),
(4841, '2016-05-18', '11:10 AM to 12:00 PM', 'Art of Communication', 'Nithya', 3),
(4842, '2016-05-18', '12:00 PM to 12:30 PM', 'Negotiation Skills', 'Suraj Ramakrishnan', 3),
(4843, '2016-05-18', '12:30 PM to 1:15 PM', 'Lunch', '', 3),
(4844, '2016-05-18', '1:15 PM to 3:30 PM', 'Negotiation Skills', 'Suraj Ramakrishnan', 3),
(4845, '2016-05-18', '3:30 PM to 3:40 PM', 'Break', '', 3),
(4846, '2016-05-18', '3:40 PM to 6:00 PM', 'Organizing and Planning', 'Malar', 3),
(4847, '2016-05-18', '6:00 PM to 6:30 PM', 'Reflection time', 'Usha Bharathi', 3),
(4848, '2016-05-19', '9:30 AM to 11:00 AM', 'Delegation', 'Usha Bharathi', 3),
(4849, '2016-05-19', '11:00 AM to 11:10 AM', 'Break', '', 3),
(4850, '2016-05-19', '11:10 AM to 12:30 PM', 'Driving Results', 'Usha Bharathi', 3),
(4851, '2016-05-19', '12:30 PM to 1:10 PM', 'Lunch', '', 3),
(4852, '2016-05-19', '1:10 PM to 3:20 PM', 'Risk Management', 'Usha Bharathi', 3),
(4853, '2016-05-19', '3:20 PM to 3:30 PM', 'Break', '', 3),
(4854, '2016-05-19', '3:30 PM to 4:00 PM', 'Leadership Mentor', 'Mentor', 3),
(4855, '2016-05-19', '4:00 PM to 6:00 PM', 'Project Finance', 'Finance Faculty', 3),
(4856, '2016-05-19', '6:00 PM to 6:30 PM', 'Reflection time', 'Usha Bharathi', 3),
(4857, '2016-05-20', '9:30 AM to 11:00 AM', 'Leadership, Impact and Influence', 'Nithya', 3),
(4858, '2016-05-20', '11:00 AM to 11:10 AM', 'Break', '', 3),
(4859, '2016-05-20', '11:10 AM to 12:30 PM', 'Leadership, Impact and Influence', 'Nithya', 3),
(4860, '2016-05-20', '12:30 PM to 1:10 PM', 'Lunch', '', 3),
(4861, '2016-05-20', '1:10 PM to 3:30 PM', 'Teaming Up', 'Nithya', 3),
(4862, '2016-05-20', '3:30 PM to 3:40 PM', 'Break', '', 3),
(4863, '2016-05-20', '3.40 PM to 5.30 PM', 'Presentation skills', 'Usha Bharathi', 3),
(4864, '2016-05-20', '5.30 PM to 6:00 PM', 'Valediction', 'Chief Guest', 3),
(4865, '2016-05-17', '9:30 AM to 10:00 AM ', 'Welcome Address and Introduction', 'Sachin', 11),
(4866, '2016-05-17', '10:00 AM to 11:20 AM', 'Transition from IC to FTM/ Stakeholder Management', 'Sachin', 11),
(4867, '2016-05-17', '11:20 AM to 11:30 AM', 'Break', '', 11),
(4868, '2016-05-17', '11:30 AM to 12:00 PM', 'Transition from IC to FTM/ Stakeholder Management', 'Sachin', 11),
(4869, '2016-05-17', '12:00 PM to 12:30 PM', 'Stakeholder Management', 'Sachin', 11),
(4870, '2016-05-17', '12:30 PM to 1:10 PM', 'Lunch', '', 11),
(4871, '2016-05-17', '1:10 PM to 2:45 PM', 'Stakeholder Management', 'Sachin', 11),
(4872, '2016-05-17', '2:45 PM to 3:30 PM', 'Self-Management', 'Kaustubh', 11),
(4873, '2016-05-17', '3:30 PM to 3:40 PM', 'Break', '', 11),
(4874, '2016-05-17', '3:40 PM to 5:30 PM', 'Self-Management', 'Kaustubh', 11),
(4875, '2016-05-17', '5:30 PM to 6:00 PM', 'Behavior Styles', 'Kaustubh', 11),
(4876, '2016-05-17', '6:00 PM to 6:30 PM', 'Reflection time', 'Aparna', 11),
(4877, '2016-05-18', '9:30 AM to 11:00 AM', 'The Art of Communication', 'Abhishek', 11),
(4878, '2016-05-18', '11:00 AM to 11:10 AM', 'Break', '', 11),
(4879, '2016-05-18', '11:10 AM to 12:00 PM', 'Art of Communication', 'Abhishek', 11),
(4880, '2016-05-18', '12:00 PM to 12:30 PM', 'Negotiation Skills', 'Kaustubh', 11),
(4881, '2016-05-18', '12:30 PM to 1:15 PM', 'Lunch', '', 11),
(4882, '2016-05-18', '1:15 PM to 3:30 PM', 'Negotiation Skills', 'Kaustubh', 11),
(4883, '2016-05-18', '3:30 PM to 3:40 PM', 'Break', '', 11),
(4884, '2016-05-18', '3:40 PM to 6:00 PM', 'Organizing and Planning', 'Aparna', 11),
(4885, '2016-05-18', '6:00 PM to 6:30 PM', 'Reflection time', 'Aparna', 11),
(4886, '2016-05-19', '9:30 AM to 11:00 AM', 'Delegation', 'Aparna', 11),
(4887, '2016-05-19', '11:00 AM to 11:10 AM', 'Break', '', 11),
(4888, '2016-05-19', '11:10 AM to 12:40 PM', 'Risk Management', 'Srividhya', 11),
(4889, '2016-05-19', '12:40 PM to 1:20 PM', 'Lunch', '', 11),
(4890, '2016-05-19', '1:20 PM to 2:30 PM', 'Risk Management', 'Srividhya', 11),
(4891, '2016-05-19', '2:30 PM to 3:20 PM', 'Driving Results', 'Aparna', 11),
(4892, '2016-05-19', '3:20 PM to 3:30 PM', 'Break', '', 11),
(4893, '2016-05-19', '3:30 PM to 4:00 PM', 'Leadership Mentor', 'Mentor', 11),
(4894, '2016-05-19', '4:00 PM to 6:00 PM', 'Project Finance', 'Finance Faculty', 11),
(4895, '2016-05-19', '6:00 PM to 6:30 PM', 'Reflection time', 'Aparna', 11),
(4896, '2016-05-20', '9:30 AM to 11:00 AM', 'Leadership, Impact and Influence', 'Amit Mehan', 11),
(4897, '2016-05-20', '11:00 AM to 11:10 AM', 'Break', '', 11),
(4898, '2016-05-20', '11:10 AM to 12:30 PM', 'Leadership, Impact and Influence', 'Amit Mehan', 11),
(4899, '2016-05-20', '12:30 PM to 1:10 PM', 'Lunch', '', 11),
(4900, '2016-05-20', '1:10 PM to 3:30 PM', 'Teaming Up', 'Amit Mehan', 11),
(4901, '2016-05-20', '3:30 PM to 3:40 PM', 'Break', '', 11),
(4902, '2016-05-20', '3.40 PM to 5.30 PM', 'Presentation skills', 'Aparna', 11),
(4903, '2016-05-20', '5.30 PM to 6:00 PM', 'Valediction', 'Chief Guest', 11),
(4904, '2016-05-17', '9:30 AM to 10:00 AM ', 'Welcome Address and Introduction', 'Sachin', 12),
(4905, '2016-05-17', '10:00 AM to 11:20 AM', 'Transition from IC to FTM/ Stakeholder Management', 'Sachin', 12),
(4906, '2016-05-17', '11:20 AM to 11:30 AM', 'Break', '', 12),
(4907, '2016-05-17', '11:30 AM to 12:00 PM', 'Transition from IC to FTM/ Stakeholder Management', 'Sachin', 12),
(4908, '2016-05-17', '12:00 PM to 12:30 PM', 'Stakeholder Management', 'Sachin', 12),
(4909, '2016-05-17', '12:30 PM to 1:10 PM', 'Lunch', '', 12),
(4910, '2016-05-17', '1:10 PM to 2:45 PM', 'Stakeholder Management', 'Sachin', 12),
(4911, '2016-05-17', '2:45 PM to 3:30 PM', 'Self-Management', 'Kaustubh', 12),
(4912, '2016-05-17', '3:30 PM to 3:40 PM', 'Break', '', 12),
(4913, '2016-05-17', '3:40 PM to 5:30 PM', 'Self-Management', 'Kaustubh', 12),
(4914, '2016-05-17', '5:30 PM to 6:00 PM', 'Behavior Styles', 'Kaustubh', 12),
(4915, '2016-05-17', '6:00 PM to 6:30 PM', 'Reflection time', 'Kaustubh', 12),
(4916, '2016-05-18', '9:30 AM to 11:00 AM', 'The Art of Communication', 'Abhishek', 12),
(4917, '2016-05-18', '11:00 AM to 11:10 AM', 'Break', '', 12),
(4918, '2016-05-18', '11:10 AM to 12:00 PM', 'Art of Communication', 'Abhishek', 12),
(4919, '2016-05-18', '12:00 PM to 12:30 PM', 'Negotiation Skills', 'Kaustubh', 12),
(4920, '2016-05-18', '12:30 PM to 1:15 PM', 'Lunch', '', 12),
(4921, '2016-05-18', '1:15 PM to 3:30 PM', 'Negotiation Skills', 'Kaustubh', 12),
(4922, '2016-05-18', '3:30 PM to 3:40 PM', 'Break', '', 12),
(4923, '2016-05-18', '3:40 PM to 6:00 PM', 'Organizing and Planning', 'Aparna', 12),
(4924, '2016-05-18', '6:00 PM to 6:30 PM', 'Reflection time', 'Kaustubh', 12),
(4925, '2016-05-19', '9:30 AM to 11:00 AM', 'Delegation', 'Aparna', 12),
(4926, '2016-05-19', '11:00 AM to 11:10 AM', 'Break', '', 12),
(4927, '2016-05-19', '11:10 AM to 12:40 PM', 'Risk Management', 'Srividhya', 12),
(4928, '2016-05-19', '12:40 PM to 1:20 PM', 'Lunch', '', 12),
(4929, '2016-05-19', '1:20 PM to 2:30 PM', 'Risk Management', 'Srividhya', 12),
(4930, '2016-05-19', '2:30 PM to 3:20 PM', 'Driving Results', 'Aparna', 12),
(4931, '2016-05-19', '3:20 PM to 3:30 PM', 'Break', '', 12),
(4932, '2016-05-19', '3:30 PM to 4:00 PM', 'Leadership Mentor', 'Mentor', 12),
(4933, '2016-05-19', '4:00 PM to 6:00 PM', 'Project Finance', 'Finance Faculty', 12),
(4934, '2016-05-19', '6:00 PM to 6:30 PM', 'Reflection time', 'Kaustubh', 12),
(4935, '2016-05-20', '9:30 AM to 11:00 AM', 'Leadership, Impact and Influence', 'Amit Mehan', 12),
(4936, '2016-05-20', '11:00 AM to 11:10 AM', 'Break', '', 12),
(4937, '2016-05-20', '11:10 AM to 12:30 PM', 'Leadership, Impact and Influence', 'Amit Mehan', 12),
(4938, '2016-05-20', '12:30 PM to 1:10 PM', 'Lunch', '', 12),
(4939, '2016-05-20', '1:10 PM to 3:30 PM', 'Teaming Up', 'Amit Mehan', 12),
(4940, '2016-05-20', '3:30 PM to 3:40 PM', 'Break', '', 12),
(4941, '2016-05-20', '3.40 PM to 5.30 PM', 'Presentation skills', 'Kaustubh', 12),
(4942, '2016-05-20', '5.30 PM to 6:00 PM', 'Valediction', 'Chief Guest', 12),
(5079, '2016-05-19', '9:30 AM to 11:00 AM', 'Delegation', 'Usha Bharathi', 5),
(5080, '2016-05-19', '11:00 AM to 11:10 AM', 'Break', '', 5),
(5081, '2016-05-19', '11:10 AM to 12:30 PM', 'Driving Results', 'Usha Bharathi', 5),
(5082, '2016-05-19', '12:30 PM to 1:10 PM', 'Lunch', '', 5),
(5083, '2016-05-19', '1:10 PM to 3:20 PM', 'Risk Management', 'Usha Bharathi', 5),
(5084, '2016-05-19', '3:20 PM to 3:30 PM', 'Break', '', 5),
(5085, '2016-05-19', '3:30 PM to 4:00 PM', 'Leadership Mentor', 'Mentor', 5),
(5086, '2016-05-19', '4:00 PM to 6:00 PM', 'Project Finance', 'Finance Faculty', 5),
(5087, '2016-05-19', '6:00 PM to 6:30 PM', 'Reflection time', 'Nithya', 5),
(5088, '2016-05-20', '9:30 AM to 11:00 AM', 'Leadership, Impact and Influence', 'Nithya', 5),
(5089, '2016-05-20', '11:00 AM to 11:10 AM', 'Break', '', 5),
(5090, '2016-05-20', '11:10 AM to 12:30 PM', 'Leadership, Impact and Influence', 'Nithya', 5),
(5091, '2016-05-20', '12:30 PM to 1:10 PM', 'Lunch', '', 5),
(5092, '2016-05-20', '1:10 PM to 3:30 PM', 'Teaming Up', 'Nithya', 5),
(5093, '2016-05-20', '3:30 PM to 3:40 PM', 'Break', '', 5),
(5094, '2016-05-20', '3.40 PM to 5.30 PM', 'Presentation skills', 'Nithya', 5),
(5095, '2016-05-20', '5.30 PM to 6:00 PM', 'Valediction', 'Chief Guest', 5),
(5483, '2016-06-02', '8:00 AM to 8:30 AM ', 'Welcome Address and Introduction of ASCENT Program', 'ASCENT Team', 14),
(5484, '2016-06-02', '8:30 AM to 10:30 AM', 'Transition from IC to FTM - Managing Stakeholders', 'ASCENT Team', 14),
(5485, '2016-06-02', '10:30 AM to 10:45 AM', 'Break', '', 14),
(5486, '2016-06-02', '10:45 AM to 11:30 AM', 'Managing Stakeholders', 'ASCENT Team', 14),
(5487, '2016-06-02', '11:30 AM to 1:00 PM', 'Self Management', 'ASCENT Team', 14),
(5488, '2016-06-02', '1:00 PM to 1:15 PM', 'Reflection time', 'ASCENT Team', 14),
(5489, '2016-06-02', '1:15 PM to 2:00 PM', 'Lunch', '', 14),
(5490, '2016-06-03', '8:00 AM to 9:45 AM', 'The Art of Communication', 'ASCENT Team', 14),
(5491, '2016-06-03', '9:45 AM to 10:30 AM', 'Negotiation Skills', 'ASCENT Team', 14),
(5492, '2016-06-03', '10:30 AM to 10:45 AM', 'Break', '', 14),
(5493, '2016-06-03', '10:45 AM to 12:00 PM', 'Negotiation Skills', 'ASCENT Team', 14),
(5494, '2016-06-03', '12:00 PM to 1:00 PM', 'Delegation', 'ASCENT Team', 14),
(5495, '2016-06-03', '1:00 PM to 1:15 PM', 'Reflection time', 'ASCENT Team', 14),
(5496, '2016-06-03', '1:15 PM to 2:00 PM', 'Lunch', '', 14),
(5497, '2016-06-04', '9:00 AM to 11:00 AM', 'Organizing and Planning', 'ASCENT Team', 14),
(5498, '2016-06-04', '11:00 AM to 11:15 AM', 'Break', '', 14),
(5499, '2016-06-04', '11:15 AM to 1:00 PM', 'Project Finance', '', 14),
(5500, '2016-06-04', '1:00 PM to 2:00 PM', 'Lunch', '', 14),
(5501, '2016-06-04', '2:00 PM to 4:00 PM', 'Risk Management', 'ASCENT Team', 14),
(5502, '2016-06-04', '4:00 PM to 4:15 PM', 'Break', '', 14),
(5503, '2016-06-04', '4:15 PM to 5:15 PM', 'Behaviour Styles', 'ASCENT Team', 14),
(5504, '2016-06-04', '5:15 PM to 6:15 PM', 'Driving Results', 'ASCENT Team', 14),
(5505, '2016-06-04', '6:15 PM to 6:30 PM', 'Reflection time', 'ASCENT Team', 14),
(5506, '2016-06-05', '9:00 AM to 11:00 AM', 'Leadership Styles', 'ASCENT Team', 14),
(5507, '2016-06-05', '11:00 AM to 11:15 AM', 'Break', '', 14),
(5508, '2016-06-05', '11:15 AM to 1:00 PM', 'Impact and Influence', 'ASCENT Team', 14),
(5509, '2016-06-05', '1:00 PM to 2:00 PM', 'Lunch', '', 14),
(5510, '2016-06-05', '2:00 PM to 4:00 PM', 'Building Teams', 'ASCENT Team', 14),
(5511, '2016-06-05', '4:00 PM to 4:15 PM', 'Break', '', 14),
(5512, '2016-06-05', '4:15 PM to 6:00 PM', 'Presentation skills', 'ASCENT Team', 14),
(5513, '2016-06-05', '6:00 PM to 6:30 PM', 'Reflection and Valediction', 'ASCENT Team', 14),
(5514, '2016-06-07', '9:30 AM to 12:00 noon', 'Transition from IC to FTM', 'Usha Bharathi', 3),
(5515, '2016-06-07', '13:10 PM to 14:30 PM', 'Stakeholder Management', 'Amit Patil', 3),
(5516, '2016-06-07', '14:45 PM to 6:00 PM', 'Self-Management & DISC Personality Styles', 'Gurpreet Kalra', 3),
(5517, '2016-06-08', '9:30 AM to 11:00 AM', 'The Art of Communication', 'Kaustubh Pujari', 3),
(5518, '2016-06-08', '12PM to 3.30 PM', 'Negotiation Skills', 'Amit Patil', 3),
(5519, '2016-06-08', '4:30 PM to 6 PM', 'Organizing and Planning', 'Malarkodi Pichaimuthu', 3),
(5520, '2016-06-09', '9:30 AM to 11:00 AM', 'Delegation', 'Vs Venkataraman', 3),
(5521, '2016-06-09', '11:10 AM to 2:30 AM', 'Risk Management', 'Srividhya Sankaran', 3),
(5522, '2016-06-09', '2:30 PM to 3:30 PM', 'Driving Results', 'Vs Venkataraman', 3),
(5523, '2016-06-09', '4:00 PM to 6:00 PM', 'Project Finance', 'Subhra Arabinda Mohanty', 3),
(5524, '2016-06-10', '9:30 AM to 11 AM', 'Leadership & Impact and Influence', 'Amit Mehan', 3),
(5525, '2016-06-10', '1:10 PM to 3 PM', 'Teaming Up', 'Amit Mehan', 3),
(5526, '2016-06-10', '3.10 to 5.30 PM', 'Debriefing of Presentation skills', 'Usha Bharathi', 3),
(5527, '2016-06-07', '9:30 AM to 12:00 noon', 'Transition from IC to FTM', 'Usha Bharathi', 4),
(5528, '2016-06-07', '13:10 PM to 14:30 PM', 'Stakeholder Management', 'Amit Patil', 4),
(5529, '2016-06-07', '14:45 PM to 6:00 PM', 'Self-Management & DISC Personality Styles', 'Gurpreet Kalra', 4),
(5530, '2016-06-08', '9:30 AM to 11:00 AM', 'The Art of Communication', 'Kaustubh Pujari', 4),
(5531, '2016-06-08', '12PM to 3.30 PM', 'Negotiation Skills', 'Amit Patil', 4),
(5532, '2016-06-08', '4:30 PM to 6 PM', 'Organizing and Planning', 'Malarkodi Pichaimuthu', 4),
(5533, '2016-06-09', '9:30 AM to 11:00 AM', 'Delegation', 'Vs Venkataraman', 4),
(5534, '2016-06-09', '11:10 AM to 2:30 AM', 'Risk Management', 'Srividhya Sankaran', 4),
(5535, '2016-06-09', '2:30 PM to 3:30 PM', 'Driving Results', 'Vs Venkataraman', 4),
(5536, '2016-06-09', '4:00 PM to 6:00 PM', 'Project Finance', 'Subhra Arabinda Mohanty', 4),
(5537, '2016-06-10', '9:30 AM to 11 AM', 'Leadership & Impact and Influence', 'Amit Mehan', 4),
(5538, '2016-06-10', '1:10 PM to 3 PM', 'Teaming Up', 'Amit Mehan', 4),
(5539, '2016-06-10', '3.10 to 5.30 PM', 'Debriefing of Presentation skills', 'VS Venkataraman, Malarkodi Pichaimuthu', 4),
(5540, '2016-06-07', '9:30 AM to 12:00 noon', 'Transition from IC to FTM', 'Usha Bharathi', 9),
(5541, '2016-06-07', '13:10 PM to 14:30 PM', 'Stakeholder Management', 'Amit Patil', 9),
(5542, '2016-06-07', '14:45 PM to 6:00 PM', 'Self-Management & DISC Personality Styles', 'Gurpreet Kalra', 9),
(5543, '2016-06-08', '9:30 AM to 11:00 AM', 'The Art of Communication', 'Kaustubh Pujari', 9),
(5544, '2016-06-08', '12PM to 3.30 PM', 'Negotiation Skills', 'Amit Patil', 9),
(5545, '2016-06-08', '4:30 PM to 6 PM', 'Organizing and Planning', 'Malarkodi Pichaimuthu', 9),
(5546, '2016-06-09', '9:30 AM to 11:00 AM', 'Delegation', 'Vs Venkataraman', 9),
(5547, '2016-06-09', '11:10 AM to 2:30 AM', 'Risk Management', 'Srividhya Sankaran', 9),
(5548, '2016-06-09', '2:30 PM to 3:30 PM', 'Driving Results', 'Vs Venkataraman', 9),
(5549, '2016-06-09', '4:00 PM to 6:00 PM', 'Project Finance', 'Subhra Arabinda Mohanty', 9),
(5550, '2016-06-10', '9:30 AM to 11 AM', 'Leadership & Impact and Influence', 'Amit Mehan', 9),
(5551, '2016-06-10', '1:10 PM to 3 PM', 'Teaming Up', 'Amit Mehan', 9),
(5552, '2016-06-10', '3.10 to 5.30 PM', 'Debriefing of Presentation skills', 'Gurpreet Kalra', 9),
(5553, '2016-06-07', '9:30 AM to 12:00 noon', 'Transition from IC to FTM', 'Usha Bharathi', 11),
(5554, '2016-06-07', '13:10 PM to 14:30 PM', 'Stakeholder Management', 'Amit Patil', 11),
(5555, '2016-06-07', '14:45 PM to 6:00 PM', 'Self-Management & DISC Personality Styles', 'Gurpreet Kalra', 11),
(5556, '2016-06-08', '9:30 AM to 11:00 AM', 'The Art of Communication', 'Kaustubh Pujari', 11),
(5557, '2016-06-08', '12PM to 3.30 PM', 'Negotiation Skills', 'Amit Patil', 11),
(5558, '2016-06-08', '4:30 PM to 6 PM', 'Organizing and Planning', 'Malarkodi Pichaimuthu', 11),
(5559, '2016-06-09', '9:30 AM to 11:00 AM', 'Delegation', 'Vs Venkataraman', 11),
(5560, '2016-06-09', '11:10 AM to 2:30 AM', 'Risk Management', 'Srividhya Sankaran', 11),
(5561, '2016-06-09', '2:30 PM to 3:30 PM', 'Driving Results', 'Vs Venkataraman', 11),
(5562, '2016-06-09', '4:00 PM to 6:00 PM', 'Project Finance', 'Subhra Arabinda Mohanty', 11),
(5563, '2016-06-10', '9:30 AM to 11 AM', 'Leadership & Impact and Influence', 'Amit Mehan', 11),
(5564, '2016-06-10', '1:10 PM to 3 PM', 'Teaming Up', 'Amit Mehan', 11),
(5565, '2016-06-10', '3.10 to 5.30 PM', 'Debriefing of Presentation skills', 'Amit Mehan', 11),
(5566, '2016-06-07', '9:30 AM to 12:00 noon', 'Transition from IC to FTM', 'Usha Bharathi', 12),
(5567, '2016-06-07', '13:10 PM to 14:30 PM', 'Stakeholder Management', 'Amit Patil', 12),
(5568, '2016-06-07', '14:45 PM to 6:00 PM', 'Self-Management & DISC Personality Styles', 'Gurpreet Kalra', 12),
(5569, '2016-06-08', '9:30 AM to 11:00 AM', 'The Art of Communication', 'Kaustubh Pujari', 12),
(5570, '2016-06-08', '12PM to 3.30 PM', 'Negotiation Skills', 'Amit Patil', 12),
(5571, '2016-06-08', '4:30 PM to 6 PM', 'Organizing and Planning', 'Malarkodi Pichaimuthu', 12),
(5572, '2016-06-09', '9:30 AM to 11:00 AM', 'Delegation', 'Vs Venkataraman', 12),
(5573, '2016-06-09', '11:10 AM to 2:30 AM', 'Risk Management', 'Srividhya Sankaran', 12),
(5574, '2016-06-09', '2:30 PM to 3:30 PM', 'Driving Results', 'Vs Venkataraman', 12),
(5575, '2016-06-09', '4:00 PM to 6:00 PM', 'Project Finance', 'Subhra Arabinda Mohanty', 12),
(5576, '2016-06-10', '9:30 AM to 11 AM', 'Leadership & Impact and Influence', 'Amit Mehan', 12),
(5577, '2016-06-10', '1:10 PM to 3 PM', 'Teaming Up', 'Amit Mehan', 12),
(5578, '2016-06-10', '3.10 to 5.30 PM', 'Debriefing of Presentation skills', 'Kaustubh Pujari', 12);

-- --------------------------------------------------------

--
-- Table structure for table `sess_feedback`
--

CREATE TABLE IF NOT EXISTS `sess_feedback` (
  `f_id` int(10) unsigned NOT NULL AUTO_INCREMENT,
  `date` date NOT NULL,
  `associate_id` int(11) NOT NULL,
  `associate_name` varchar(100) NOT NULL,
  `domain_knowledge` int(1) NOT NULL,
  `presentation` int(1) NOT NULL,
  `time_management` int(1) NOT NULL,
  `inter_activeness` int(1) NOT NULL,
  `objectives` int(1) NOT NULL,
  `course_material` int(1) NOT NULL,
  `any_other_feedback` text NOT NULL,
  PRIMARY KEY (`f_id`) COMMENT 'f_primary'
) ENGINE=InnoDB DEFAULT CHARSET=latin1 AUTO_INCREMENT=1 ;

-- --------------------------------------------------------

--
-- Structure for view `feedbacks`
--
DROP TABLE IF EXISTS `feedbacks`;

CREATE ALGORITHM=UNDEFINED DEFINER=`robintomy2006`@`localhost` SQL SECURITY DEFINER VIEW `feedbacks` AS select `employee`.`emp_id` AS `emp_id`,`employee`.`emp_name` AS `emp_name`,`employee`.`emp_email` AS `emp_email`,`employee`.`emp_region` AS `emp_region`,`schedule`.`sched_id` AS `sched_id`,`schedule`.`sched_date` AS `sched_date`,`schedule`.`sched_time` AS `sched_time`,`schedule`.`sched_activity` AS `sched_activity`,`schedule`.`sched_faculty` AS `sched_faculty`,`schedule`.`sched_region` AS `sched_region`,`region`.`region_name` AS `region_name`,`feed`.`feedid` AS `feedid`,`feed`.`knowledge` AS `knowledge`,`feed`.`articulation` AS `articulation`,`feed`.`time_management` AS `time_management`,`feed`.`interaction` AS `interaction`,`feed`.`quality_of_course` AS `quality_of_course`,`feed`.`course_objective` AS `course_objective`,`feed`.`time` AS `time`,`feed`.`toadd` AS `toadd`,`feed`.`toremove` AS `toremove`,`feed`.`willimplement` AS `willimplement` from (((`employee` join `feed`) join `schedule`) join `region`) where ((`feed`.`scheduleid` = `schedule`.`sched_id`) and (`feed`.`employeeid` = `employee`.`emp_id`) and (`schedule`.`sched_region` = `region`.`region_id`));

-- --------------------------------------------------------

--
-- Structure for view `report_view`
--
DROP TABLE IF EXISTS `report_view`;

CREATE ALGORITHM=UNDEFINED DEFINER=`iD351r3`@`%` SQL SECURITY DEFINER VIEW `report_view` AS select `schedule`.`sched_id` AS `sched_id`,`schedule`.`sched_region` AS `sched_region`,`schedule`.`sched_date` AS `sched_date`,`region`.`region_name` AS `region_name`,`schedule`.`sched_activity` AS `sched_activity`,`schedule`.`sched_faculty` AS `sched_faculty`,`employee`.`emp_id` AS `emp_id`,`employee`.`emp_name` AS `emp_name`,`feedback`.`feed_rating` AS `feed_rating`,`feedback`.`feed_comment` AS `feed_comment` from (((`feedback` left join `schedule` on((`feedback`.`feed_sched` = `schedule`.`sched_id`))) left join `region` on((`schedule`.`sched_region` = `region`.`region_id`))) left join `employee` on((`feedback`.`feed_emp` = `employee`.`emp_id`)));

--
-- Constraints for dumped tables
--

--
-- Constraints for table `employee`
--
ALTER TABLE `employee`
  ADD CONSTRAINT `fk_region` FOREIGN KEY (`emp_region`) REFERENCES `region` (`region_id`) ON DELETE NO ACTION ON UPDATE NO ACTION;

--
-- Constraints for table `feedback`
--
ALTER TABLE `feedback`
  ADD CONSTRAINT `fk_feedemp` FOREIGN KEY (`feed_emp`) REFERENCES `employee` (`emp_id`) ON DELETE NO ACTION ON UPDATE NO ACTION,
  ADD CONSTRAINT `fk_feedsched` FOREIGN KEY (`feed_sched`) REFERENCES `schedule` (`sched_id`) ON DELETE NO ACTION ON UPDATE NO ACTION;

--
-- Constraints for table `schedule`
--
ALTER TABLE `schedule`
  ADD CONSTRAINT `fk_schedregion` FOREIGN KEY (`sched_region`) REFERENCES `region` (`region_id`) ON DELETE NO ACTION ON UPDATE NO ACTION;

/*!40101 SET CHARACTER_SET_CLIENT=@OLD_CHARACTER_SET_CLIENT */;
/*!40101 SET CHARACTER_SET_RESULTS=@OLD_CHARACTER_SET_RESULTS */;
/*!40101 SET COLLATION_CONNECTION=@OLD_COLLATION_CONNECTION */;
